24.333 ; 24.323 ; 24.290 ; 24.211 ; 24.174 ; 24.125 ; 24.118 ; 24.114 ; 24.105 ; 24.050 ; 23.917 ; 23.801 ; 23.786 ; 23.854 ; 23.961 ; 24.041 ; 24.005 ; 23.906 ; 23.812 ; 23.686 ; 23.567 ; 23.418 ; 23.271 ; 23.216 ; 23.197 ; 23.114 ; 23.125 ; 23.152 ; 23.107 ; 23.133 ; 23.240 ; 23.373 ; 23.481 ; 23.508 ; 23.635 ; 23.651 ; 23.660 ; 23.604 ; 23.597 ; 23.750 ; 23.990 ; 24.272 ; 24.544 ; 24.736 ; 24.918 ; 25.049 ; 25.129 ; 25.157 ; 25.186 ; 25.223 ; 25.171 ; 25.155 ; 25.195 ; 25.264 ; 25.384 ; 25.463 ; 25.484 ; 25.585 ; 25.766 ; 25.920 ; 26.027 ; 26.190 ; 26.387 ; 26.564 ; 26.696 ; 26.808 ; 26.931 ; 27.001 ; 27.091 ; 27.267 ; 27.442 ; 27.597 ; 27.773 ; 27.882 ; 27.990 ; 28.082 ; 28.222 ; 28.303 ; 28.388 ; 28.467 ; 28.501 ; 28.578 ; 28.671 ; 28.785 ; 28.889 ; 29.009 ; 29.154 ; 29.249 ; 29.193 ; 29.222 ; 29.255 ; 29.263 ; 29.279 ; 29.338 ; 29.438 ; 29.497 ; 29.504 ; 29.527 ; 29.552 ; 29.576 ; 
24.283 ; 24.291 ; 24.263 ; 24.210 ; 24.174 ; 24.118 ; 24.084 ; 24.078 ; 24.020 ; 24.022 ; 23.900 ; 23.805 ; 23.747 ; 23.857 ; 23.949 ; 23.970 ; 23.943 ; 23.821 ; 23.739 ; 23.648 ; 23.531 ; 23.385 ; 23.250 ; 23.185 ; 23.141 ; 23.132 ; 23.124 ; 23.115 ; 23.129 ; 23.212 ; 23.383 ; 23.444 ; 23.476 ; 23.516 ; 23.590 ; 23.623 ; 23.585 ; 23.528 ; 23.566 ; 23.690 ; 23.956 ; 24.271 ; 24.530 ; 24.719 ; 24.891 ; 25.011 ; 25.114 ; 25.143 ; 25.189 ; 25.219 ; 25.182 ; 25.181 ; 25.232 ; 25.322 ; 25.414 ; 25.442 ; 25.476 ; 25.575 ; 25.758 ; 25.923 ; 26.033 ; 26.194 ; 26.363 ; 26.552 ; 26.686 ; 26.814 ; 26.924 ; 27.011 ; 27.132 ; 27.318 ; 27.516 ; 27.611 ; 27.779 ; 27.870 ; 27.976 ; 28.060 ; 28.188 ; 28.262 ; 28.343 ; 28.388 ; 28.441 ; 28.572 ; 28.708 ; 28.754 ; 28.833 ; 28.977 ; 29.154 ; 29.245 ; 29.226 ; 29.216 ; 29.224 ; 29.223 ; 29.249 ; 29.302 ; 29.365 ; 29.443 ; 29.463 ; 29.482 ; 29.518 ; 29.523 ; 
24.206 ; 24.230 ; 24.176 ; 24.100 ; 24.111 ; 24.053 ; 24.041 ; 24.030 ; 24.028 ; 23.977 ; 23.867 ; 23.770 ; 23.739 ; 23.774 ; 23.848 ; 23.927 ; 23.909 ; 23.821 ; 23.701 ; 23.559 ; 23.446 ; 23.327 ; 23.174 ; 23.123 ; 23.096 ; 23.096 ; 23.096 ; 23.118 ; 23.162 ; 23.333 ; 23.479 ; 23.443 ; 23.444 ; 23.464 ; 23.535 ; 23.536 ; 23.510 ; 23.462 ; 23.529 ; 23.664 ; 23.879 ; 24.206 ; 24.464 ; 24.687 ; 24.842 ; 25.003 ; 25.076 ; 25.114 ; 25.161 ; 25.195 ; 25.207 ; 25.261 ; 25.377 ; 25.417 ; 25.367 ; 25.419 ; 25.456 ; 25.595 ; 25.743 ; 25.904 ; 26.016 ; 26.164 ; 26.362 ; 26.529 ; 26.654 ; 26.756 ; 26.949 ; 27.032 ; 27.152 ; 27.321 ; 27.484 ; 27.634 ; 27.775 ; 27.870 ; 27.935 ; 28.076 ; 28.227 ; 28.287 ; 28.369 ; 28.438 ; 28.502 ; 28.590 ; 28.667 ; 28.718 ; 28.854 ; 29.025 ; 29.147 ; 29.233 ; 29.171 ; 29.166 ; 29.190 ; 29.199 ; 29.218 ; 29.283 ; 29.364 ; 29.435 ; 29.435 ; 29.455 ; 29.490 ; 29.504 ; 
24.285 ; 24.273 ; 24.266 ; 24.210 ; 24.170 ; 24.083 ; 24.051 ; 24.048 ; 24.042 ; 23.989 ; 23.910 ; 23.827 ; 23.783 ; 23.837 ; 23.948 ; 24.007 ; 24.002 ; 23.907 ; 23.772 ; 23.694 ; 23.575 ; 23.393 ; 23.223 ; 23.185 ; 23.160 ; 23.136 ; 23.170 ; 23.231 ; 23.329 ; 23.548 ; 23.671 ; 23.615 ; 23.495 ; 23.502 ; 23.588 ; 23.590 ; 23.534 ; 23.488 ; 23.560 ; 23.679 ; 23.901 ; 24.213 ; 24.509 ; 24.727 ; 24.901 ; 25.039 ; 25.146 ; 25.187 ; 25.235 ; 25.272 ; 25.298 ; 25.385 ; 25.489 ; 25.409 ; 25.316 ; 25.386 ; 25.494 ; 25.625 ; 25.821 ; 25.990 ; 26.089 ; 26.240 ; 26.422 ; 26.605 ; 26.690 ; 26.810 ; 26.973 ; 27.078 ; 27.161 ; 27.327 ; 27.515 ; 27.637 ; 27.827 ; 27.971 ; 28.102 ; 28.164 ; 28.239 ; 28.358 ; 28.441 ; 28.523 ; 28.577 ; 28.612 ; 28.705 ; 28.767 ; 28.901 ; 29.062 ; 29.195 ; 29.289 ; 29.240 ; 29.214 ; 29.260 ; 29.281 ; 29.259 ; 29.345 ; 29.406 ; 29.470 ; 29.479 ; 29.490 ; 29.534 ; 29.539 ; 
24.266 ; 24.259 ; 24.201 ; 24.213 ; 24.161 ; 24.128 ; 24.095 ; 24.118 ; 24.075 ; 24.042 ; 23.961 ; 23.863 ; 23.823 ; 23.867 ; 23.981 ; 24.005 ; 24.016 ; 23.909 ; 23.788 ; 23.704 ; 23.600 ; 23.420 ; 23.281 ; 23.231 ; 23.205 ; 23.175 ; 23.210 ; 23.293 ; 23.463 ; 23.653 ; 23.723 ; 23.698 ; 23.599 ; 23.535 ; 23.559 ; 23.580 ; 23.561 ; 23.523 ; 23.568 ; 23.696 ; 23.917 ; 24.218 ; 24.514 ; 24.745 ; 24.900 ; 25.051 ; 25.143 ; 25.217 ; 25.276 ; 25.343 ; 25.404 ; 25.515 ; 25.499 ; 25.392 ; 25.389 ; 25.434 ; 25.528 ; 25.634 ; 25.823 ; 26.037 ; 26.113 ; 26.276 ; 26.453 ; 26.604 ; 26.675 ; 26.756 ; 26.938 ; 27.054 ; 27.170 ; 27.341 ; 27.520 ; 27.671 ; 27.826 ; 27.989 ; 28.102 ; 28.245 ; 28.345 ; 28.413 ; 28.474 ; 28.566 ; 28.594 ; 28.687 ; 28.767 ; 28.861 ; 28.946 ; 29.117 ; 29.242 ; 29.331 ; 29.322 ; 29.287 ; 29.318 ; 29.356 ; 29.358 ; 29.408 ; 29.484 ; 29.519 ; 29.531 ; 29.525 ; 29.576 ; 29.583 ; 
24.351 ; 24.345 ; 24.349 ; 24.286 ; 24.235 ; 24.179 ; 24.167 ; 24.171 ; 24.151 ; 24.094 ; 23.972 ; 23.904 ; 23.847 ; 23.901 ; 23.949 ; 23.984 ; 24.073 ; 23.986 ; 23.878 ; 23.756 ; 23.637 ; 23.489 ; 23.350 ; 23.279 ; 23.258 ; 23.240 ; 23.276 ; 23.370 ; 23.506 ; 23.565 ; 23.647 ; 23.697 ; 23.719 ; 23.657 ; 23.615 ; 23.590 ; 23.549 ; 23.575 ; 23.620 ; 23.741 ; 23.956 ; 24.245 ; 24.560 ; 24.771 ; 24.934 ; 25.083 ; 25.205 ; 25.258 ; 25.358 ; 25.466 ; 25.618 ; 25.706 ; 25.642 ; 25.564 ; 25.502 ; 25.509 ; 25.594 ; 25.716 ; 25.892 ; 26.073 ; 26.194 ; 26.351 ; 26.514 ; 26.711 ; 26.804 ; 26.893 ; 27.014 ; 27.111 ; 27.181 ; 27.345 ; 27.540 ; 27.698 ; 27.895 ; 28.008 ; 28.096 ; 28.259 ; 28.380 ; 28.448 ; 28.517 ; 28.618 ; 28.662 ; 28.762 ; 28.853 ; 28.913 ; 28.997 ; 29.144 ; 29.308 ; 29.412 ; 29.388 ; 29.359 ; 29.390 ; 29.408 ; 29.404 ; 29.463 ; 29.523 ; 29.586 ; 29.580 ; 29.567 ; 29.588 ; 29.635 ; 
24.316 ; 24.322 ; 24.322 ; 24.274 ; 24.226 ; 24.182 ; 24.154 ; 24.152 ; 24.125 ; 24.045 ; 23.979 ; 23.855 ; 23.796 ; 23.867 ; 24.010 ; 24.059 ; 24.027 ; 23.937 ; 23.837 ; 23.731 ; 23.609 ; 23.470 ; 23.339 ; 23.253 ; 23.217 ; 23.205 ; 23.262 ; 23.316 ; 23.335 ; 23.327 ; 23.438 ; 23.529 ; 23.581 ; 23.616 ; 23.649 ; 23.663 ; 23.574 ; 23.514 ; 23.568 ; 23.690 ; 23.913 ; 24.200 ; 24.474 ; 24.695 ; 24.855 ; 25.027 ; 25.139 ; 25.209 ; 25.331 ; 25.459 ; 25.565 ; 25.619 ; 25.617 ; 25.592 ; 25.489 ; 25.490 ; 25.556 ; 25.669 ; 25.813 ; 26.010 ; 26.104 ; 26.233 ; 26.414 ; 26.602 ; 26.727 ; 26.833 ; 26.931 ; 27.017 ; 27.085 ; 27.228 ; 27.423 ; 27.588 ; 27.769 ; 27.871 ; 27.955 ; 28.146 ; 28.290 ; 28.350 ; 28.434 ; 28.506 ; 28.552 ; 28.627 ; 28.748 ; 28.837 ; 28.902 ; 29.037 ; 29.163 ; 29.276 ; 29.258 ; 29.254 ; 29.258 ; 29.309 ; 29.300 ; 29.344 ; 29.392 ; 29.438 ; 29.467 ; 29.475 ; 29.518 ; 29.529 ; 
24.474 ; 24.474 ; 24.475 ; 24.426 ; 24.390 ; 24.353 ; 24.315 ; 24.331 ; 24.302 ; 24.229 ; 24.145 ; 24.041 ; 23.985 ; 24.023 ; 24.091 ; 24.193 ; 24.218 ; 24.124 ; 24.024 ; 23.895 ; 23.805 ; 23.655 ; 23.508 ; 23.427 ; 23.410 ; 23.373 ; 23.387 ; 23.444 ; 23.471 ; 23.418 ; 23.471 ; 23.554 ; 23.623 ; 23.708 ; 23.800 ; 23.901 ; 23.835 ; 23.722 ; 23.750 ; 23.881 ; 24.112 ; 24.406 ; 24.641 ; 24.867 ; 24.986 ; 25.152 ; 25.310 ; 25.387 ; 25.440 ; 25.494 ; 25.539 ; 25.552 ; 25.630 ; 25.716 ; 25.807 ; 25.802 ; 25.837 ; 25.880 ; 25.994 ; 26.191 ; 26.311 ; 26.426 ; 26.602 ; 26.809 ; 26.924 ; 27.019 ; 27.126 ; 27.214 ; 27.289 ; 27.429 ; 27.596 ; 27.789 ; 27.986 ; 28.111 ; 28.216 ; 28.336 ; 28.453 ; 28.540 ; 28.612 ; 28.729 ; 28.778 ; 28.860 ; 28.982 ; 29.037 ; 29.105 ; 29.244 ; 29.399 ; 29.487 ; 29.485 ; 29.465 ; 29.508 ; 29.523 ; 29.533 ; 29.592 ; 29.617 ; 29.654 ; 29.681 ; 29.691 ; 29.737 ; 29.755 ; 
24.427 ; 24.404 ; 24.401 ; 24.388 ; 24.333 ; 24.291 ; 24.279 ; 24.267 ; 24.284 ; 24.165 ; 23.998 ; 23.984 ; 23.996 ; 24.022 ; 24.103 ; 24.207 ; 24.192 ; 24.126 ; 24.028 ; 23.946 ; 23.845 ; 23.714 ; 23.557 ; 23.453 ; 23.420 ; 23.396 ; 23.400 ; 23.401 ; 23.381 ; 23.388 ; 23.432 ; 23.482 ; 23.551 ; 23.633 ; 23.744 ; 23.894 ; 23.952 ; 23.843 ; 23.835 ; 23.959 ; 24.181 ; 24.456 ; 24.729 ; 24.919 ; 25.049 ; 25.239 ; 25.349 ; 25.423 ; 25.470 ; 25.530 ; 25.560 ; 25.506 ; 25.475 ; 25.573 ; 25.704 ; 25.788 ; 25.871 ; 25.967 ; 26.041 ; 26.242 ; 26.367 ; 26.471 ; 26.680 ; 26.871 ; 26.965 ; 27.110 ; 27.183 ; 27.273 ; 27.380 ; 27.522 ; 27.689 ; 27.854 ; 28.047 ; 28.107 ; 28.228 ; 28.400 ; 28.515 ; 28.632 ; 28.718 ; 28.823 ; 28.841 ; 28.909 ; 29.061 ; 29.124 ; 29.167 ; 29.326 ; 29.470 ; 29.600 ; 29.631 ; 29.552 ; 29.603 ; 29.639 ; 29.620 ; 29.654 ; 29.725 ; 29.766 ; 29.783 ; 29.773 ; 29.837 ; 29.891 ; 
24.604 ; 24.568 ; 24.581 ; 24.539 ; 24.492 ; 24.468 ; 24.449 ; 24.433 ; 24.440 ; 24.373 ; 24.248 ; 24.169 ; 24.125 ; 24.158 ; 24.226 ; 24.299 ; 24.329 ; 24.273 ; 24.175 ; 24.083 ; 23.965 ; 23.838 ; 23.667 ; 23.568 ; 23.534 ; 23.495 ; 23.480 ; 23.470 ; 23.440 ; 23.406 ; 23.462 ; 23.494 ; 23.526 ; 23.604 ; 23.691 ; 23.842 ; 23.959 ; 23.998 ; 23.952 ; 24.058 ; 24.279 ; 24.527 ; 24.742 ; 24.937 ; 25.088 ; 25.249 ; 25.384 ; 25.450 ; 25.441 ; 25.476 ; 25.478 ; 25.444 ; 25.472 ; 25.537 ; 25.618 ; 25.711 ; 25.835 ; 25.933 ; 26.035 ; 26.257 ; 26.369 ; 26.489 ; 26.684 ; 26.876 ; 27.001 ; 27.096 ; 27.194 ; 27.298 ; 27.387 ; 27.496 ; 27.669 ; 27.845 ; 28.042 ; 28.171 ; 28.288 ; 28.404 ; 28.509 ; 28.627 ; 28.687 ; 28.738 ; 28.765 ; 28.917 ; 29.015 ; 29.070 ; 29.130 ; 29.269 ; 29.431 ; 29.555 ; 29.586 ; 29.528 ; 29.566 ; 29.594 ; 29.598 ; 29.643 ; 29.697 ; 29.746 ; 29.761 ; 29.794 ; 29.858 ; 29.897 ; 
24.562 ; 24.566 ; 24.542 ; 24.489 ; 24.440 ; 24.398 ; 24.397 ; 24.388 ; 24.389 ; 24.343 ; 24.262 ; 24.113 ; 24.069 ; 24.119 ; 24.222 ; 24.304 ; 24.300 ; 24.245 ; 24.134 ; 24.062 ; 23.966 ; 23.837 ; 23.689 ; 23.581 ; 23.554 ; 23.467 ; 23.476 ; 23.471 ; 23.436 ; 23.379 ; 23.393 ; 23.432 ; 23.487 ; 23.532 ; 23.628 ; 23.763 ; 23.928 ; 24.099 ; 24.161 ; 24.292 ; 24.560 ; 24.738 ; 24.869 ; 25.003 ; 25.123 ; 25.270 ; 25.372 ; 25.452 ; 25.448 ; 25.491 ; 25.497 ; 25.447 ; 25.452 ; 25.521 ; 25.616 ; 25.708 ; 25.831 ; 25.964 ; 26.066 ; 26.306 ; 26.410 ; 26.539 ; 26.725 ; 26.895 ; 27.050 ; 27.148 ; 27.238 ; 27.357 ; 27.464 ; 27.560 ; 27.738 ; 27.898 ; 28.115 ; 28.277 ; 28.388 ; 28.492 ; 28.638 ; 28.766 ; 28.845 ; 28.897 ; 28.931 ; 29.029 ; 29.134 ; 29.191 ; 29.230 ; 29.371 ; 29.545 ; 29.666 ; 29.714 ; 29.645 ; 29.686 ; 29.739 ; 29.757 ; 29.801 ; 29.854 ; 29.886 ; 29.928 ; 29.910 ; 29.948 ; 29.976 ; 
24.552 ; 24.537 ; 24.551 ; 24.508 ; 24.438 ; 24.408 ; 24.406 ; 24.410 ; 24.371 ; 24.341 ; 24.240 ; 24.145 ; 24.079 ; 24.111 ; 24.231 ; 24.300 ; 24.324 ; 24.277 ; 24.151 ; 24.063 ; 24.004 ; 23.868 ; 23.723 ; 23.604 ; 23.557 ; 23.507 ; 23.471 ; 23.492 ; 23.457 ; 23.371 ; 23.378 ; 23.381 ; 23.436 ; 23.500 ; 23.635 ; 23.760 ; 23.921 ; 24.076 ; 24.256 ; 24.398 ; 24.661 ; 24.838 ; 24.944 ; 25.029 ; 25.131 ; 25.275 ; 25.398 ; 25.476 ; 25.479 ; 25.503 ; 25.503 ; 25.435 ; 25.447 ; 25.507 ; 25.582 ; 25.726 ; 25.863 ; 26.006 ; 26.140 ; 26.320 ; 26.430 ; 26.539 ; 26.749 ; 26.939 ; 27.053 ; 27.132 ; 27.259 ; 27.367 ; 27.452 ; 27.556 ; 27.740 ; 27.909 ; 28.115 ; 28.289 ; 28.401 ; 28.498 ; 28.619 ; 28.735 ; 28.815 ; 28.862 ; 28.905 ; 28.976 ; 29.104 ; 29.183 ; 29.195 ; 29.326 ; 29.518 ; 29.665 ; 29.717 ; 29.646 ; 29.670 ; 29.695 ; 29.717 ; 29.766 ; 29.838 ; 29.881 ; 29.889 ; 29.905 ; 29.955 ; 29.971 ; 
24.650 ; 24.605 ; 24.593 ; 24.579 ; 24.529 ; 24.493 ; 24.463 ; 24.415 ; 24.420 ; 24.376 ; 24.322 ; 24.197 ; 24.149 ; 24.154 ; 24.251 ; 24.348 ; 24.376 ; 24.324 ; 24.204 ; 24.108 ; 24.024 ; 23.901 ; 23.752 ; 23.642 ; 23.587 ; 23.531 ; 23.489 ; 23.526 ; 23.496 ; 23.426 ; 23.415 ; 23.428 ; 23.471 ; 23.505 ; 23.629 ; 23.755 ; 23.907 ; 24.138 ; 24.363 ; 24.568 ; 24.721 ; 24.813 ; 24.940 ; 25.012 ; 25.145 ; 25.286 ; 25.404 ; 25.466 ; 25.460 ; 25.484 ; 25.502 ; 25.430 ; 25.423 ; 25.511 ; 25.583 ; 25.700 ; 25.829 ; 25.984 ; 26.154 ; 26.336 ; 26.432 ; 26.556 ; 26.754 ; 26.954 ; 27.080 ; 27.132 ; 27.224 ; 27.343 ; 27.449 ; 27.548 ; 27.728 ; 27.901 ; 28.107 ; 28.287 ; 28.389 ; 28.473 ; 28.615 ; 28.741 ; 28.809 ; 28.852 ; 28.901 ; 29.002 ; 29.087 ; 29.137 ; 29.195 ; 29.336 ; 29.510 ; 29.635 ; 29.701 ; 29.626 ; 29.662 ; 29.699 ; 29.721 ; 29.749 ; 29.820 ; 29.872 ; 29.923 ; 29.921 ; 29.952 ; 29.979 ; 
24.699 ; 24.689 ; 24.701 ; 24.685 ; 24.631 ; 24.612 ; 24.574 ; 24.538 ; 24.527 ; 24.450 ; 24.374 ; 24.278 ; 24.249 ; 24.235 ; 24.348 ; 24.434 ; 24.443 ; 24.403 ; 24.320 ; 24.218 ; 24.091 ; 24.013 ; 23.862 ; 23.721 ; 23.679 ; 23.639 ; 23.626 ; 23.648 ; 23.631 ; 23.554 ; 23.523 ; 23.550 ; 23.617 ; 23.670 ; 23.759 ; 23.872 ; 24.022 ; 24.271 ; 24.509 ; 24.662 ; 24.788 ; 24.968 ; 25.069 ; 25.151 ; 25.303 ; 25.422 ; 25.516 ; 25.592 ; 25.594 ; 25.625 ; 25.644 ; 25.598 ; 25.599 ; 25.626 ; 25.716 ; 25.841 ; 25.975 ; 26.148 ; 26.297 ; 26.473 ; 26.587 ; 26.702 ; 26.883 ; 27.100 ; 27.233 ; 27.314 ; 27.375 ; 27.479 ; 27.554 ; 27.668 ; 27.867 ; 28.049 ; 28.278 ; 28.443 ; 28.510 ; 28.626 ; 28.739 ; 28.841 ; 28.914 ; 29.017 ; 29.058 ; 29.119 ; 29.209 ; 29.298 ; 29.389 ; 29.480 ; 29.652 ; 29.789 ; 29.868 ; 29.782 ; 29.812 ; 29.854 ; 29.886 ; 29.923 ; 29.959 ; 30.034 ; 30.083 ; 30.094 ; 30.118 ; 30.135 ; 
24.741 ; 24.738 ; 24.720 ; 24.698 ; 24.646 ; 24.631 ; 24.554 ; 24.514 ; 24.532 ; 24.499 ; 24.463 ; 24.365 ; 24.263 ; 24.251 ; 24.351 ; 24.449 ; 24.476 ; 24.444 ; 24.320 ; 24.256 ; 24.157 ; 24.028 ; 23.866 ; 23.720 ; 23.702 ; 23.652 ; 23.631 ; 23.658 ; 23.637 ; 23.563 ; 23.560 ; 23.591 ; 23.652 ; 23.760 ; 23.870 ; 24.004 ; 24.150 ; 24.410 ; 24.563 ; 24.686 ; 24.827 ; 24.986 ; 25.091 ; 25.205 ; 25.361 ; 25.468 ; 25.537 ; 25.598 ; 25.614 ; 25.632 ; 25.661 ; 25.618 ; 25.620 ; 25.672 ; 25.749 ; 25.852 ; 25.996 ; 26.153 ; 26.319 ; 26.469 ; 26.595 ; 26.681 ; 26.862 ; 27.089 ; 27.234 ; 27.321 ; 27.410 ; 27.493 ; 27.562 ; 27.671 ; 27.867 ; 28.054 ; 28.264 ; 28.418 ; 28.524 ; 28.639 ; 28.753 ; 28.848 ; 28.895 ; 28.925 ; 29.083 ; 29.154 ; 29.232 ; 29.339 ; 29.448 ; 29.531 ; 29.657 ; 29.811 ; 29.887 ; 29.846 ; 29.861 ; 29.902 ; 29.923 ; 29.933 ; 30.001 ; 30.076 ; 30.147 ; 30.154 ; 30.161 ; 30.214 ; 
24.828 ; 24.793 ; 24.797 ; 24.758 ; 24.742 ; 24.728 ; 24.698 ; 24.685 ; 24.655 ; 24.637 ; 24.562 ; 24.481 ; 24.410 ; 24.412 ; 24.464 ; 24.556 ; 24.572 ; 24.538 ; 24.434 ; 24.376 ; 24.261 ; 24.119 ; 23.964 ; 23.842 ; 23.802 ; 23.774 ; 23.735 ; 23.740 ; 23.725 ; 23.696 ; 23.772 ; 23.849 ; 23.923 ; 24.011 ; 24.100 ; 24.225 ; 24.422 ; 24.600 ; 24.717 ; 24.797 ; 24.961 ; 25.132 ; 25.236 ; 25.341 ; 25.524 ; 25.686 ; 25.712 ; 25.733 ; 25.758 ; 25.783 ; 25.776 ; 25.742 ; 25.739 ; 25.816 ; 25.907 ; 25.998 ; 26.123 ; 26.270 ; 26.430 ; 26.576 ; 26.690 ; 26.780 ; 26.917 ; 27.183 ; 27.318 ; 27.407 ; 27.509 ; 27.582 ; 27.639 ; 27.738 ; 27.952 ; 28.136 ; 28.344 ; 28.505 ; 28.610 ; 28.722 ; 28.842 ; 28.947 ; 29.023 ; 29.058 ; 29.154 ; 29.238 ; 29.343 ; 29.426 ; 29.517 ; 29.627 ; 29.760 ; 29.898 ; 30.000 ; 29.941 ; 29.940 ; 29.969 ; 29.988 ; 30.002 ; 30.080 ; 30.150 ; 30.203 ; 30.227 ; 30.236 ; 30.262 ; 
24.842 ; 24.809 ; 24.791 ; 24.782 ; 24.770 ; 24.760 ; 24.710 ; 24.690 ; 24.660 ; 24.636 ; 24.611 ; 24.477 ; 24.427 ; 24.465 ; 24.496 ; 24.535 ; 24.604 ; 24.580 ; 24.484 ; 24.396 ; 24.303 ; 24.173 ; 24.016 ; 23.881 ; 23.837 ; 23.806 ; 23.774 ; 23.798 ; 23.813 ; 23.847 ; 23.929 ; 24.057 ; 24.151 ; 24.229 ; 24.342 ; 24.474 ; 24.668 ; 24.807 ; 24.911 ; 24.959 ; 25.051 ; 25.195 ; 25.309 ; 25.459 ; 25.671 ; 25.851 ; 25.949 ; 25.945 ; 25.930 ; 25.944 ; 25.945 ; 25.924 ; 25.908 ; 25.984 ; 26.097 ; 26.191 ; 26.308 ; 26.473 ; 26.607 ; 26.654 ; 26.716 ; 26.807 ; 26.974 ; 27.249 ; 27.384 ; 27.488 ; 27.563 ; 27.670 ; 27.744 ; 27.854 ; 28.013 ; 28.192 ; 28.391 ; 28.564 ; 28.675 ; 28.786 ; 28.891 ; 29.019 ; 29.107 ; 29.181 ; 29.252 ; 29.309 ; 29.374 ; 29.485 ; 29.603 ; 29.693 ; 29.838 ; 29.977 ; 30.082 ; 30.038 ; 30.047 ; 30.067 ; 30.071 ; 30.094 ; 30.190 ; 30.247 ; 30.288 ; 30.310 ; 30.321 ; 30.347 ; 
24.899 ; 24.882 ; 24.892 ; 24.852 ; 24.828 ; 24.795 ; 24.770 ; 24.741 ; 24.722 ; 24.693 ; 24.661 ; 24.560 ; 24.527 ; 24.533 ; 24.535 ; 24.601 ; 24.633 ; 24.618 ; 24.521 ; 24.421 ; 24.315 ; 24.217 ; 24.064 ; 23.929 ; 23.876 ; 23.850 ; 23.849 ; 23.906 ; 23.979 ; 24.042 ; 24.162 ; 24.305 ; 24.384 ; 24.504 ; 24.600 ; 24.775 ; 24.950 ; 25.053 ; 25.098 ; 25.150 ; 25.260 ; 25.372 ; 25.435 ; 25.588 ; 25.786 ; 25.954 ; 26.086 ; 26.232 ; 26.330 ; 26.326 ; 26.285 ; 26.196 ; 26.135 ; 26.168 ; 26.255 ; 26.362 ; 26.535 ; 26.686 ; 26.788 ; 26.814 ; 26.834 ; 26.865 ; 26.980 ; 27.271 ; 27.390 ; 27.492 ; 27.593 ; 27.668 ; 27.750 ; 27.842 ; 27.996 ; 28.148 ; 28.391 ; 28.571 ; 28.657 ; 28.767 ; 28.880 ; 29.002 ; 29.030 ; 29.153 ; 29.230 ; 29.267 ; 29.419 ; 29.523 ; 29.591 ; 29.726 ; 29.852 ; 30.008 ; 30.110 ; 30.074 ; 30.056 ; 30.079 ; 30.112 ; 30.116 ; 30.175 ; 30.255 ; 30.301 ; 30.309 ; 30.323 ; 30.356 ; 
24.902 ; 24.897 ; 24.871 ; 24.871 ; 24.809 ; 24.763 ; 24.752 ; 24.715 ; 24.708 ; 24.683 ; 24.661 ; 24.532 ; 24.487 ; 24.549 ; 24.619 ; 24.644 ; 24.664 ; 24.641 ; 24.537 ; 24.453 ; 24.335 ; 24.217 ; 24.085 ; 23.940 ; 23.900 ; 23.911 ; 23.980 ; 24.115 ; 24.222 ; 24.285 ; 24.374 ; 24.523 ; 24.654 ; 24.812 ; 24.930 ; 25.035 ; 25.123 ; 25.247 ; 25.350 ; 25.404 ; 25.549 ; 25.673 ; 25.679 ; 25.702 ; 25.844 ; 26.030 ; 26.246 ; 26.390 ; 26.454 ; 26.485 ; 26.567 ; 26.491 ; 26.391 ; 26.369 ; 26.418 ; 26.555 ; 26.734 ; 26.901 ; 26.988 ; 27.025 ; 27.085 ; 27.102 ; 27.122 ; 27.282 ; 27.374 ; 27.465 ; 27.538 ; 27.626 ; 27.673 ; 27.814 ; 27.956 ; 28.152 ; 28.325 ; 28.489 ; 28.600 ; 28.736 ; 28.786 ; 28.946 ; 29.045 ; 29.113 ; 29.202 ; 29.233 ; 29.301 ; 29.475 ; 29.594 ; 29.644 ; 29.737 ; 29.905 ; 30.022 ; 30.084 ; 30.073 ; 30.068 ; 30.107 ; 30.119 ; 30.127 ; 30.147 ; 30.200 ; 30.272 ; 30.326 ; 30.348 ; 
24.913 ; 24.892 ; 24.901 ; 24.875 ; 24.838 ; 24.813 ; 24.756 ; 24.727 ; 24.739 ; 24.698 ; 24.654 ; 24.595 ; 24.544 ; 24.612 ; 24.646 ; 24.631 ; 24.641 ; 24.613 ; 24.471 ; 24.434 ; 24.376 ; 24.238 ; 24.113 ; 23.998 ; 23.984 ; 24.004 ; 24.167 ; 24.337 ; 24.443 ; 24.563 ; 24.682 ; 24.840 ; 25.028 ; 25.161 ; 25.229 ; 25.353 ; 25.471 ; 25.545 ; 25.640 ; 25.729 ; 25.865 ; 25.919 ; 25.877 ; 25.869 ; 26.041 ; 26.318 ; 26.538 ; 26.651 ; 26.702 ; 26.727 ; 26.831 ; 26.846 ; 26.680 ; 26.565 ; 26.574 ; 26.733 ; 26.940 ; 27.123 ; 27.241 ; 27.274 ; 27.360 ; 27.424 ; 27.497 ; 27.480 ; 27.485 ; 27.513 ; 27.554 ; 27.608 ; 27.701 ; 27.848 ; 27.969 ; 28.153 ; 28.370 ; 28.521 ; 28.669 ; 28.780 ; 28.885 ; 29.006 ; 29.092 ; 29.193 ; 29.307 ; 29.365 ; 29.424 ; 29.508 ; 29.582 ; 29.745 ; 29.893 ; 30.025 ; 30.135 ; 30.123 ; 30.099 ; 30.123 ; 30.176 ; 30.151 ; 30.190 ; 30.265 ; 30.335 ; 30.369 ; 30.381 ; 30.401 ; 
24.979 ; 24.938 ; 24.924 ; 24.917 ; 24.867 ; 24.834 ; 24.818 ; 24.802 ; 24.790 ; 24.756 ; 24.685 ; 24.595 ; 24.550 ; 24.654 ; 24.765 ; 24.705 ; 24.695 ; 24.618 ; 24.520 ; 24.494 ; 24.431 ; 24.316 ; 24.256 ; 24.242 ; 24.189 ; 24.250 ; 24.421 ; 24.582 ; 24.721 ; 24.855 ; 25.010 ; 25.202 ; 25.356 ; 25.521 ; 25.629 ; 25.716 ; 25.820 ; 25.917 ; 26.023 ; 26.066 ; 26.127 ; 26.176 ; 26.172 ; 26.189 ; 26.394 ; 26.737 ; 26.919 ; 26.974 ; 27.009 ; 27.067 ; 27.177 ; 27.178 ; 27.018 ; 26.914 ; 26.961 ; 27.104 ; 27.251 ; 27.447 ; 27.496 ; 27.564 ; 27.631 ; 27.700 ; 27.719 ; 27.710 ; 27.663 ; 27.613 ; 27.658 ; 27.723 ; 27.798 ; 27.907 ; 28.070 ; 28.247 ; 28.411 ; 28.572 ; 28.713 ; 28.843 ; 28.938 ; 29.070 ; 29.146 ; 29.212 ; 29.249 ; 29.393 ; 29.476 ; 29.578 ; 29.672 ; 29.828 ; 29.936 ; 30.058 ; 30.161 ; 30.153 ; 30.125 ; 30.205 ; 30.240 ; 30.224 ; 30.257 ; 30.348 ; 30.411 ; 30.427 ; 30.423 ; 30.467 ; 
25.021 ; 24.978 ; 24.961 ; 24.957 ; 24.950 ; 24.924 ; 24.892 ; 24.869 ; 24.876 ; 24.850 ; 24.819 ; 24.726 ; 24.692 ; 24.772 ; 24.869 ; 24.876 ; 24.843 ; 24.773 ; 24.695 ; 24.599 ; 24.472 ; 24.394 ; 24.371 ; 24.455 ; 24.552 ; 24.593 ; 24.698 ; 24.809 ; 24.975 ; 25.102 ; 25.256 ; 25.505 ; 25.742 ; 25.880 ; 25.974 ; 26.078 ; 26.166 ; 26.203 ; 26.276 ; 26.380 ; 26.428 ; 26.498 ; 26.577 ; 26.610 ; 26.682 ; 26.808 ; 26.987 ; 27.141 ; 27.258 ; 27.400 ; 27.503 ; 27.502 ; 27.464 ; 27.474 ; 27.560 ; 27.662 ; 27.737 ; 27.760 ; 27.778 ; 27.800 ; 27.832 ; 27.877 ; 27.885 ; 27.821 ; 27.760 ; 27.734 ; 27.752 ; 27.779 ; 27.892 ; 27.959 ; 28.123 ; 28.320 ; 28.459 ; 28.614 ; 28.770 ; 28.915 ; 29.002 ; 29.111 ; 29.226 ; 29.308 ; 29.376 ; 29.445 ; 29.554 ; 29.660 ; 29.750 ; 29.838 ; 29.965 ; 30.108 ; 30.211 ; 30.240 ; 30.204 ; 30.248 ; 30.310 ; 30.316 ; 30.347 ; 30.383 ; 30.429 ; 30.464 ; 30.487 ; 30.511 ; 
25.075 ; 25.042 ; 25.011 ; 25.002 ; 24.992 ; 24.965 ; 24.935 ; 24.932 ; 24.925 ; 24.943 ; 24.973 ; 24.947 ; 24.895 ; 24.913 ; 24.980 ; 25.063 ; 25.070 ; 24.984 ; 24.920 ; 24.791 ; 24.597 ; 24.472 ; 24.318 ; 24.397 ; 24.725 ; 24.983 ; 25.079 ; 25.153 ; 25.279 ; 25.416 ; 25.587 ; 25.837 ; 26.054 ; 26.097 ; 26.211 ; 26.351 ; 26.459 ; 26.459 ; 26.531 ; 26.596 ; 26.649 ; 26.724 ; 26.644 ; 26.656 ; 26.723 ; 26.864 ; 27.022 ; 27.128 ; 27.262 ; 27.364 ; 27.447 ; 27.529 ; 27.624 ; 27.768 ; 28.000 ; 28.201 ; 28.160 ; 28.085 ; 27.992 ; 27.988 ; 28.008 ; 28.004 ; 28.010 ; 27.992 ; 27.931 ; 27.848 ; 27.865 ; 27.854 ; 27.916 ; 28.016 ; 28.164 ; 28.343 ; 28.460 ; 28.659 ; 28.809 ; 28.946 ; 29.046 ; 29.201 ; 29.278 ; 29.350 ; 29.433 ; 29.521 ; 29.595 ; 29.717 ; 29.803 ; 29.880 ; 30.024 ; 30.166 ; 30.258 ; 30.265 ; 30.243 ; 30.298 ; 30.351 ; 30.358 ; 30.389 ; 30.421 ; 30.466 ; 30.521 ; 30.525 ; 30.546 ; 
25.169 ; 25.110 ; 25.108 ; 25.054 ; 24.966 ; 24.991 ; 25.003 ; 25.027 ; 25.024 ; 25.063 ; 25.112 ; 25.127 ; 25.140 ; 25.172 ; 25.260 ; 25.290 ; 25.254 ; 25.243 ; 25.230 ; 25.070 ; 24.846 ; 24.680 ; 24.509 ; 24.541 ; 24.901 ; 25.232 ; 25.478 ; 25.611 ; 25.685 ; 25.766 ; 25.925 ; 26.120 ; 26.286 ; 26.393 ; 26.498 ; 26.675 ; 26.737 ; 26.803 ; 26.853 ; 26.756 ; 26.734 ; 26.771 ; 26.672 ; 26.611 ; 26.722 ; 26.884 ; 26.987 ; 27.147 ; 27.275 ; 27.416 ; 27.474 ; 27.483 ; 27.522 ; 27.699 ; 27.969 ; 28.302 ; 28.505 ; 28.471 ; 28.303 ; 28.268 ; 28.269 ; 28.238 ; 28.246 ; 28.167 ; 28.105 ; 28.014 ; 28.002 ; 27.953 ; 28.010 ; 28.079 ; 28.225 ; 28.394 ; 28.534 ; 28.751 ; 28.858 ; 28.996 ; 29.103 ; 29.267 ; 29.346 ; 29.377 ; 29.461 ; 29.542 ; 29.621 ; 29.764 ; 29.844 ; 29.917 ; 30.051 ; 30.182 ; 30.296 ; 30.347 ; 30.327 ; 30.338 ; 30.394 ; 30.414 ; 30.431 ; 30.463 ; 30.515 ; 30.583 ; 30.587 ; 30.586 ; 
25.180 ; 25.095 ; 25.070 ; 25.064 ; 25.051 ; 25.040 ; 25.010 ; 24.989 ; 25.023 ; 25.097 ; 25.163 ; 25.242 ; 25.310 ; 25.404 ; 25.462 ; 25.493 ; 25.457 ; 25.401 ; 25.365 ; 25.294 ; 25.206 ; 24.967 ; 24.775 ; 24.800 ; 25.033 ; 25.313 ; 25.567 ; 25.865 ; 26.046 ; 26.096 ; 26.264 ; 26.465 ; 26.549 ; 26.690 ; 26.852 ; 26.999 ; 27.079 ; 27.124 ; 27.016 ; 26.752 ; 26.675 ; 26.743 ; 26.662 ; 26.612 ; 26.697 ; 26.853 ; 27.040 ; 27.206 ; 27.301 ; 27.372 ; 27.407 ; 27.435 ; 27.539 ; 27.680 ; 27.939 ; 28.240 ; 28.477 ; 28.662 ; 28.609 ; 28.469 ; 28.440 ; 28.446 ; 28.441 ; 28.385 ; 28.257 ; 28.183 ; 28.170 ; 28.074 ; 28.059 ; 28.119 ; 28.242 ; 28.420 ; 28.576 ; 28.767 ; 28.899 ; 29.064 ; 29.169 ; 29.295 ; 29.400 ; 29.462 ; 29.546 ; 29.594 ; 29.714 ; 29.801 ; 29.877 ; 29.948 ; 30.100 ; 30.227 ; 30.337 ; 30.375 ; 30.360 ; 30.378 ; 30.424 ; 30.449 ; 30.472 ; 30.518 ; 30.586 ; 30.651 ; 30.638 ; 30.633 ; 
25.227 ; 25.157 ; 25.175 ; 25.147 ; 25.119 ; 25.090 ; 25.094 ; 25.131 ; 25.144 ; 25.223 ; 25.307 ; 25.347 ; 25.417 ; 25.569 ; 25.708 ; 25.683 ; 25.574 ; 25.499 ; 25.482 ; 25.463 ; 25.464 ; 25.387 ; 25.272 ; 25.297 ; 25.485 ; 25.631 ; 25.806 ; 26.148 ; 26.392 ; 26.547 ; 26.655 ; 26.816 ; 26.989 ; 27.170 ; 27.305 ; 27.392 ; 27.351 ; 27.300 ; 27.145 ; 26.931 ; 26.816 ; 26.816 ; 26.733 ; 26.703 ; 26.773 ; 26.925 ; 27.092 ; 27.234 ; 27.344 ; 27.434 ; 27.446 ; 27.503 ; 27.603 ; 27.762 ; 28.063 ; 28.383 ; 28.622 ; 28.751 ; 28.785 ; 28.726 ; 28.620 ; 28.521 ; 28.613 ; 28.530 ; 28.412 ; 28.308 ; 28.263 ; 28.149 ; 28.107 ; 28.235 ; 28.348 ; 28.492 ; 28.653 ; 28.829 ; 28.925 ; 29.107 ; 29.191 ; 29.343 ; 29.450 ; 29.543 ; 29.627 ; 29.676 ; 29.730 ; 29.861 ; 29.964 ; 30.052 ; 30.136 ; 30.255 ; 30.371 ; 30.378 ; 30.387 ; 30.430 ; 30.458 ; 30.492 ; 30.518 ; 30.573 ; 30.644 ; 30.702 ; 30.697 ; 30.696 ; 
25.299 ; 25.252 ; 25.224 ; 25.207 ; 25.178 ; 25.145 ; 25.147 ; 25.182 ; 25.247 ; 25.299 ; 25.361 ; 25.428 ; 25.536 ; 25.690 ; 25.786 ; 25.753 ; 25.694 ; 25.663 ; 25.597 ; 25.611 ; 25.626 ; 25.692 ; 25.685 ; 25.715 ; 25.881 ; 26.111 ; 26.363 ; 26.635 ; 26.786 ; 26.864 ; 26.973 ; 27.120 ; 27.317 ; 27.572 ; 27.651 ; 27.502 ; 27.418 ; 27.360 ; 27.238 ; 27.053 ; 26.957 ; 26.921 ; 26.865 ; 26.829 ; 26.835 ; 26.954 ; 27.111 ; 27.278 ; 27.397 ; 27.466 ; 27.452 ; 27.528 ; 27.657 ; 27.818 ; 28.103 ; 28.403 ; 28.585 ; 28.657 ; 28.633 ; 28.645 ; 28.694 ; 28.750 ; 28.767 ; 28.665 ; 28.604 ; 28.538 ; 28.487 ; 28.361 ; 28.216 ; 28.274 ; 28.387 ; 28.577 ; 28.712 ; 28.876 ; 28.995 ; 29.146 ; 29.253 ; 29.381 ; 29.505 ; 29.566 ; 29.633 ; 29.737 ; 29.816 ; 29.927 ; 30.030 ; 30.089 ; 30.184 ; 30.298 ; 30.414 ; 30.474 ; 30.450 ; 30.468 ; 30.499 ; 30.578 ; 30.577 ; 30.663 ; 30.709 ; 30.761 ; 30.767 ; 30.759 ; 
25.359 ; 25.279 ; 25.261 ; 25.256 ; 25.245 ; 25.231 ; 25.237 ; 25.280 ; 25.346 ; 25.401 ; 25.471 ; 25.576 ; 25.671 ; 25.745 ; 25.819 ; 25.846 ; 25.855 ; 25.807 ; 25.752 ; 25.754 ; 25.806 ; 25.932 ; 26.046 ; 26.109 ; 26.274 ; 26.519 ; 26.716 ; 26.973 ; 27.148 ; 27.278 ; 27.386 ; 27.558 ; 27.687 ; 27.688 ; 27.666 ; 27.562 ; 27.508 ; 27.405 ; 27.280 ; 27.084 ; 26.976 ; 27.069 ; 27.013 ; 26.955 ; 26.934 ; 27.052 ; 27.179 ; 27.301 ; 27.418 ; 27.490 ; 27.582 ; 27.650 ; 27.815 ; 28.006 ; 28.225 ; 28.484 ; 28.647 ; 28.583 ; 28.514 ; 28.545 ; 28.657 ; 28.745 ; 28.787 ; 28.810 ; 28.822 ; 28.738 ; 28.695 ; 28.613 ; 28.538 ; 28.441 ; 28.443 ; 28.610 ; 28.768 ; 28.945 ; 29.042 ; 29.183 ; 29.301 ; 29.439 ; 29.530 ; 29.590 ; 29.694 ; 29.787 ; 29.885 ; 29.982 ; 30.045 ; 30.116 ; 30.231 ; 30.369 ; 30.487 ; 30.522 ; 30.506 ; 30.528 ; 30.584 ; 30.630 ; 30.648 ; 30.688 ; 30.753 ; 30.796 ; 30.842 ; 30.822 ; 
25.417 ; 25.348 ; 25.327 ; 25.342 ; 25.306 ; 25.312 ; 25.334 ; 25.401 ; 25.465 ; 25.512 ; 25.608 ; 25.691 ; 25.778 ; 25.821 ; 25.893 ; 25.961 ; 26.003 ; 25.992 ; 25.991 ; 25.994 ; 26.017 ; 26.146 ; 26.275 ; 26.447 ; 26.719 ; 27.016 ; 27.182 ; 27.289 ; 27.433 ; 27.630 ; 27.737 ; 27.854 ; 27.845 ; 27.746 ; 27.658 ; 27.585 ; 27.528 ; 27.504 ; 27.367 ; 27.224 ; 27.153 ; 27.258 ; 27.225 ; 27.145 ; 27.091 ; 27.163 ; 27.209 ; 27.312 ; 27.425 ; 27.560 ; 27.723 ; 27.852 ; 28.017 ; 28.204 ; 28.376 ; 28.530 ; 28.557 ; 28.484 ; 28.460 ; 28.547 ; 28.656 ; 28.717 ; 28.811 ; 28.856 ; 28.910 ; 28.942 ; 28.935 ; 28.892 ; 28.794 ; 28.577 ; 28.510 ; 28.643 ; 28.792 ; 28.993 ; 29.072 ; 29.204 ; 29.321 ; 29.437 ; 29.547 ; 29.621 ; 29.744 ; 29.822 ; 29.918 ; 30.004 ; 30.084 ; 30.136 ; 30.233 ; 30.380 ; 30.517 ; 30.568 ; 30.519 ; 30.567 ; 30.626 ; 30.670 ; 30.667 ; 30.720 ; 30.813 ; 30.851 ; 30.882 ; 30.880 ; 
25.448 ; 25.391 ; 25.374 ; 25.387 ; 25.360 ; 25.417 ; 25.469 ; 25.543 ; 25.589 ; 25.635 ; 25.726 ; 25.808 ; 25.876 ; 25.957 ; 26.003 ; 26.039 ; 26.098 ; 26.156 ; 26.185 ; 26.274 ; 26.316 ; 26.439 ; 26.614 ; 26.795 ; 27.146 ; 27.443 ; 27.545 ; 27.593 ; 27.612 ; 27.761 ; 27.894 ; 27.956 ; 27.926 ; 27.737 ; 27.617 ; 27.599 ; 27.576 ; 27.541 ; 27.478 ; 27.398 ; 27.348 ; 27.428 ; 27.370 ; 27.281 ; 27.277 ; 27.281 ; 27.275 ; 27.367 ; 27.501 ; 27.660 ; 27.869 ; 28.078 ; 28.253 ; 28.461 ; 28.581 ; 28.581 ; 28.510 ; 28.438 ; 28.446 ; 28.542 ; 28.619 ; 28.710 ; 28.796 ; 28.882 ; 28.935 ; 28.984 ; 29.067 ; 29.042 ; 28.962 ; 28.861 ; 28.641 ; 28.673 ; 28.882 ; 29.058 ; 29.129 ; 29.269 ; 29.355 ; 29.482 ; 29.580 ; 29.608 ; 29.620 ; 29.729 ; 29.883 ; 30.007 ; 30.117 ; 30.187 ; 30.294 ; 30.417 ; 30.574 ; 30.634 ; 30.603 ; 30.603 ; 30.651 ; 30.685 ; 30.720 ; 30.751 ; 30.832 ; 30.886 ; 30.934 ; 30.923 ; 
25.509 ; 25.434 ; 25.392 ; 25.465 ; 25.465 ; 25.520 ; 25.586 ; 25.669 ; 25.720 ; 25.783 ; 25.855 ; 25.881 ; 25.902 ; 25.945 ; 26.010 ; 26.043 ; 26.142 ; 26.257 ; 26.368 ; 26.539 ; 26.700 ; 26.839 ; 26.983 ; 27.241 ; 27.570 ; 27.800 ; 27.864 ; 27.881 ; 27.918 ; 27.981 ; 28.047 ; 28.134 ; 27.980 ; 27.805 ; 27.666 ; 27.553 ; 27.521 ; 27.521 ; 27.519 ; 27.528 ; 27.523 ; 27.493 ; 27.466 ; 27.382 ; 27.289 ; 27.327 ; 27.403 ; 27.450 ; 27.583 ; 27.796 ; 28.039 ; 28.277 ; 28.411 ; 28.595 ; 28.688 ; 28.553 ; 28.413 ; 28.374 ; 28.411 ; 28.540 ; 28.646 ; 28.731 ; 28.790 ; 28.856 ; 28.921 ; 29.018 ; 29.147 ; 29.283 ; 29.273 ; 29.166 ; 28.886 ; 28.677 ; 28.853 ; 29.034 ; 29.120 ; 29.257 ; 29.377 ; 29.504 ; 29.588 ; 29.613 ; 29.656 ; 29.763 ; 29.887 ; 30.000 ; 30.061 ; 30.205 ; 30.298 ; 30.444 ; 30.593 ; 30.658 ; 30.599 ; 30.620 ; 30.666 ; 30.720 ; 30.731 ; 30.773 ; 30.857 ; 30.899 ; 30.939 ; 30.951 ; 
25.506 ; 25.439 ; 25.433 ; 25.497 ; 25.560 ; 25.600 ; 25.644 ; 25.690 ; 25.761 ; 25.795 ; 25.802 ; 25.814 ; 25.833 ; 25.858 ; 25.935 ; 26.066 ; 26.215 ; 26.379 ; 26.604 ; 26.932 ; 27.078 ; 27.109 ; 27.327 ; 27.580 ; 27.846 ; 28.045 ; 28.119 ; 28.153 ; 28.167 ; 28.189 ; 28.226 ; 28.190 ; 28.085 ; 27.938 ; 27.814 ; 27.640 ; 27.485 ; 27.422 ; 27.454 ; 27.425 ; 27.361 ; 27.392 ; 27.472 ; 27.387 ; 27.235 ; 27.284 ; 27.461 ; 27.584 ; 27.768 ; 28.013 ; 28.232 ; 28.423 ; 28.566 ; 28.729 ; 28.841 ; 28.694 ; 28.538 ; 28.481 ; 28.563 ; 28.683 ; 28.762 ; 28.780 ; 28.811 ; 28.901 ; 28.931 ; 29.019 ; 29.124 ; 29.259 ; 29.364 ; 29.320 ; 29.130 ; 28.892 ; 28.916 ; 29.119 ; 29.192 ; 29.324 ; 29.394 ; 29.499 ; 29.586 ; 29.613 ; 29.621 ; 29.779 ; 29.898 ; 30.022 ; 30.096 ; 30.167 ; 30.303 ; 30.464 ; 30.632 ; 30.728 ; 30.651 ; 30.664 ; 30.719 ; 30.781 ; 30.811 ; 30.823 ; 30.898 ; 30.943 ; 30.988 ; 31.010 ; 
25.438 ; 25.428 ; 25.457 ; 25.524 ; 25.558 ; 25.619 ; 25.649 ; 25.669 ; 25.668 ; 25.641 ; 25.601 ; 25.655 ; 25.730 ; 25.813 ; 25.929 ; 26.089 ; 26.300 ; 26.503 ; 26.801 ; 27.186 ; 27.396 ; 27.413 ; 27.552 ; 27.797 ; 27.980 ; 28.226 ; 28.306 ; 28.318 ; 28.352 ; 28.357 ; 28.342 ; 28.308 ; 28.283 ; 28.145 ; 27.934 ; 27.712 ; 27.495 ; 27.458 ; 27.441 ; 27.413 ; 27.405 ; 27.396 ; 27.263 ; 27.148 ; 27.056 ; 27.209 ; 27.519 ; 27.692 ; 27.878 ; 28.086 ; 28.297 ; 28.496 ; 28.628 ; 28.726 ; 28.813 ; 28.713 ; 28.639 ; 28.557 ; 28.655 ; 28.775 ; 28.849 ; 28.897 ; 28.899 ; 28.932 ; 28.940 ; 28.989 ; 29.074 ; 29.217 ; 29.303 ; 29.303 ; 29.284 ; 29.093 ; 28.959 ; 29.120 ; 29.214 ; 29.309 ; 29.400 ; 29.523 ; 29.615 ; 29.676 ; 29.718 ; 29.794 ; 29.905 ; 30.003 ; 30.088 ; 30.179 ; 30.309 ; 30.454 ; 30.629 ; 30.707 ; 30.635 ; 30.627 ; 30.673 ; 30.731 ; 30.757 ; 30.850 ; 30.915 ; 30.971 ; 31.010 ; 31.025 ; 
25.496 ; 25.477 ; 25.439 ; 25.501 ; 25.563 ; 25.540 ; 25.580 ; 25.647 ; 25.655 ; 25.562 ; 25.479 ; 25.524 ; 25.646 ; 25.796 ; 25.978 ; 26.182 ; 26.398 ; 26.615 ; 26.968 ; 27.349 ; 27.581 ; 27.569 ; 27.737 ; 28.029 ; 28.179 ; 28.364 ; 28.462 ; 28.517 ; 28.545 ; 28.533 ; 28.515 ; 28.515 ; 28.506 ; 28.343 ; 28.119 ; 27.864 ; 27.626 ; 27.510 ; 27.430 ; 27.359 ; 27.317 ; 27.341 ; 27.250 ; 27.104 ; 27.056 ; 27.296 ; 27.578 ; 27.806 ; 28.070 ; 28.296 ; 28.477 ; 28.673 ; 28.760 ; 28.731 ; 28.630 ; 28.549 ; 28.684 ; 28.767 ; 28.835 ; 28.938 ; 29.015 ; 29.024 ; 28.982 ; 28.976 ; 28.947 ; 28.980 ; 29.083 ; 29.232 ; 29.364 ; 29.470 ; 29.454 ; 29.364 ; 29.202 ; 29.209 ; 29.315 ; 29.389 ; 29.486 ; 29.578 ; 29.677 ; 29.726 ; 29.820 ; 29.895 ; 29.989 ; 30.057 ; 30.077 ; 30.206 ; 30.341 ; 30.509 ; 30.679 ; 30.763 ; 30.693 ; 30.676 ; 30.695 ; 30.763 ; 30.799 ; 30.908 ; 30.979 ; 31.043 ; 31.093 ; 31.099 ; 
25.568 ; 25.533 ; 25.530 ; 25.527 ; 25.543 ; 25.557 ; 25.582 ; 25.594 ; 25.571 ; 25.511 ; 25.479 ; 25.538 ; 25.662 ; 25.828 ; 26.037 ; 26.276 ; 26.525 ; 26.742 ; 27.001 ; 27.216 ; 27.376 ; 27.509 ; 27.652 ; 27.958 ; 28.146 ; 28.344 ; 28.563 ; 28.661 ; 28.785 ; 28.846 ; 28.871 ; 28.859 ; 28.722 ; 28.516 ; 28.301 ; 28.104 ; 27.839 ; 27.663 ; 27.562 ; 27.492 ; 27.454 ; 27.336 ; 27.181 ; 27.081 ; 27.111 ; 27.331 ; 27.706 ; 28.049 ; 28.290 ; 28.467 ; 28.566 ; 28.813 ; 28.862 ; 28.794 ; 28.626 ; 28.622 ; 28.735 ; 28.797 ; 28.916 ; 29.030 ; 29.079 ; 29.142 ; 29.131 ; 29.064 ; 29.037 ; 29.055 ; 29.106 ; 29.205 ; 29.314 ; 29.427 ; 29.485 ; 29.493 ; 29.460 ; 29.339 ; 29.393 ; 29.449 ; 29.551 ; 29.654 ; 29.715 ; 29.737 ; 29.770 ; 29.912 ; 29.997 ; 30.080 ; 30.110 ; 30.233 ; 30.419 ; 30.564 ; 30.738 ; 30.800 ; 30.785 ; 30.728 ; 30.793 ; 30.850 ; 30.881 ; 30.954 ; 31.023 ; 31.106 ; 31.148 ; 31.175 ; 
25.581 ; 25.575 ; 25.568 ; 25.555 ; 25.525 ; 25.506 ; 25.561 ; 25.586 ; 25.580 ; 25.494 ; 25.429 ; 25.533 ; 25.650 ; 25.832 ; 25.979 ; 26.163 ; 26.346 ; 26.662 ; 26.986 ; 27.052 ; 27.111 ; 27.244 ; 27.416 ; 27.639 ; 27.855 ; 28.182 ; 28.538 ; 28.763 ; 28.908 ; 29.061 ; 29.175 ; 29.135 ; 28.908 ; 28.661 ; 28.466 ; 28.289 ; 28.030 ; 27.816 ; 27.618 ; 27.479 ; 27.316 ; 27.306 ; 27.310 ; 27.246 ; 27.213 ; 27.411 ; 27.789 ; 28.219 ; 28.509 ; 28.692 ; 28.808 ; 28.951 ; 28.905 ; 28.724 ; 28.495 ; 28.503 ; 28.702 ; 28.797 ; 28.848 ; 28.931 ; 28.977 ; 29.045 ; 29.113 ; 29.120 ; 29.011 ; 28.962 ; 29.076 ; 29.163 ; 29.289 ; 29.245 ; 29.192 ; 29.161 ; 29.043 ; 29.119 ; 29.275 ; 29.368 ; 29.494 ; 29.604 ; 29.696 ; 29.718 ; 29.725 ; 29.837 ; 29.929 ; 30.050 ; 30.156 ; 30.225 ; 30.309 ; 30.464 ; 30.618 ; 30.745 ; 30.861 ; 30.854 ; 30.759 ; 30.800 ; 30.867 ; 30.888 ; 30.930 ; 30.989 ; 31.060 ; 31.100 ; 
25.660 ; 25.642 ; 25.618 ; 25.619 ; 25.568 ; 25.525 ; 25.556 ; 25.563 ; 25.597 ; 25.577 ; 25.556 ; 25.601 ; 25.741 ; 25.945 ; 26.001 ; 25.982 ; 26.087 ; 26.596 ; 26.934 ; 26.872 ; 26.868 ; 26.924 ; 27.029 ; 27.222 ; 27.447 ; 27.664 ; 27.969 ; 28.246 ; 28.486 ; 28.748 ; 28.931 ; 28.956 ; 28.963 ; 28.785 ; 28.518 ; 28.342 ; 28.242 ; 27.998 ; 27.785 ; 27.585 ; 27.482 ; 27.521 ; 27.548 ; 27.587 ; 27.671 ; 27.828 ; 28.146 ; 28.563 ; 28.842 ; 29.033 ; 29.129 ; 29.142 ; 29.070 ; 28.864 ; 28.663 ; 28.649 ; 28.730 ; 28.779 ; 28.891 ; 28.964 ; 29.043 ; 29.101 ; 29.147 ; 29.124 ; 29.070 ; 29.070 ; 29.165 ; 29.169 ; 29.113 ; 29.024 ; 28.975 ; 28.932 ; 29.043 ; 29.171 ; 29.321 ; 29.498 ; 29.607 ; 29.706 ; 29.825 ; 29.822 ; 29.910 ; 30.013 ; 30.092 ; 30.212 ; 30.315 ; 30.408 ; 30.498 ; 30.627 ; 30.836 ; 30.971 ; 30.989 ; 30.909 ; 30.964 ; 31.068 ; 31.077 ; 31.090 ; 31.158 ; 31.218 ; 31.271 ; 31.315 ; 
25.677 ; 25.647 ; 25.642 ; 25.644 ; 25.628 ; 25.576 ; 25.561 ; 25.533 ; 25.576 ; 25.622 ; 25.628 ; 25.722 ; 25.786 ; 25.840 ; 25.570 ; 25.304 ; 25.438 ; 25.797 ; 26.116 ; 26.228 ; 26.467 ; 26.575 ; 26.557 ; 26.687 ; 26.928 ; 27.220 ; 27.553 ; 27.860 ; 28.106 ; 28.291 ; 28.539 ; 28.680 ; 28.774 ; 28.853 ; 28.718 ; 28.501 ; 28.339 ; 28.124 ; 27.888 ; 27.729 ; 27.670 ; 27.685 ; 27.804 ; 27.873 ; 27.974 ; 28.100 ; 28.429 ; 28.842 ; 29.125 ; 29.271 ; 29.312 ; 29.330 ; 29.276 ; 29.100 ; 28.919 ; 28.841 ; 28.778 ; 28.798 ; 28.899 ; 28.954 ; 29.021 ; 29.095 ; 29.177 ; 29.163 ; 29.074 ; 29.153 ; 29.159 ; 29.048 ; 28.988 ; 28.931 ; 28.882 ; 28.919 ; 29.046 ; 29.210 ; 29.353 ; 29.519 ; 29.635 ; 29.712 ; 29.866 ; 29.887 ; 29.952 ; 30.049 ; 30.135 ; 30.246 ; 30.362 ; 30.469 ; 30.564 ; 30.714 ; 30.866 ; 31.008 ; 31.013 ; 31.020 ; 31.123 ; 31.199 ; 31.212 ; 31.132 ; 31.198 ; 31.277 ; 31.335 ; 31.378 ; 
25.674 ; 25.636 ; 25.623 ; 25.617 ; 25.600 ; 25.552 ; 25.531 ; 25.511 ; 25.512 ; 25.567 ; 25.543 ; 25.525 ; 25.539 ; 25.415 ; 25.245 ; 25.219 ; 25.261 ; 25.360 ; 25.516 ; 26.019 ; 26.028 ; 26.160 ; 26.202 ; 26.320 ; 26.529 ; 26.835 ; 27.161 ; 27.448 ; 27.680 ; 27.784 ; 27.959 ; 28.069 ; 28.227 ; 28.506 ; 28.729 ; 28.625 ; 28.398 ; 28.131 ; 27.907 ; 27.771 ; 27.732 ; 27.757 ; 27.839 ; 27.933 ; 28.060 ; 28.222 ; 28.553 ; 28.990 ; 29.278 ; 29.382 ; 29.406 ; 29.402 ; 29.240 ; 29.014 ; 28.781 ; 28.634 ; 28.616 ; 28.683 ; 28.745 ; 28.824 ; 28.907 ; 28.986 ; 29.062 ; 29.099 ; 29.061 ; 28.994 ; 28.885 ; 28.738 ; 28.625 ; 28.632 ; 28.658 ; 28.725 ; 28.841 ; 29.033 ; 29.180 ; 29.322 ; 29.481 ; 29.619 ; 29.730 ; 29.738 ; 29.781 ; 29.909 ; 30.010 ; 30.118 ; 30.227 ; 30.317 ; 30.348 ; 30.469 ; 30.678 ; 30.811 ; 30.868 ; 30.851 ; 30.934 ; 31.044 ; 30.983 ; 30.971 ; 31.039 ; 31.113 ; 31.167 ; 31.203 ; 
25.826 ; 25.819 ; 25.796 ; 25.800 ; 25.767 ; 25.729 ; 25.705 ; 25.662 ; 25.643 ; 25.643 ; 25.638 ; 25.643 ; 25.588 ; 25.451 ; 25.313 ; 25.315 ; 25.396 ; 25.483 ; 25.506 ; 25.568 ; 25.801 ; 26.109 ; 26.279 ; 26.446 ; 26.612 ; 26.876 ; 27.136 ; 27.394 ; 27.619 ; 27.772 ; 27.935 ; 28.013 ; 28.081 ; 28.306 ; 28.667 ; 28.956 ; 28.828 ; 28.534 ; 28.296 ; 28.127 ; 28.100 ; 28.158 ; 28.241 ; 28.350 ; 28.475 ; 28.655 ; 28.938 ; 29.408 ; 29.756 ; 29.805 ; 29.799 ; 29.738 ; 29.456 ; 29.147 ; 28.890 ; 28.806 ; 28.825 ; 28.968 ; 29.034 ; 29.123 ; 29.196 ; 29.315 ; 29.419 ; 29.432 ; 29.414 ; 29.211 ; 28.980 ; 28.864 ; 28.786 ; 28.816 ; 28.865 ; 28.972 ; 29.097 ; 29.248 ; 29.382 ; 29.536 ; 29.720 ; 29.844 ; 29.927 ; 29.939 ; 30.015 ; 30.118 ; 30.173 ; 30.298 ; 30.430 ; 30.509 ; 30.575 ; 30.724 ; 30.886 ; 31.096 ; 31.182 ; 31.168 ; 31.222 ; 31.223 ; 31.213 ; 31.205 ; 31.295 ; 31.354 ; 31.401 ; 31.431 ; 
25.890 ; 25.831 ; 25.816 ; 25.827 ; 25.846 ; 25.812 ; 25.782 ; 25.690 ; 25.677 ; 25.643 ; 25.617 ; 25.567 ; 25.536 ; 25.434 ; 25.378 ; 25.395 ; 25.460 ; 25.488 ; 25.481 ; 25.555 ; 25.748 ; 26.078 ; 26.172 ; 26.373 ; 26.753 ; 26.939 ; 27.194 ; 27.431 ; 27.664 ; 27.885 ; 28.012 ; 28.017 ; 28.004 ; 28.164 ; 28.514 ; 28.905 ; 29.089 ; 28.908 ; 28.575 ; 28.444 ; 28.431 ; 28.416 ; 28.252 ; 28.090 ; 28.544 ; 28.787 ; 29.131 ; 29.654 ; 30.027 ; 30.104 ; 30.077 ; 29.973 ; 29.709 ; 29.337 ; 29.060 ; 28.946 ; 28.981 ; 29.132 ; 29.247 ; 29.345 ; 29.406 ; 29.426 ; 29.387 ; 29.353 ; 29.247 ; 29.106 ; 28.933 ; 28.760 ; 28.782 ; 28.849 ; 28.914 ; 29.029 ; 29.156 ; 29.316 ; 29.457 ; 29.620 ; 29.780 ; 29.904 ; 29.982 ; 30.004 ; 30.047 ; 30.221 ; 30.344 ; 30.467 ; 30.584 ; 30.628 ; 30.657 ; 30.793 ; 30.985 ; 31.160 ; 31.225 ; 31.210 ; 31.291 ; 31.291 ; 31.279 ; 31.290 ; 31.356 ; 31.412 ; 31.480 ; 31.486 ; 
25.904 ; 25.840 ; 25.804 ; 25.822 ; 25.810 ; 25.822 ; 25.789 ; 25.735 ; 25.690 ; 25.692 ; 25.660 ; 25.614 ; 25.545 ; 25.398 ; 25.373 ; 25.392 ; 25.441 ; 25.503 ; 25.505 ; 25.527 ; 25.653 ; 25.953 ; 26.197 ; 26.452 ; 26.690 ; 26.982 ; 27.186 ; 27.391 ; 27.612 ; 27.768 ; 27.840 ; 27.846 ; 27.904 ; 28.110 ; 28.407 ; 28.782 ; 29.033 ; 29.142 ; 29.056 ; 28.831 ; 28.725 ; 28.602 ; 28.420 ; 28.428 ; 28.675 ; 28.925 ; 29.313 ; 29.700 ; 29.981 ; 30.172 ; 30.163 ; 29.983 ; 29.749 ; 29.546 ; 29.276 ; 29.120 ; 29.044 ; 29.159 ; 29.253 ; 29.251 ; 29.222 ; 29.129 ; 29.052 ; 28.960 ; 28.739 ; 28.559 ; 28.561 ; 28.662 ; 28.787 ; 28.871 ; 28.928 ; 29.026 ; 29.141 ; 29.281 ; 29.455 ; 29.602 ; 29.745 ; 29.885 ; 30.013 ; 30.086 ; 30.088 ; 30.203 ; 30.338 ; 30.478 ; 30.609 ; 30.663 ; 30.693 ; 30.829 ; 31.002 ; 31.056 ; 31.123 ; 31.180 ; 31.205 ; 31.230 ; 31.264 ; 31.292 ; 31.353 ; 31.424 ; 31.469 ; 31.485 ; 
25.918 ; 25.870 ; 25.835 ; 25.840 ; 25.833 ; 25.820 ; 25.794 ; 25.753 ; 25.733 ; 25.702 ; 25.643 ; 25.637 ; 25.545 ; 25.386 ; 25.342 ; 25.380 ; 25.447 ; 25.488 ; 25.482 ; 25.479 ; 25.562 ; 25.837 ; 26.196 ; 26.408 ; 26.710 ; 26.889 ; 27.023 ; 27.224 ; 27.394 ; 27.510 ; 27.580 ; 27.666 ; 27.749 ; 27.926 ; 28.215 ; 28.581 ; 28.873 ; 29.051 ; 29.156 ; 29.234 ; 29.107 ; 28.779 ; 28.489 ; 28.579 ; 28.911 ; 29.095 ; 29.359 ; 29.678 ; 29.948 ; 30.076 ; 30.052 ; 29.835 ; 29.623 ; 29.554 ; 29.405 ; 29.244 ; 29.104 ; 29.091 ; 29.137 ; 28.996 ; 28.803 ; 28.751 ; 28.643 ; 28.361 ; 28.251 ; 28.446 ; 28.510 ; 28.625 ; 28.768 ; 28.812 ; 28.873 ; 28.995 ; 29.098 ; 29.214 ; 29.414 ; 29.572 ; 29.721 ; 29.844 ; 29.969 ; 30.055 ; 30.068 ; 30.157 ; 30.290 ; 30.430 ; 30.544 ; 30.608 ; 30.677 ; 30.763 ; 30.915 ; 31.011 ; 31.186 ; 31.187 ; 31.206 ; 31.226 ; 31.243 ; 31.262 ; 31.305 ; 31.381 ; 31.444 ; 31.474 ; 
25.921 ; 25.938 ; 25.880 ; 25.870 ; 25.930 ; 25.908 ; 25.887 ; 25.831 ; 25.796 ; 25.778 ; 25.683 ; 25.669 ; 25.607 ; 25.476 ; 25.430 ; 25.471 ; 25.521 ; 25.563 ; 25.565 ; 25.563 ; 25.593 ; 25.833 ; 26.244 ; 26.538 ; 26.789 ; 26.952 ; 27.096 ; 27.179 ; 27.261 ; 27.376 ; 27.483 ; 27.605 ; 27.713 ; 27.845 ; 28.119 ; 28.450 ; 28.774 ; 28.940 ; 29.052 ; 29.270 ; 29.422 ; 29.301 ; 29.094 ; 29.131 ; 29.269 ; 29.401 ; 29.512 ; 29.742 ; 29.958 ; 30.080 ; 30.073 ; 29.899 ; 29.742 ; 29.669 ; 29.510 ; 29.439 ; 29.222 ; 29.158 ; 29.064 ; 28.828 ; 28.656 ; 28.468 ; 28.270 ; 28.127 ; 28.321 ; 28.462 ; 28.523 ; 28.724 ; 28.878 ; 28.954 ; 29.019 ; 29.081 ; 29.169 ; 29.333 ; 29.515 ; 29.640 ; 29.816 ; 29.936 ; 30.047 ; 30.132 ; 30.141 ; 30.258 ; 30.393 ; 30.483 ; 30.586 ; 30.640 ; 30.811 ; 30.934 ; 31.019 ; 31.099 ; 31.198 ; 31.259 ; 31.265 ; 31.295 ; 31.330 ; 31.360 ; 31.382 ; 31.468 ; 31.516 ; 31.562 ; 
26.058 ; 26.041 ; 25.980 ; 25.994 ; 26.053 ; 26.030 ; 25.969 ; 25.918 ; 25.945 ; 25.888 ; 25.833 ; 25.806 ; 25.758 ; 25.606 ; 25.534 ; 25.571 ; 25.636 ; 25.684 ; 25.704 ; 25.662 ; 25.641 ; 25.874 ; 26.273 ; 26.525 ; 26.759 ; 26.975 ; 27.170 ; 27.259 ; 27.289 ; 27.443 ; 27.559 ; 27.660 ; 27.762 ; 27.873 ; 28.019 ; 28.290 ; 28.585 ; 28.773 ; 28.923 ; 29.175 ; 29.423 ; 29.359 ; 29.303 ; 29.381 ; 29.463 ; 29.546 ; 29.688 ; 29.883 ; 29.990 ; 30.027 ; 29.864 ; 29.627 ; 29.708 ; 29.699 ; 29.602 ; 29.512 ; 29.393 ; 29.180 ; 28.971 ; 28.749 ; 28.534 ; 28.309 ; 28.121 ; 28.190 ; 28.386 ; 28.524 ; 28.619 ; 28.798 ; 28.969 ; 29.067 ; 29.155 ; 29.195 ; 29.272 ; 29.413 ; 29.577 ; 29.714 ; 29.854 ; 29.972 ; 30.080 ; 30.221 ; 30.309 ; 30.414 ; 30.518 ; 30.559 ; 30.657 ; 30.776 ; 30.894 ; 31.020 ; 31.119 ; 31.236 ; 31.328 ; 31.302 ; 31.318 ; 31.361 ; 31.412 ; 31.424 ; 31.463 ; 31.523 ; 31.611 ; 31.640 ; 
26.128 ; 26.150 ; 26.109 ; 26.141 ; 26.148 ; 26.119 ; 26.117 ; 26.104 ; 26.046 ; 25.988 ; 25.949 ; 25.950 ; 25.870 ; 25.737 ; 25.634 ; 25.667 ; 25.747 ; 25.802 ; 25.794 ; 25.772 ; 25.751 ; 25.929 ; 26.297 ; 26.543 ; 26.758 ; 26.940 ; 27.157 ; 27.294 ; 27.391 ; 27.525 ; 27.630 ; 27.736 ; 27.851 ; 27.913 ; 28.000 ; 28.214 ; 28.405 ; 28.515 ; 28.638 ; 28.983 ; 29.326 ; 29.418 ; 29.340 ; 29.455 ; 29.595 ; 29.672 ; 29.800 ; 29.976 ; 29.994 ; 29.879 ; 29.750 ; 29.643 ; 29.711 ; 29.731 ; 29.705 ; 29.609 ; 29.425 ; 29.206 ; 28.956 ; 28.743 ; 28.534 ; 28.301 ; 28.195 ; 28.312 ; 28.475 ; 28.625 ; 28.760 ; 28.945 ; 29.106 ; 29.160 ; 29.238 ; 29.303 ; 29.425 ; 29.548 ; 29.654 ; 29.772 ; 29.952 ; 30.070 ; 30.221 ; 30.353 ; 30.412 ; 30.495 ; 30.550 ; 30.651 ; 30.707 ; 30.832 ; 31.039 ; 31.218 ; 31.255 ; 31.364 ; 31.442 ; 31.424 ; 31.439 ; 31.471 ; 31.522 ; 31.523 ; 31.591 ; 31.659 ; 31.715 ; 31.766 ; 
26.178 ; 26.177 ; 26.189 ; 26.206 ; 26.200 ; 26.187 ; 26.168 ; 26.122 ; 26.064 ; 26.013 ; 25.972 ; 25.962 ; 25.893 ; 25.775 ; 25.663 ; 25.698 ; 25.761 ; 25.835 ; 25.852 ; 25.806 ; 25.765 ; 25.912 ; 26.222 ; 26.509 ; 26.653 ; 26.768 ; 26.986 ; 27.130 ; 27.229 ; 27.367 ; 27.515 ; 27.699 ; 27.798 ; 27.805 ; 27.873 ; 27.984 ; 28.086 ; 28.145 ; 28.321 ; 28.641 ; 29.116 ; 29.399 ; 29.437 ; 29.493 ; 29.576 ; 29.660 ; 29.744 ; 29.726 ; 29.591 ; 29.390 ; 29.324 ; 29.515 ; 29.610 ; 29.516 ; 29.376 ; 29.379 ; 29.340 ; 29.115 ; 28.870 ; 28.633 ; 28.429 ; 28.257 ; 28.213 ; 28.334 ; 28.504 ; 28.656 ; 28.817 ; 28.989 ; 29.152 ; 29.192 ; 29.257 ; 29.310 ; 29.448 ; 29.546 ; 29.658 ; 29.832 ; 29.998 ; 30.093 ; 30.245 ; 30.371 ; 30.445 ; 30.561 ; 30.620 ; 30.719 ; 30.856 ; 30.961 ; 31.132 ; 31.265 ; 31.291 ; 31.404 ; 31.510 ; 31.502 ; 31.479 ; 31.522 ; 31.553 ; 31.597 ; 31.647 ; 31.702 ; 31.770 ; 31.815 ; 
26.140 ; 26.144 ; 26.147 ; 26.147 ; 26.145 ; 26.131 ; 26.134 ; 26.095 ; 26.031 ; 26.006 ; 25.962 ; 25.945 ; 25.888 ; 25.759 ; 25.679 ; 25.665 ; 25.693 ; 25.784 ; 25.826 ; 25.804 ; 25.754 ; 25.816 ; 26.036 ; 26.294 ; 26.368 ; 26.460 ; 26.685 ; 26.858 ; 26.982 ; 27.149 ; 27.308 ; 27.427 ; 27.539 ; 27.569 ; 27.597 ; 27.614 ; 27.618 ; 27.749 ; 27.971 ; 28.324 ; 28.790 ; 29.155 ; 29.431 ; 29.565 ; 29.601 ; 29.611 ; 29.639 ; 29.466 ; 29.261 ; 29.037 ; 29.032 ; 29.279 ; 29.411 ; 29.257 ; 29.095 ; 29.083 ; 29.045 ; 28.947 ; 28.710 ; 28.504 ; 28.338 ; 28.153 ; 28.176 ; 28.330 ; 28.498 ; 28.662 ; 28.824 ; 28.995 ; 29.140 ; 29.184 ; 29.242 ; 29.336 ; 29.470 ; 29.552 ; 29.600 ; 29.800 ; 29.971 ; 30.073 ; 30.219 ; 30.327 ; 30.418 ; 30.535 ; 30.635 ; 30.725 ; 30.948 ; 31.144 ; 31.231 ; 31.274 ; 31.273 ; 31.367 ; 31.502 ; 31.510 ; 31.495 ; 31.506 ; 31.559 ; 31.569 ; 31.646 ; 31.709 ; 31.774 ; 31.802 ; 
26.168 ; 26.162 ; 26.183 ; 26.175 ; 26.184 ; 26.187 ; 26.169 ; 26.120 ; 26.052 ; 26.012 ; 25.949 ; 25.956 ; 25.929 ; 25.784 ; 25.708 ; 25.702 ; 25.779 ; 25.846 ; 25.872 ; 25.852 ; 25.767 ; 25.778 ; 25.828 ; 26.025 ; 26.168 ; 26.273 ; 26.426 ; 26.567 ; 26.709 ; 26.921 ; 27.096 ; 27.296 ; 27.437 ; 27.460 ; 27.363 ; 27.321 ; 27.349 ; 27.479 ; 27.737 ; 28.162 ; 28.551 ; 28.883 ; 29.129 ; 29.258 ; 29.337 ; 29.357 ; 29.310 ; 29.201 ; 29.072 ; 28.966 ; 29.039 ; 29.136 ; 29.197 ; 29.048 ; 28.880 ; 28.855 ; 28.894 ; 28.829 ; 28.677 ; 28.434 ; 28.220 ; 28.102 ; 28.197 ; 28.325 ; 28.471 ; 28.641 ; 28.815 ; 28.976 ; 29.149 ; 29.185 ; 29.240 ; 29.290 ; 29.369 ; 29.450 ; 29.537 ; 29.731 ; 29.941 ; 30.059 ; 30.202 ; 30.307 ; 30.387 ; 30.507 ; 30.587 ; 30.716 ; 30.881 ; 31.118 ; 31.198 ; 31.211 ; 31.249 ; 31.372 ; 31.465 ; 31.450 ; 31.418 ; 31.485 ; 31.520 ; 31.569 ; 31.608 ; 31.685 ; 31.732 ; 31.784 ; 
26.188 ; 26.169 ; 26.185 ; 26.166 ; 26.172 ; 26.174 ; 26.165 ; 26.136 ; 26.073 ; 26.044 ; 26.022 ; 25.985 ; 25.942 ; 25.814 ; 25.726 ; 25.736 ; 25.760 ; 25.858 ; 25.908 ; 25.861 ; 25.784 ; 25.741 ; 25.745 ; 25.727 ; 25.826 ; 25.987 ; 26.142 ; 26.287 ; 26.531 ; 26.815 ; 27.023 ; 27.158 ; 27.208 ; 27.179 ; 27.166 ; 27.164 ; 27.229 ; 27.468 ; 27.759 ; 28.155 ; 28.535 ; 28.854 ; 29.056 ; 29.112 ; 29.001 ; 28.939 ; 28.986 ; 29.006 ; 28.946 ; 28.882 ; 28.958 ; 29.019 ; 28.932 ; 28.772 ; 28.677 ; 28.687 ; 28.769 ; 28.760 ; 28.612 ; 28.387 ; 28.221 ; 28.140 ; 28.253 ; 28.355 ; 28.522 ; 28.695 ; 28.854 ; 29.044 ; 29.187 ; 29.235 ; 29.331 ; 29.419 ; 29.484 ; 29.536 ; 29.591 ; 29.780 ; 29.996 ; 30.111 ; 30.274 ; 30.407 ; 30.482 ; 30.566 ; 30.651 ; 30.795 ; 30.947 ; 31.140 ; 31.240 ; 31.301 ; 31.332 ; 31.424 ; 31.542 ; 31.528 ; 31.508 ; 31.550 ; 31.577 ; 31.606 ; 31.665 ; 31.726 ; 31.811 ; 31.829 ; 
26.304 ; 26.279 ; 26.257 ; 26.256 ; 26.291 ; 26.279 ; 26.257 ; 26.246 ; 26.185 ; 26.165 ; 26.136 ; 26.111 ; 26.077 ; 25.936 ; 25.834 ; 25.832 ; 25.862 ; 25.938 ; 25.985 ; 25.967 ; 25.862 ; 25.791 ; 25.742 ; 25.755 ; 25.663 ; 25.727 ; 25.925 ; 26.179 ; 26.443 ; 26.734 ; 26.924 ; 27.025 ; 26.986 ; 26.879 ; 26.768 ; 26.773 ; 26.963 ; 27.331 ; 27.741 ; 28.151 ; 28.496 ; 28.770 ; 28.916 ; 28.802 ; 28.601 ; 28.659 ; 28.976 ; 28.969 ; 28.963 ; 28.944 ; 28.944 ; 28.840 ; 28.701 ; 28.561 ; 28.534 ; 28.553 ; 28.595 ; 28.655 ; 28.591 ; 28.386 ; 28.235 ; 28.190 ; 28.278 ; 28.377 ; 28.567 ; 28.743 ; 28.921 ; 29.068 ; 29.212 ; 29.287 ; 29.390 ; 29.530 ; 29.615 ; 29.634 ; 29.613 ; 29.805 ; 30.036 ; 30.160 ; 30.310 ; 30.426 ; 30.509 ; 30.597 ; 30.693 ; 30.810 ; 30.946 ; 31.149 ; 31.231 ; 31.328 ; 31.371 ; 31.452 ; 31.569 ; 31.586 ; 31.511 ; 31.557 ; 31.585 ; 31.616 ; 31.671 ; 31.727 ; 31.801 ; 31.843 ; 
26.396 ; 26.374 ; 26.349 ; 26.372 ; 26.381 ; 26.371 ; 26.360 ; 26.344 ; 26.307 ; 26.275 ; 26.212 ; 26.189 ; 26.163 ; 26.021 ; 25.933 ; 25.887 ; 25.884 ; 26.055 ; 26.084 ; 26.028 ; 25.958 ; 25.871 ; 25.814 ; 25.742 ; 25.721 ; 25.680 ; 25.840 ; 26.154 ; 26.398 ; 26.636 ; 26.783 ; 26.829 ; 26.678 ; 26.572 ; 26.463 ; 26.550 ; 26.809 ; 27.283 ; 27.773 ; 28.125 ; 28.398 ; 28.627 ; 28.765 ; 28.676 ; 28.621 ; 28.690 ; 28.750 ; 28.823 ; 28.897 ; 28.866 ; 28.821 ; 28.700 ; 28.572 ; 28.528 ; 28.455 ; 28.501 ; 28.619 ; 28.710 ; 28.687 ; 28.521 ; 28.325 ; 28.307 ; 28.394 ; 28.508 ; 28.675 ; 28.876 ; 29.017 ; 29.172 ; 29.338 ; 29.393 ; 29.491 ; 29.608 ; 29.743 ; 29.726 ; 29.755 ; 29.923 ; 30.156 ; 30.286 ; 30.415 ; 30.587 ; 30.665 ; 30.770 ; 30.841 ; 30.927 ; 31.076 ; 31.241 ; 31.365 ; 31.451 ; 31.483 ; 31.574 ; 31.651 ; 31.663 ; 31.651 ; 31.702 ; 31.713 ; 31.728 ; 31.765 ; 31.825 ; 31.916 ; 31.964 ; 
26.492 ; 26.470 ; 26.461 ; 26.422 ; 26.402 ; 26.416 ; 26.426 ; 26.399 ; 26.349 ; 26.305 ; 26.307 ; 26.280 ; 26.269 ; 26.196 ; 26.111 ; 26.131 ; 26.062 ; 26.171 ; 26.163 ; 26.139 ; 26.041 ; 25.962 ; 25.855 ; 25.771 ; 25.669 ; 25.648 ; 25.815 ; 26.080 ; 26.260 ; 26.509 ; 26.641 ; 26.590 ; 26.421 ; 26.293 ; 26.237 ; 26.417 ; 26.770 ; 27.225 ; 27.646 ; 27.989 ; 28.227 ; 28.387 ; 28.480 ; 28.497 ; 28.493 ; 28.487 ; 28.528 ; 28.552 ; 28.608 ; 28.597 ; 28.591 ; 28.530 ; 28.517 ; 28.534 ; 28.475 ; 28.483 ; 28.587 ; 28.658 ; 28.727 ; 28.655 ; 28.471 ; 28.375 ; 28.436 ; 28.569 ; 28.738 ; 28.926 ; 29.061 ; 29.215 ; 29.400 ; 29.475 ; 29.582 ; 29.715 ; 29.817 ; 29.897 ; 29.910 ; 30.057 ; 30.227 ; 30.395 ; 30.510 ; 30.666 ; 30.750 ; 30.841 ; 30.927 ; 31.000 ; 31.119 ; 31.248 ; 31.352 ; 31.496 ; 31.578 ; 31.654 ; 31.751 ; 31.787 ; 31.749 ; 31.759 ; 31.788 ; 31.790 ; 31.833 ; 31.903 ; 31.980 ; 32.026 ; 
26.571 ; 26.557 ; 26.549 ; 26.518 ; 26.503 ; 26.510 ; 26.490 ; 26.472 ; 26.434 ; 26.416 ; 26.354 ; 26.365 ; 26.337 ; 26.340 ; 26.439 ; 26.494 ; 26.343 ; 26.239 ; 26.262 ; 26.230 ; 26.132 ; 26.033 ; 25.939 ; 25.844 ; 25.722 ; 25.697 ; 25.845 ; 26.065 ; 26.232 ; 26.389 ; 26.455 ; 26.396 ; 26.252 ; 26.239 ; 26.313 ; 26.466 ; 26.728 ; 27.173 ; 27.544 ; 27.743 ; 27.860 ; 28.023 ; 28.139 ; 28.228 ; 28.295 ; 28.339 ; 28.239 ; 28.222 ; 28.281 ; 28.278 ; 28.290 ; 28.369 ; 28.425 ; 28.474 ; 28.401 ; 28.368 ; 28.363 ; 28.455 ; 28.658 ; 28.754 ; 28.669 ; 28.536 ; 28.516 ; 28.616 ; 28.775 ; 28.975 ; 29.124 ; 29.253 ; 29.460 ; 29.522 ; 29.595 ; 29.727 ; 29.885 ; 29.998 ; 30.032 ; 30.113 ; 30.314 ; 30.436 ; 30.547 ; 30.725 ; 30.799 ; 30.905 ; 30.960 ; 31.008 ; 31.146 ; 31.292 ; 31.410 ; 31.518 ; 31.617 ; 31.679 ; 31.776 ; 31.814 ; 31.771 ; 31.805 ; 31.827 ; 31.844 ; 31.881 ; 31.959 ; 32.013 ; 32.042 ; 
26.643 ; 26.618 ; 26.590 ; 26.555 ; 26.550 ; 26.551 ; 26.537 ; 26.529 ; 26.428 ; 26.373 ; 26.361 ; 26.398 ; 26.386 ; 26.343 ; 26.314 ; 26.282 ; 26.306 ; 26.283 ; 26.341 ; 26.295 ; 26.191 ; 26.107 ; 26.007 ; 25.904 ; 25.791 ; 25.734 ; 25.825 ; 26.011 ; 26.174 ; 26.270 ; 26.310 ; 26.323 ; 26.248 ; 26.228 ; 26.299 ; 26.534 ; 26.846 ; 27.195 ; 27.472 ; 27.577 ; 27.637 ; 27.711 ; 27.820 ; 27.928 ; 28.039 ; 27.956 ; 27.849 ; 27.934 ; 27.930 ; 27.877 ; 27.933 ; 28.119 ; 28.186 ; 28.278 ; 28.300 ; 28.350 ; 28.376 ; 28.465 ; 28.573 ; 28.671 ; 28.658 ; 28.587 ; 28.590 ; 28.664 ; 28.802 ; 29.002 ; 29.175 ; 29.359 ; 29.524 ; 29.594 ; 29.639 ; 29.756 ; 29.912 ; 30.064 ; 30.113 ; 30.180 ; 30.359 ; 30.505 ; 30.633 ; 30.773 ; 30.850 ; 30.940 ; 31.040 ; 31.096 ; 31.222 ; 31.357 ; 31.452 ; 31.539 ; 31.648 ; 31.744 ; 31.845 ; 31.893 ; 31.862 ; 31.884 ; 31.912 ; 31.940 ; 31.953 ; 32.024 ; 32.078 ; 32.109 ; 
26.718 ; 26.682 ; 26.656 ; 26.610 ; 26.612 ; 26.619 ; 26.623 ; 26.583 ; 26.549 ; 26.498 ; 26.459 ; 26.475 ; 26.454 ; 26.365 ; 26.288 ; 26.312 ; 26.274 ; 26.322 ; 26.369 ; 26.328 ; 26.249 ; 26.172 ; 26.096 ; 25.997 ; 25.855 ; 25.752 ; 25.826 ; 25.945 ; 26.040 ; 26.148 ; 26.231 ; 26.250 ; 26.174 ; 26.246 ; 26.355 ; 26.513 ; 26.834 ; 27.201 ; 27.421 ; 27.446 ; 27.429 ; 27.492 ; 27.559 ; 27.578 ; 27.552 ; 27.589 ; 27.582 ; 27.545 ; 27.536 ; 27.671 ; 27.748 ; 27.780 ; 27.873 ; 27.996 ; 28.128 ; 28.225 ; 28.288 ; 28.351 ; 28.331 ; 28.354 ; 28.354 ; 28.468 ; 28.585 ; 28.670 ; 28.800 ; 29.005 ; 29.203 ; 29.356 ; 29.567 ; 29.623 ; 29.682 ; 29.786 ; 29.907 ; 30.051 ; 30.118 ; 30.206 ; 30.414 ; 30.547 ; 30.666 ; 30.808 ; 30.896 ; 31.002 ; 31.080 ; 31.137 ; 31.212 ; 31.364 ; 31.445 ; 31.543 ; 31.680 ; 31.752 ; 31.838 ; 31.911 ; 31.840 ; 31.925 ; 31.949 ; 31.972 ; 31.996 ; 32.054 ; 32.120 ; 32.152 ; 
26.658 ; 26.642 ; 26.608 ; 26.574 ; 26.561 ; 26.555 ; 26.565 ; 26.535 ; 26.481 ; 26.460 ; 26.441 ; 26.411 ; 26.389 ; 26.255 ; 26.163 ; 26.188 ; 26.196 ; 26.285 ; 26.342 ; 26.322 ; 26.227 ; 26.148 ; 26.030 ; 25.953 ; 25.794 ; 25.666 ; 25.698 ; 25.797 ; 25.803 ; 25.863 ; 25.988 ; 26.178 ; 26.189 ; 26.270 ; 26.426 ; 26.599 ; 26.890 ; 27.114 ; 27.257 ; 27.336 ; 27.326 ; 27.301 ; 27.283 ; 27.246 ; 27.204 ; 27.190 ; 27.196 ; 27.295 ; 27.480 ; 27.571 ; 27.632 ; 27.652 ; 27.692 ; 27.726 ; 27.839 ; 28.019 ; 28.049 ; 28.025 ; 27.998 ; 28.032 ; 28.168 ; 28.358 ; 28.520 ; 28.609 ; 28.735 ; 28.899 ; 29.030 ; 29.309 ; 29.504 ; 29.578 ; 29.646 ; 29.729 ; 29.852 ; 29.984 ; 30.117 ; 30.234 ; 30.397 ; 30.535 ; 30.635 ; 30.780 ; 30.884 ; 30.977 ; 31.049 ; 31.102 ; 31.218 ; 31.328 ; 31.401 ; 31.469 ; 31.618 ; 31.757 ; 31.850 ; 31.913 ; 31.869 ; 31.891 ; 31.923 ; 31.961 ; 31.979 ; 32.071 ; 32.120 ; 32.137 ; 
26.780 ; 26.779 ; 26.756 ; 26.713 ; 26.666 ; 26.643 ; 26.664 ; 26.633 ; 26.586 ; 26.568 ; 26.563 ; 26.489 ; 26.479 ; 26.363 ; 26.230 ; 26.233 ; 26.295 ; 26.368 ; 26.447 ; 26.439 ; 26.355 ; 26.267 ; 26.185 ; 26.066 ; 25.908 ; 25.760 ; 25.749 ; 25.796 ; 25.821 ; 25.908 ; 26.028 ; 26.221 ; 26.356 ; 26.472 ; 26.642 ; 26.835 ; 26.956 ; 26.986 ; 27.065 ; 27.219 ; 27.319 ; 27.337 ; 27.295 ; 27.143 ; 27.035 ; 27.048 ; 27.182 ; 27.336 ; 27.495 ; 27.590 ; 27.615 ; 27.624 ; 27.687 ; 27.729 ; 27.754 ; 27.869 ; 27.904 ; 27.877 ; 27.926 ; 28.039 ; 28.189 ; 28.370 ; 28.530 ; 28.638 ; 28.767 ; 29.000 ; 29.186 ; 29.353 ; 29.571 ; 29.627 ; 29.701 ; 29.770 ; 29.916 ; 30.034 ; 30.198 ; 30.284 ; 30.444 ; 30.587 ; 30.724 ; 30.855 ; 30.919 ; 31.043 ; 31.119 ; 31.155 ; 31.265 ; 31.344 ; 31.433 ; 31.524 ; 31.660 ; 31.808 ; 31.904 ; 31.965 ; 31.897 ; 31.937 ; 31.972 ; 32.016 ; 32.045 ; 32.097 ; 32.151 ; 32.200 ; 
26.836 ; 26.834 ; 26.808 ; 26.755 ; 26.758 ; 26.734 ; 26.721 ; 26.716 ; 26.672 ; 26.631 ; 26.593 ; 26.522 ; 26.518 ; 26.440 ; 26.300 ; 26.308 ; 26.336 ; 26.408 ; 26.492 ; 26.486 ; 26.420 ; 26.328 ; 26.240 ; 26.147 ; 25.967 ; 25.831 ; 25.752 ; 25.770 ; 25.823 ; 25.894 ; 26.021 ; 26.176 ; 26.269 ; 26.452 ; 26.666 ; 26.774 ; 26.833 ; 26.864 ; 26.917 ; 27.028 ; 27.268 ; 27.321 ; 27.262 ; 27.102 ; 27.006 ; 26.981 ; 27.169 ; 27.327 ; 27.515 ; 27.631 ; 27.648 ; 27.666 ; 27.664 ; 27.652 ; 27.680 ; 27.694 ; 27.765 ; 27.821 ; 27.900 ; 28.016 ; 28.155 ; 28.355 ; 28.515 ; 28.633 ; 28.761 ; 28.978 ; 29.173 ; 29.340 ; 29.558 ; 29.631 ; 29.697 ; 29.777 ; 29.905 ; 30.024 ; 30.162 ; 30.279 ; 30.421 ; 30.605 ; 30.712 ; 30.859 ; 30.916 ; 31.007 ; 31.103 ; 31.192 ; 31.267 ; 31.361 ; 31.436 ; 31.537 ; 31.646 ; 31.797 ; 31.893 ; 31.956 ; 31.900 ; 31.941 ; 31.961 ; 31.995 ; 32.010 ; 32.081 ; 32.148 ; 32.189 ; 
26.955 ; 26.963 ; 26.934 ; 26.897 ; 26.875 ; 26.869 ; 26.859 ; 26.802 ; 26.725 ; 26.703 ; 26.673 ; 26.684 ; 26.660 ; 26.586 ; 26.441 ; 26.384 ; 26.465 ; 26.549 ; 26.613 ; 26.633 ; 26.557 ; 26.454 ; 26.371 ; 26.279 ; 26.135 ; 25.962 ; 25.863 ; 25.869 ; 25.917 ; 26.010 ; 26.092 ; 26.183 ; 26.236 ; 26.350 ; 26.541 ; 26.600 ; 26.686 ; 26.842 ; 26.951 ; 27.086 ; 27.280 ; 27.413 ; 27.325 ; 27.157 ; 27.108 ; 27.134 ; 27.306 ; 27.459 ; 27.634 ; 27.779 ; 27.798 ; 27.806 ; 27.838 ; 27.802 ; 27.742 ; 27.829 ; 27.881 ; 27.931 ; 28.030 ; 28.145 ; 28.319 ; 28.499 ; 28.638 ; 28.745 ; 28.917 ; 29.119 ; 29.328 ; 29.500 ; 29.703 ; 29.799 ; 29.842 ; 29.915 ; 30.039 ; 30.193 ; 30.302 ; 30.435 ; 30.605 ; 30.780 ; 30.879 ; 31.028 ; 31.084 ; 31.155 ; 31.254 ; 31.327 ; 31.395 ; 31.517 ; 31.604 ; 31.689 ; 31.813 ; 31.953 ; 32.070 ; 32.134 ; 32.097 ; 32.127 ; 32.146 ; 32.168 ; 32.187 ; 32.251 ; 32.303 ; 32.348 ; 
26.981 ; 26.967 ; 26.950 ; 26.900 ; 26.902 ; 26.911 ; 26.891 ; 26.871 ; 26.803 ; 26.745 ; 26.731 ; 26.703 ; 26.709 ; 26.608 ; 26.501 ; 26.457 ; 26.528 ; 26.614 ; 26.662 ; 26.679 ; 26.624 ; 26.518 ; 26.438 ; 26.349 ; 26.189 ; 26.035 ; 25.902 ; 25.894 ; 25.894 ; 25.902 ; 25.990 ; 26.072 ; 26.145 ; 26.230 ; 26.399 ; 26.475 ; 26.604 ; 26.771 ; 26.962 ; 27.057 ; 27.175 ; 27.323 ; 27.295 ; 27.172 ; 27.104 ; 27.148 ; 27.342 ; 27.503 ; 27.666 ; 27.787 ; 27.815 ; 27.849 ; 27.861 ; 27.838 ; 27.775 ; 27.787 ; 27.873 ; 27.961 ; 28.082 ; 28.201 ; 28.351 ; 28.539 ; 28.675 ; 28.775 ; 28.959 ; 29.181 ; 29.370 ; 29.518 ; 29.725 ; 29.836 ; 29.875 ; 29.981 ; 30.112 ; 30.219 ; 30.357 ; 30.431 ; 30.610 ; 30.792 ; 30.936 ; 31.072 ; 31.160 ; 31.232 ; 31.327 ; 31.365 ; 31.482 ; 31.584 ; 31.661 ; 31.711 ; 31.838 ; 32.017 ; 32.125 ; 32.216 ; 32.186 ; 32.204 ; 32.226 ; 32.251 ; 32.271 ; 32.322 ; 32.363 ; 32.395 ; 
27.018 ; 27.009 ; 26.998 ; 26.938 ; 26.937 ; 26.930 ; 26.918 ; 26.890 ; 26.859 ; 26.681 ; 26.667 ; 26.693 ; 26.705 ; 26.691 ; 26.565 ; 26.581 ; 26.696 ; 26.698 ; 26.700 ; 26.721 ; 26.673 ; 26.541 ; 26.455 ; 26.386 ; 26.231 ; 26.076 ; 25.945 ; 25.876 ; 25.887 ; 25.918 ; 25.969 ; 25.997 ; 26.050 ; 26.176 ; 26.355 ; 26.475 ; 26.590 ; 26.675 ; 26.863 ; 27.012 ; 27.083 ; 27.129 ; 27.194 ; 27.155 ; 27.060 ; 27.177 ; 27.388 ; 27.522 ; 27.686 ; 27.828 ; 27.885 ; 27.907 ; 27.909 ; 27.871 ; 27.804 ; 27.815 ; 27.907 ; 27.993 ; 28.122 ; 28.237 ; 28.395 ; 28.545 ; 28.701 ; 28.803 ; 28.964 ; 29.173 ; 29.375 ; 29.549 ; 29.756 ; 29.860 ; 29.885 ; 29.976 ; 30.136 ; 30.251 ; 30.387 ; 30.495 ; 30.641 ; 30.835 ; 30.952 ; 31.102 ; 31.183 ; 31.254 ; 31.351 ; 31.393 ; 31.513 ; 31.628 ; 31.702 ; 31.775 ; 31.897 ; 32.046 ; 32.170 ; 32.277 ; 32.249 ; 32.238 ; 32.263 ; 32.286 ; 32.309 ; 32.340 ; 32.392 ; 32.449 ; 
27.100 ; 27.086 ; 27.111 ; 27.049 ; 27.028 ; 26.999 ; 26.973 ; 26.919 ; 26.895 ; 26.852 ; 26.829 ; 26.802 ; 26.758 ; 26.742 ; 26.682 ; 26.676 ; 26.749 ; 26.700 ; 26.755 ; 26.758 ; 26.719 ; 26.605 ; 26.515 ; 26.426 ; 26.295 ; 26.125 ; 26.003 ; 25.939 ; 25.889 ; 25.895 ; 25.942 ; 26.016 ; 26.024 ; 26.133 ; 26.297 ; 26.410 ; 26.485 ; 26.549 ; 26.707 ; 26.879 ; 27.016 ; 27.029 ; 27.018 ; 27.000 ; 27.038 ; 27.226 ; 27.411 ; 27.562 ; 27.711 ; 27.857 ; 27.910 ; 27.926 ; 27.935 ; 27.926 ; 27.845 ; 27.865 ; 27.967 ; 28.066 ; 28.155 ; 28.283 ; 28.456 ; 28.624 ; 28.737 ; 28.851 ; 28.994 ; 29.222 ; 29.432 ; 29.592 ; 29.750 ; 29.884 ; 29.940 ; 30.052 ; 30.199 ; 30.310 ; 30.438 ; 30.574 ; 30.732 ; 30.878 ; 30.977 ; 31.136 ; 31.253 ; 31.291 ; 31.373 ; 31.377 ; 31.496 ; 31.631 ; 31.739 ; 31.836 ; 31.944 ; 32.072 ; 32.175 ; 32.321 ; 32.298 ; 32.293 ; 32.311 ; 32.353 ; 32.386 ; 32.410 ; 32.464 ; 32.488 ; 
27.022 ; 27.032 ; 27.036 ; 26.999 ; 26.980 ; 26.967 ; 26.932 ; 26.930 ; 26.901 ; 26.901 ; 26.848 ; 26.789 ; 26.778 ; 26.693 ; 26.637 ; 26.625 ; 26.654 ; 26.621 ; 26.692 ; 26.728 ; 26.724 ; 26.605 ; 26.508 ; 26.414 ; 26.274 ; 26.101 ; 25.967 ; 25.912 ; 25.858 ; 25.881 ; 25.904 ; 25.929 ; 25.957 ; 26.047 ; 26.199 ; 26.303 ; 26.384 ; 26.460 ; 26.572 ; 26.704 ; 26.878 ; 26.896 ; 26.918 ; 26.999 ; 27.017 ; 27.210 ; 27.422 ; 27.560 ; 27.735 ; 27.861 ; 27.930 ; 27.922 ; 27.906 ; 27.930 ; 27.854 ; 27.883 ; 28.000 ; 28.099 ; 28.178 ; 28.295 ; 28.450 ; 28.600 ; 28.750 ; 28.854 ; 29.026 ; 29.239 ; 29.459 ; 29.607 ; 29.776 ; 29.905 ; 29.955 ; 30.076 ; 30.231 ; 30.374 ; 30.467 ; 30.589 ; 30.725 ; 30.885 ; 31.007 ; 31.145 ; 31.259 ; 31.329 ; 31.422 ; 31.464 ; 31.517 ; 31.611 ; 31.722 ; 31.852 ; 31.989 ; 32.106 ; 32.245 ; 32.370 ; 32.359 ; 32.343 ; 32.377 ; 32.403 ; 32.429 ; 32.447 ; 32.498 ; 32.552 ; 
27.083 ; 27.074 ; 27.059 ; 27.040 ; 27.031 ; 26.994 ; 26.961 ; 26.986 ; 26.981 ; 26.899 ; 26.901 ; 26.877 ; 26.864 ; 26.795 ; 26.676 ; 26.595 ; 26.598 ; 26.669 ; 26.746 ; 26.760 ; 26.734 ; 26.621 ; 26.534 ; 26.443 ; 26.304 ; 26.134 ; 25.994 ; 25.931 ; 25.881 ; 25.868 ; 25.901 ; 25.912 ; 25.912 ; 26.021 ; 26.191 ; 26.249 ; 26.291 ; 26.357 ; 26.455 ; 26.601 ; 26.758 ; 26.810 ; 26.793 ; 26.785 ; 26.960 ; 27.220 ; 27.411 ; 27.569 ; 27.701 ; 27.783 ; 27.882 ; 27.904 ; 27.946 ; 27.925 ; 27.858 ; 27.864 ; 27.988 ; 28.091 ; 28.183 ; 28.317 ; 28.406 ; 28.577 ; 28.725 ; 28.862 ; 29.009 ; 29.242 ; 29.422 ; 29.570 ; 29.746 ; 29.881 ; 29.922 ; 30.030 ; 30.242 ; 30.389 ; 30.461 ; 30.550 ; 30.706 ; 30.854 ; 30.980 ; 31.120 ; 31.216 ; 31.278 ; 31.393 ; 31.444 ; 31.479 ; 31.614 ; 31.704 ; 31.824 ; 31.960 ; 32.079 ; 32.204 ; 32.333 ; 32.366 ; 32.296 ; 32.342 ; 32.349 ; 32.363 ; 32.400 ; 32.457 ; 32.520 ; 
27.216 ; 27.224 ; 27.224 ; 27.215 ; 27.191 ; 27.191 ; 27.171 ; 27.123 ; 27.073 ; 27.030 ; 27.005 ; 27.005 ; 26.994 ; 26.960 ; 26.877 ; 26.809 ; 26.770 ; 26.805 ; 26.895 ; 26.922 ; 26.896 ; 26.770 ; 26.681 ; 26.567 ; 26.439 ; 26.293 ; 26.152 ; 26.091 ; 26.048 ; 26.006 ; 26.040 ; 26.036 ; 26.033 ; 26.152 ; 26.242 ; 26.334 ; 26.325 ; 26.406 ; 26.486 ; 26.644 ; 26.848 ; 26.905 ; 26.890 ; 26.885 ; 27.062 ; 27.298 ; 27.552 ; 27.704 ; 27.873 ; 27.996 ; 28.074 ; 28.072 ; 28.091 ; 28.072 ; 28.006 ; 28.011 ; 28.112 ; 28.259 ; 28.352 ; 28.441 ; 28.548 ; 28.702 ; 28.855 ; 28.991 ; 29.149 ; 29.392 ; 29.553 ; 29.697 ; 29.881 ; 30.008 ; 30.050 ; 30.179 ; 30.333 ; 30.521 ; 30.615 ; 30.667 ; 30.796 ; 30.958 ; 31.081 ; 31.201 ; 31.313 ; 31.387 ; 31.489 ; 31.547 ; 31.578 ; 31.732 ; 31.829 ; 31.910 ; 32.029 ; 32.181 ; 32.302 ; 32.390 ; 32.455 ; 32.437 ; 32.459 ; 32.477 ; 32.477 ; 32.500 ; 32.563 ; 32.624 ; 
27.160 ; 27.149 ; 27.165 ; 27.170 ; 27.143 ; 27.142 ; 27.139 ; 27.112 ; 27.096 ; 26.991 ; 26.986 ; 26.958 ; 26.973 ; 26.946 ; 26.833 ; 26.759 ; 26.719 ; 26.759 ; 26.838 ; 26.881 ; 26.836 ; 26.750 ; 26.654 ; 26.561 ; 26.410 ; 26.245 ; 26.138 ; 26.073 ; 26.000 ; 25.958 ; 25.955 ; 25.998 ; 25.990 ; 26.101 ; 26.182 ; 26.219 ; 26.316 ; 26.381 ; 26.476 ; 26.637 ; 26.747 ; 26.780 ; 26.771 ; 26.798 ; 27.065 ; 27.305 ; 27.520 ; 27.656 ; 27.840 ; 27.975 ; 28.019 ; 28.026 ; 28.051 ; 28.055 ; 27.998 ; 27.983 ; 28.067 ; 28.259 ; 28.420 ; 28.498 ; 28.639 ; 28.760 ; 28.877 ; 29.019 ; 29.167 ; 29.394 ; 29.571 ; 29.711 ; 29.869 ; 30.004 ; 30.127 ; 30.291 ; 30.464 ; 30.575 ; 30.644 ; 30.657 ; 30.793 ; 30.970 ; 31.109 ; 31.203 ; 31.326 ; 31.414 ; 31.526 ; 31.562 ; 31.620 ; 31.749 ; 31.873 ; 31.968 ; 32.081 ; 32.236 ; 32.360 ; 32.453 ; 32.481 ; 32.472 ; 32.524 ; 32.533 ; 32.543 ; 32.567 ; 32.636 ; 32.680 ; 
27.224 ; 27.224 ; 27.238 ; 27.220 ; 27.203 ; 27.182 ; 27.139 ; 27.132 ; 27.123 ; 27.068 ; 27.085 ; 27.052 ; 27.072 ; 26.994 ; 26.921 ; 26.850 ; 26.810 ; 26.836 ; 26.915 ; 26.951 ; 26.921 ; 26.838 ; 26.743 ; 26.626 ; 26.524 ; 26.349 ; 26.233 ; 26.150 ; 26.091 ; 26.034 ; 26.040 ; 26.061 ; 26.043 ; 26.121 ; 26.213 ; 26.267 ; 26.289 ; 26.409 ; 26.479 ; 26.653 ; 26.747 ; 26.805 ; 26.823 ; 26.842 ; 27.105 ; 27.311 ; 27.556 ; 27.716 ; 27.867 ; 28.010 ; 28.067 ; 28.100 ; 28.104 ; 28.112 ; 28.073 ; 28.038 ; 28.136 ; 28.317 ; 28.541 ; 28.719 ; 28.835 ; 28.954 ; 29.015 ; 29.140 ; 29.236 ; 29.442 ; 29.629 ; 29.738 ; 29.895 ; 30.036 ; 30.098 ; 30.191 ; 30.384 ; 30.604 ; 30.707 ; 30.671 ; 30.808 ; 30.952 ; 31.071 ; 31.189 ; 31.326 ; 31.422 ; 31.520 ; 31.629 ; 31.659 ; 31.750 ; 31.835 ; 31.925 ; 32.021 ; 32.214 ; 32.343 ; 32.450 ; 32.501 ; 32.486 ; 32.512 ; 32.513 ; 32.527 ; 32.535 ; 32.589 ; 32.628 ; 
27.286 ; 27.287 ; 27.300 ; 27.270 ; 27.234 ; 27.222 ; 27.206 ; 27.188 ; 27.158 ; 27.155 ; 27.134 ; 27.089 ; 27.066 ; 27.011 ; 26.927 ; 26.862 ; 26.839 ; 26.868 ; 26.949 ; 26.994 ; 26.963 ; 26.878 ; 26.778 ; 26.667 ; 26.558 ; 26.403 ; 26.233 ; 26.150 ; 26.119 ; 26.070 ; 26.082 ; 26.066 ; 26.060 ; 26.146 ; 26.199 ; 26.279 ; 26.350 ; 26.426 ; 26.522 ; 26.663 ; 26.760 ; 26.792 ; 26.864 ; 26.952 ; 27.126 ; 27.337 ; 27.560 ; 27.706 ; 27.864 ; 28.008 ; 28.070 ; 28.078 ; 28.097 ; 28.094 ; 28.063 ; 28.016 ; 28.117 ; 28.307 ; 28.560 ; 28.823 ; 29.034 ; 29.174 ; 29.158 ; 29.220 ; 29.306 ; 29.451 ; 29.609 ; 29.717 ; 29.869 ; 30.019 ; 30.020 ; 30.093 ; 30.280 ; 30.391 ; 30.505 ; 30.615 ; 30.752 ; 30.943 ; 31.057 ; 31.195 ; 31.332 ; 31.396 ; 31.514 ; 31.585 ; 31.652 ; 31.729 ; 31.842 ; 31.932 ; 32.028 ; 32.151 ; 32.279 ; 32.428 ; 32.512 ; 32.470 ; 32.484 ; 32.529 ; 32.525 ; 32.512 ; 32.558 ; 32.586 ; 
27.443 ; 27.460 ; 27.458 ; 27.431 ; 27.388 ; 27.374 ; 27.359 ; 27.325 ; 27.323 ; 27.306 ; 27.246 ; 27.235 ; 27.225 ; 27.204 ; 27.132 ; 27.046 ; 27.004 ; 27.037 ; 27.123 ; 27.160 ; 27.138 ; 27.036 ; 26.956 ; 26.864 ; 26.731 ; 26.607 ; 26.443 ; 26.380 ; 26.330 ; 26.268 ; 26.276 ; 26.293 ; 26.276 ; 26.317 ; 26.328 ; 26.371 ; 26.457 ; 26.620 ; 26.745 ; 26.888 ; 26.962 ; 26.992 ; 27.054 ; 27.166 ; 27.270 ; 27.507 ; 27.701 ; 27.870 ; 28.026 ; 28.174 ; 28.253 ; 28.271 ; 28.276 ; 28.299 ; 28.235 ; 28.195 ; 28.345 ; 28.557 ; 28.781 ; 29.101 ; 29.291 ; 29.433 ; 29.474 ; 29.534 ; 29.613 ; 29.681 ; 29.763 ; 29.895 ; 30.049 ; 30.175 ; 30.208 ; 30.272 ; 30.418 ; 30.572 ; 30.661 ; 30.739 ; 30.929 ; 31.106 ; 31.216 ; 31.327 ; 31.477 ; 31.550 ; 31.655 ; 31.747 ; 31.788 ; 31.917 ; 32.038 ; 32.116 ; 32.212 ; 32.367 ; 32.482 ; 32.613 ; 32.668 ; 32.644 ; 32.667 ; 32.680 ; 32.715 ; 32.710 ; 32.740 ; 32.789 ; 
27.459 ; 27.465 ; 27.449 ; 27.417 ; 27.386 ; 27.343 ; 27.336 ; 27.333 ; 27.330 ; 27.318 ; 27.237 ; 27.208 ; 27.213 ; 27.197 ; 27.110 ; 27.034 ; 26.979 ; 27.018 ; 27.096 ; 27.163 ; 27.122 ; 27.036 ; 26.961 ; 26.866 ; 26.767 ; 26.644 ; 26.495 ; 26.421 ; 26.371 ; 26.323 ; 26.293 ; 26.314 ; 26.279 ; 26.299 ; 26.357 ; 26.452 ; 26.524 ; 26.606 ; 26.736 ; 26.917 ; 27.031 ; 27.077 ; 27.201 ; 27.216 ; 27.317 ; 27.476 ; 27.710 ; 27.875 ; 28.043 ; 28.192 ; 28.254 ; 28.280 ; 28.301 ; 28.311 ; 28.288 ; 28.265 ; 28.410 ; 28.663 ; 28.926 ; 29.191 ; 29.407 ; 29.565 ; 29.566 ; 29.533 ; 29.496 ; 29.619 ; 29.777 ; 29.917 ; 30.067 ; 30.210 ; 30.268 ; 30.333 ; 30.423 ; 30.534 ; 30.641 ; 30.789 ; 30.959 ; 31.149 ; 31.277 ; 31.391 ; 31.528 ; 31.611 ; 31.732 ; 31.826 ; 31.897 ; 31.973 ; 32.100 ; 32.159 ; 32.271 ; 32.446 ; 32.566 ; 32.699 ; 32.766 ; 32.736 ; 32.747 ; 32.739 ; 32.782 ; 32.782 ; 32.821 ; 32.844 ; 
27.565 ; 27.568 ; 27.534 ; 27.514 ; 27.460 ; 27.428 ; 27.398 ; 27.382 ; 27.373 ; 27.400 ; 27.363 ; 27.336 ; 27.330 ; 27.290 ; 27.208 ; 27.099 ; 27.083 ; 27.106 ; 27.192 ; 27.245 ; 27.232 ; 27.143 ; 27.078 ; 26.969 ; 26.874 ; 26.717 ; 26.592 ; 26.522 ; 26.486 ; 26.451 ; 26.449 ; 26.464 ; 26.453 ; 26.488 ; 26.540 ; 26.581 ; 26.658 ; 26.748 ; 26.860 ; 27.050 ; 27.175 ; 27.202 ; 27.232 ; 27.204 ; 27.294 ; 27.514 ; 27.771 ; 27.947 ; 28.118 ; 28.272 ; 28.345 ; 28.386 ; 28.385 ; 28.394 ; 28.373 ; 28.434 ; 28.632 ; 28.843 ; 29.012 ; 29.196 ; 29.445 ; 29.603 ; 29.657 ; 29.547 ; 29.498 ; 29.659 ; 29.868 ; 29.991 ; 30.139 ; 30.308 ; 30.337 ; 30.407 ; 30.503 ; 30.612 ; 30.691 ; 30.843 ; 31.010 ; 31.215 ; 31.344 ; 31.437 ; 31.609 ; 31.690 ; 31.789 ; 31.903 ; 31.950 ; 32.042 ; 32.155 ; 32.235 ; 32.342 ; 32.494 ; 32.632 ; 32.747 ; 32.849 ; 32.805 ; 32.782 ; 32.796 ; 32.820 ; 32.824 ; 32.875 ; 32.898 ; 
27.519 ; 27.526 ; 27.485 ; 27.472 ; 27.417 ; 27.373 ; 27.339 ; 27.320 ; 27.343 ; 27.314 ; 27.287 ; 27.311 ; 27.305 ; 27.252 ; 27.177 ; 27.093 ; 27.073 ; 27.100 ; 27.191 ; 27.215 ; 27.208 ; 27.141 ; 27.061 ; 26.976 ; 26.865 ; 26.710 ; 26.580 ; 26.483 ; 26.460 ; 26.428 ; 26.408 ; 26.436 ; 26.449 ; 26.495 ; 26.584 ; 26.645 ; 26.719 ; 26.780 ; 26.854 ; 26.965 ; 27.049 ; 27.062 ; 27.023 ; 27.056 ; 27.210 ; 27.472 ; 27.716 ; 27.919 ; 28.094 ; 28.248 ; 28.345 ; 28.371 ; 28.371 ; 28.374 ; 28.362 ; 28.406 ; 28.558 ; 28.824 ; 28.977 ; 29.099 ; 29.285 ; 29.433 ; 29.435 ; 29.353 ; 29.438 ; 29.656 ; 29.842 ; 29.953 ; 30.144 ; 30.267 ; 30.302 ; 30.388 ; 30.488 ; 30.597 ; 30.678 ; 30.825 ; 30.967 ; 31.175 ; 31.338 ; 31.455 ; 31.600 ; 31.673 ; 31.775 ; 31.875 ; 31.936 ; 32.033 ; 32.170 ; 32.263 ; 32.347 ; 32.484 ; 32.610 ; 32.728 ; 32.797 ; 32.767 ; 32.770 ; 32.800 ; 32.825 ; 32.816 ; 32.843 ; 32.877 ; 
27.554 ; 27.563 ; 27.550 ; 27.521 ; 27.462 ; 27.441 ; 27.429 ; 27.359 ; 27.304 ; 27.363 ; 27.347 ; 27.347 ; 27.329 ; 27.318 ; 27.244 ; 27.145 ; 27.111 ; 27.142 ; 27.226 ; 27.264 ; 27.256 ; 27.191 ; 27.117 ; 27.024 ; 26.931 ; 26.790 ; 26.629 ; 26.537 ; 26.516 ; 26.447 ; 26.453 ; 26.494 ; 26.576 ; 26.680 ; 26.750 ; 26.761 ; 26.780 ; 26.839 ; 26.851 ; 26.969 ; 26.987 ; 26.986 ; 26.965 ; 27.081 ; 27.233 ; 27.492 ; 27.761 ; 27.983 ; 28.143 ; 28.288 ; 28.367 ; 28.426 ; 28.437 ; 28.463 ; 28.465 ; 28.518 ; 28.727 ; 28.892 ; 28.995 ; 29.111 ; 29.234 ; 29.315 ; 29.300 ; 29.352 ; 29.475 ; 29.682 ; 29.897 ; 30.022 ; 30.191 ; 30.332 ; 30.400 ; 30.458 ; 30.530 ; 30.669 ; 30.740 ; 30.867 ; 31.017 ; 31.200 ; 31.365 ; 31.485 ; 31.618 ; 31.709 ; 31.825 ; 31.913 ; 31.985 ; 32.067 ; 32.222 ; 32.291 ; 32.370 ; 32.501 ; 32.647 ; 32.767 ; 32.846 ; 32.802 ; 32.813 ; 32.808 ; 32.849 ; 32.848 ; 32.861 ; 32.881 ; 
27.627 ; 27.602 ; 27.596 ; 27.566 ; 27.541 ; 27.490 ; 27.478 ; 27.454 ; 27.421 ; 27.428 ; 27.404 ; 27.415 ; 27.397 ; 27.374 ; 27.320 ; 27.209 ; 27.177 ; 27.201 ; 27.273 ; 27.310 ; 27.298 ; 27.261 ; 27.178 ; 27.095 ; 26.983 ; 26.828 ; 26.676 ; 26.599 ; 26.557 ; 26.510 ; 26.545 ; 26.580 ; 26.654 ; 26.756 ; 26.951 ; 27.001 ; 27.026 ; 27.001 ; 26.961 ; 26.939 ; 26.962 ; 26.940 ; 26.957 ; 27.079 ; 27.247 ; 27.535 ; 27.812 ; 28.039 ; 28.205 ; 28.339 ; 28.425 ; 28.468 ; 28.478 ; 28.506 ; 28.532 ; 28.625 ; 28.785 ; 28.843 ; 28.919 ; 29.037 ; 29.124 ; 29.196 ; 29.255 ; 29.418 ; 29.519 ; 29.719 ; 29.922 ; 30.063 ; 30.228 ; 30.394 ; 30.455 ; 30.540 ; 30.601 ; 30.712 ; 30.794 ; 30.930 ; 31.053 ; 31.241 ; 31.407 ; 31.516 ; 31.670 ; 31.756 ; 31.857 ; 31.977 ; 32.064 ; 32.146 ; 32.251 ; 32.343 ; 32.423 ; 32.554 ; 32.696 ; 32.785 ; 32.858 ; 32.801 ; 32.844 ; 32.875 ; 32.907 ; 32.901 ; 32.910 ; 32.914 ; 
27.654 ; 27.656 ; 27.643 ; 27.626 ; 27.594 ; 27.557 ; 27.542 ; 27.526 ; 27.505 ; 27.508 ; 27.485 ; 27.503 ; 27.450 ; 27.425 ; 27.375 ; 27.271 ; 27.209 ; 27.253 ; 27.331 ; 27.384 ; 27.390 ; 27.318 ; 27.252 ; 27.163 ; 27.061 ; 26.896 ; 26.728 ; 26.653 ; 26.624 ; 26.587 ; 26.618 ; 26.741 ; 26.827 ; 26.955 ; 27.140 ; 27.203 ; 27.255 ; 27.234 ; 27.104 ; 27.001 ; 26.948 ; 26.955 ; 26.997 ; 27.128 ; 27.312 ; 27.591 ; 27.887 ; 28.096 ; 28.242 ; 28.380 ; 28.481 ; 28.530 ; 28.539 ; 28.589 ; 28.687 ; 28.741 ; 28.776 ; 28.824 ; 28.916 ; 29.031 ; 29.131 ; 29.185 ; 29.272 ; 29.424 ; 29.585 ; 29.774 ; 29.984 ; 30.120 ; 30.296 ; 30.464 ; 30.515 ; 30.595 ; 30.666 ; 30.777 ; 30.862 ; 30.990 ; 31.114 ; 31.299 ; 31.465 ; 31.581 ; 31.725 ; 31.805 ; 31.916 ; 32.060 ; 32.133 ; 32.222 ; 32.315 ; 32.400 ; 32.488 ; 32.610 ; 32.722 ; 32.808 ; 32.880 ; 32.900 ; 32.908 ; 32.930 ; 32.959 ; 32.963 ; 32.978 ; 33.000 ; 
27.681 ; 27.670 ; 27.656 ; 27.646 ; 27.637 ; 27.597 ; 27.546 ; 27.522 ; 27.476 ; 27.553 ; 27.495 ; 27.476 ; 27.453 ; 27.439 ; 27.387 ; 27.281 ; 27.227 ; 27.238 ; 27.308 ; 27.368 ; 27.384 ; 27.345 ; 27.264 ; 27.179 ; 27.048 ; 26.883 ; 26.773 ; 26.672 ; 26.644 ; 26.605 ; 26.624 ; 26.798 ; 26.964 ; 27.116 ; 27.325 ; 27.450 ; 27.433 ; 27.312 ; 27.196 ; 27.068 ; 26.919 ; 26.901 ; 26.932 ; 27.069 ; 27.276 ; 27.536 ; 27.795 ; 28.050 ; 28.188 ; 28.330 ; 28.447 ; 28.485 ; 28.520 ; 28.585 ; 28.615 ; 28.634 ; 28.640 ; 28.673 ; 28.768 ; 28.842 ; 28.945 ; 29.017 ; 29.187 ; 29.384 ; 29.487 ; 29.638 ; 29.868 ; 30.028 ; 30.165 ; 30.352 ; 30.436 ; 30.509 ; 30.610 ; 30.700 ; 30.817 ; 30.862 ; 30.982 ; 31.150 ; 31.321 ; 31.450 ; 31.600 ; 31.732 ; 31.802 ; 31.903 ; 32.018 ; 32.093 ; 32.169 ; 32.272 ; 32.347 ; 32.408 ; 32.524 ; 32.658 ; 32.748 ; 32.840 ; 32.861 ; 32.830 ; 32.832 ; 32.837 ; 32.857 ; 32.868 ; 
27.631 ; 27.661 ; 27.663 ; 27.662 ; 27.664 ; 27.614 ; 27.617 ; 27.585 ; 27.593 ; 27.590 ; 27.545 ; 27.515 ; 27.492 ; 27.490 ; 27.411 ; 27.293 ; 27.243 ; 27.247 ; 27.330 ; 27.374 ; 27.361 ; 27.353 ; 27.263 ; 27.175 ; 27.071 ; 26.915 ; 26.784 ; 26.694 ; 26.650 ; 26.639 ; 26.731 ; 26.985 ; 27.228 ; 27.417 ; 27.614 ; 27.674 ; 27.563 ; 27.387 ; 27.252 ; 27.138 ; 26.968 ; 26.890 ; 26.971 ; 27.117 ; 27.326 ; 27.608 ; 27.876 ; 28.109 ; 28.245 ; 28.379 ; 28.506 ; 28.563 ; 28.590 ; 28.603 ; 28.600 ; 28.606 ; 28.621 ; 28.706 ; 28.791 ; 28.904 ; 28.964 ; 29.087 ; 29.290 ; 29.448 ; 29.539 ; 29.699 ; 29.921 ; 30.112 ; 30.270 ; 30.463 ; 30.541 ; 30.624 ; 30.718 ; 30.820 ; 30.924 ; 30.997 ; 31.149 ; 31.327 ; 31.502 ; 31.627 ; 31.759 ; 31.831 ; 31.924 ; 32.041 ; 32.120 ; 32.204 ; 32.293 ; 32.360 ; 32.493 ; 32.600 ; 32.711 ; 32.801 ; 32.893 ; 32.901 ; 32.908 ; 32.931 ; 32.942 ; 32.959 ; 32.991 ; 33.017 ; 
27.657 ; 27.681 ; 27.656 ; 27.613 ; 27.631 ; 27.663 ; 27.636 ; 27.587 ; 27.609 ; 27.625 ; 27.606 ; 27.574 ; 27.539 ; 27.536 ; 27.478 ; 27.324 ; 27.287 ; 27.302 ; 27.356 ; 27.407 ; 27.425 ; 27.368 ; 27.245 ; 27.142 ; 27.114 ; 26.973 ; 26.842 ; 26.697 ; 26.681 ; 26.699 ; 26.811 ; 27.183 ; 27.574 ; 27.762 ; 27.896 ; 27.814 ; 27.670 ; 27.523 ; 27.430 ; 27.321 ; 27.130 ; 26.976 ; 27.010 ; 27.164 ; 27.387 ; 27.636 ; 27.897 ; 28.160 ; 28.295 ; 28.442 ; 28.571 ; 28.627 ; 28.661 ; 28.676 ; 28.665 ; 28.607 ; 28.663 ; 28.713 ; 28.784 ; 28.921 ; 29.042 ; 29.153 ; 29.357 ; 29.516 ; 29.605 ; 29.733 ; 29.983 ; 30.161 ; 30.319 ; 30.510 ; 30.590 ; 30.689 ; 30.770 ; 30.898 ; 30.988 ; 31.084 ; 31.212 ; 31.412 ; 31.584 ; 31.707 ; 31.823 ; 31.906 ; 32.003 ; 32.108 ; 32.163 ; 32.234 ; 32.371 ; 32.483 ; 32.552 ; 32.658 ; 32.776 ; 32.864 ; 32.973 ; 33.016 ; 32.992 ; 32.998 ; 33.029 ; 33.051 ; 33.072 ; 33.098 ; 
27.693 ; 27.723 ; 27.709 ; 27.718 ; 27.700 ; 27.704 ; 27.722 ; 27.713 ; 27.712 ; 27.674 ; 27.613 ; 27.620 ; 27.583 ; 27.568 ; 27.513 ; 27.373 ; 27.331 ; 27.344 ; 27.386 ; 27.456 ; 27.468 ; 27.436 ; 27.331 ; 27.222 ; 27.151 ; 27.014 ; 26.887 ; 26.788 ; 26.776 ; 26.797 ; 27.000 ; 27.442 ; 27.842 ; 27.989 ; 28.012 ; 27.864 ; 27.785 ; 27.687 ; 27.602 ; 27.534 ; 27.306 ; 27.092 ; 27.047 ; 27.219 ; 27.417 ; 27.706 ; 27.975 ; 28.180 ; 28.323 ; 28.498 ; 28.635 ; 28.668 ; 28.680 ; 28.708 ; 28.689 ; 28.628 ; 28.677 ; 28.748 ; 28.839 ; 28.944 ; 29.021 ; 29.158 ; 29.347 ; 29.484 ; 29.620 ; 29.782 ; 29.996 ; 30.169 ; 30.333 ; 30.503 ; 30.602 ; 30.694 ; 30.793 ; 30.891 ; 30.988 ; 31.074 ; 31.207 ; 31.388 ; 31.575 ; 31.706 ; 31.846 ; 31.922 ; 32.014 ; 32.137 ; 32.196 ; 32.255 ; 32.373 ; 32.463 ; 32.563 ; 32.648 ; 32.781 ; 32.870 ; 32.969 ; 32.982 ; 32.991 ; 33.003 ; 33.021 ; 33.045 ; 33.047 ; 33.097 ; 
27.805 ; 27.823 ; 27.806 ; 27.803 ; 27.809 ; 27.799 ; 27.777 ; 27.797 ; 27.805 ; 27.796 ; 27.726 ; 27.725 ; 27.670 ; 27.666 ; 27.605 ; 27.483 ; 27.423 ; 27.421 ; 27.473 ; 27.527 ; 27.563 ; 27.519 ; 27.424 ; 27.335 ; 27.226 ; 27.074 ; 26.952 ; 26.864 ; 26.875 ; 27.011 ; 27.326 ; 27.726 ; 28.000 ; 28.139 ; 28.151 ; 28.056 ; 27.978 ; 27.932 ; 27.878 ; 27.811 ; 27.593 ; 27.311 ; 27.192 ; 27.310 ; 27.550 ; 27.823 ; 28.075 ; 28.270 ; 28.430 ; 28.583 ; 28.743 ; 28.790 ; 28.778 ; 28.793 ; 28.782 ; 28.711 ; 28.775 ; 28.837 ; 28.905 ; 29.003 ; 29.080 ; 29.224 ; 29.441 ; 29.620 ; 29.709 ; 29.859 ; 30.080 ; 30.246 ; 30.381 ; 30.574 ; 30.683 ; 30.787 ; 30.865 ; 30.966 ; 31.072 ; 31.156 ; 31.296 ; 31.463 ; 31.633 ; 31.769 ; 31.917 ; 32.030 ; 32.113 ; 32.225 ; 32.277 ; 32.334 ; 32.447 ; 32.538 ; 32.649 ; 32.752 ; 32.863 ; 32.987 ; 33.072 ; 33.098 ; 33.059 ; 33.109 ; 33.125 ; 33.155 ; 33.147 ; 33.178 ; 
27.861 ; 27.883 ; 27.865 ; 27.863 ; 27.853 ; 27.832 ; 27.826 ; 27.841 ; 27.828 ; 27.844 ; 27.786 ; 27.766 ; 27.709 ; 27.699 ; 27.651 ; 27.525 ; 27.480 ; 27.473 ; 27.508 ; 27.557 ; 27.576 ; 27.574 ; 27.467 ; 27.369 ; 27.264 ; 27.148 ; 27.001 ; 26.894 ; 26.944 ; 27.095 ; 27.405 ; 27.688 ; 27.935 ; 28.063 ; 28.074 ; 28.153 ; 28.257 ; 28.264 ; 28.227 ; 28.137 ; 27.927 ; 27.640 ; 27.407 ; 27.421 ; 27.645 ; 27.901 ; 28.152 ; 28.340 ; 28.490 ; 28.646 ; 28.784 ; 28.846 ; 28.847 ; 28.886 ; 28.848 ; 28.799 ; 28.818 ; 28.896 ; 28.978 ; 29.074 ; 29.169 ; 29.303 ; 29.527 ; 29.706 ; 29.793 ; 29.929 ; 30.163 ; 30.304 ; 30.418 ; 30.632 ; 30.775 ; 30.862 ; 30.933 ; 31.045 ; 31.123 ; 31.210 ; 31.364 ; 31.524 ; 31.722 ; 31.833 ; 31.986 ; 32.109 ; 32.173 ; 32.281 ; 32.352 ; 32.431 ; 32.513 ; 32.624 ; 32.726 ; 32.818 ; 32.945 ; 33.065 ; 33.166 ; 33.203 ; 33.150 ; 33.212 ; 33.236 ; 33.261 ; 33.262 ; 33.285 ; 
27.858 ; 27.840 ; 27.854 ; 27.826 ; 27.912 ; 27.909 ; 27.892 ; 27.872 ; 27.885 ; 27.860 ; 27.827 ; 27.786 ; 27.754 ; 27.741 ; 27.697 ; 27.568 ; 27.513 ; 27.517 ; 27.541 ; 27.597 ; 27.643 ; 27.606 ; 27.490 ; 27.406 ; 27.312 ; 27.192 ; 27.056 ; 26.965 ; 27.017 ; 27.129 ; 27.393 ; 27.623 ; 27.798 ; 27.883 ; 27.931 ; 28.096 ; 28.272 ; 28.376 ; 28.307 ; 28.219 ; 28.146 ; 27.913 ; 27.707 ; 27.615 ; 27.712 ; 27.932 ; 28.198 ; 28.370 ; 28.539 ; 28.684 ; 28.845 ; 28.908 ; 28.920 ; 28.925 ; 28.916 ; 28.830 ; 28.845 ; 28.933 ; 29.013 ; 29.107 ; 29.217 ; 29.362 ; 29.553 ; 29.748 ; 29.855 ; 29.985 ; 30.188 ; 30.352 ; 30.498 ; 30.695 ; 30.823 ; 30.872 ; 30.977 ; 31.076 ; 31.163 ; 31.236 ; 31.371 ; 31.538 ; 31.723 ; 31.835 ; 31.975 ; 32.140 ; 32.206 ; 32.312 ; 32.371 ; 32.435 ; 32.538 ; 32.604 ; 32.729 ; 32.833 ; 32.967 ; 33.083 ; 33.184 ; 33.199 ; 33.155 ; 33.217 ; 33.262 ; 33.304 ; 33.288 ; 33.316 ; 
27.920 ; 27.906 ; 27.897 ; 27.877 ; 27.913 ; 27.910 ; 27.928 ; 27.928 ; 27.924 ; 27.910 ; 27.857 ; 27.816 ; 27.781 ; 27.766 ; 27.725 ; 27.608 ; 27.546 ; 27.556 ; 27.568 ; 27.620 ; 27.645 ; 27.626 ; 27.544 ; 27.478 ; 27.387 ; 27.271 ; 27.128 ; 27.005 ; 27.052 ; 27.213 ; 27.433 ; 27.595 ; 27.718 ; 27.796 ; 27.834 ; 27.925 ; 27.992 ; 27.974 ; 27.903 ; 27.916 ; 28.006 ; 27.876 ; 27.768 ; 27.768 ; 27.838 ; 27.982 ; 28.215 ; 28.431 ; 28.594 ; 28.765 ; 28.888 ; 28.958 ; 28.966 ; 28.970 ; 28.952 ; 28.899 ; 28.907 ; 28.995 ; 29.074 ; 29.155 ; 29.218 ; 29.381 ; 29.598 ; 29.822 ; 29.921 ; 30.044 ; 30.208 ; 30.339 ; 30.515 ; 30.703 ; 30.860 ; 30.936 ; 31.021 ; 31.127 ; 31.246 ; 31.292 ; 31.430 ; 31.574 ; 31.762 ; 31.887 ; 32.040 ; 32.185 ; 32.228 ; 32.348 ; 32.406 ; 32.456 ; 32.601 ; 32.692 ; 32.789 ; 32.864 ; 32.986 ; 33.114 ; 33.207 ; 33.255 ; 33.236 ; 33.279 ; 33.337 ; 33.361 ; 33.360 ; 33.377 ; 
27.909 ; 28.001 ; 27.986 ; 27.957 ; 27.994 ; 27.992 ; 27.971 ; 27.941 ; 27.962 ; 27.961 ; 27.908 ; 27.876 ; 27.803 ; 27.802 ; 27.744 ; 27.626 ; 27.571 ; 27.575 ; 27.559 ; 27.625 ; 27.652 ; 27.645 ; 27.572 ; 27.507 ; 27.411 ; 27.263 ; 27.126 ; 27.029 ; 27.081 ; 27.231 ; 27.411 ; 27.502 ; 27.601 ; 27.709 ; 27.785 ; 27.870 ; 27.803 ; 27.674 ; 27.548 ; 27.496 ; 27.600 ; 27.698 ; 27.666 ; 27.650 ; 27.811 ; 27.976 ; 28.220 ; 28.456 ; 28.573 ; 28.727 ; 28.897 ; 28.951 ; 28.982 ; 28.997 ; 28.970 ; 28.921 ; 28.927 ; 28.981 ; 29.060 ; 29.175 ; 29.310 ; 29.439 ; 29.615 ; 29.836 ; 29.938 ; 30.053 ; 30.274 ; 30.423 ; 30.550 ; 30.720 ; 30.867 ; 30.942 ; 31.016 ; 31.132 ; 31.235 ; 31.309 ; 31.433 ; 31.604 ; 31.735 ; 31.836 ; 31.996 ; 32.157 ; 32.224 ; 32.340 ; 32.429 ; 32.469 ; 32.572 ; 32.685 ; 32.781 ; 32.882 ; 32.977 ; 33.106 ; 33.214 ; 33.251 ; 33.183 ; 33.239 ; 33.325 ; 33.355 ; 33.354 ; 33.380 ; 
27.975 ; 28.035 ; 28.042 ; 28.036 ; 28.051 ; 28.037 ; 28.010 ; 27.983 ; 28.008 ; 27.982 ; 27.939 ; 27.934 ; 27.895 ; 27.851 ; 27.779 ; 27.667 ; 27.608 ; 27.611 ; 27.626 ; 27.667 ; 27.714 ; 27.716 ; 27.625 ; 27.528 ; 27.419 ; 27.350 ; 27.221 ; 27.129 ; 27.194 ; 27.302 ; 27.458 ; 27.554 ; 27.626 ; 27.687 ; 27.757 ; 27.824 ; 27.706 ; 27.472 ; 27.249 ; 27.237 ; 27.304 ; 27.428 ; 27.570 ; 27.643 ; 27.826 ; 28.004 ; 28.268 ; 28.472 ; 28.628 ; 28.794 ; 28.940 ; 28.999 ; 29.006 ; 29.023 ; 29.037 ; 28.947 ; 28.933 ; 29.017 ; 29.088 ; 29.206 ; 29.282 ; 29.479 ; 29.666 ; 29.892 ; 29.997 ; 30.117 ; 30.321 ; 30.468 ; 30.578 ; 30.707 ; 30.869 ; 31.001 ; 31.086 ; 31.183 ; 31.304 ; 31.376 ; 31.502 ; 31.628 ; 31.812 ; 31.923 ; 32.040 ; 32.206 ; 32.271 ; 32.366 ; 32.470 ; 32.550 ; 32.621 ; 32.719 ; 32.822 ; 32.931 ; 33.054 ; 33.188 ; 33.285 ; 33.343 ; 33.293 ; 33.323 ; 33.374 ; 33.420 ; 33.419 ; 33.456 ; 
28.134 ; 28.136 ; 28.192 ; 28.208 ; 28.188 ; 28.166 ; 28.158 ; 28.130 ; 28.130 ; 28.103 ; 28.062 ; 28.068 ; 28.035 ; 28.004 ; 27.926 ; 27.779 ; 27.709 ; 27.718 ; 27.755 ; 27.800 ; 27.838 ; 27.840 ; 27.757 ; 27.686 ; 27.584 ; 27.493 ; 27.378 ; 27.349 ; 27.397 ; 27.448 ; 27.523 ; 27.603 ; 27.682 ; 27.746 ; 27.809 ; 27.823 ; 27.669 ; 27.443 ; 27.318 ; 27.317 ; 27.369 ; 27.435 ; 27.552 ; 27.674 ; 27.846 ; 28.092 ; 28.370 ; 28.597 ; 28.760 ; 28.926 ; 29.076 ; 29.148 ; 29.156 ; 29.174 ; 29.156 ; 29.091 ; 29.075 ; 29.147 ; 29.227 ; 29.351 ; 29.451 ; 29.586 ; 29.780 ; 30.007 ; 30.135 ; 30.217 ; 30.433 ; 30.592 ; 30.733 ; 30.890 ; 31.058 ; 31.137 ; 31.235 ; 31.317 ; 31.447 ; 31.517 ; 31.637 ; 31.760 ; 31.928 ; 32.035 ; 32.175 ; 32.328 ; 32.383 ; 32.486 ; 32.619 ; 32.655 ; 32.750 ; 32.871 ; 32.934 ; 33.035 ; 33.160 ; 33.312 ; 33.422 ; 33.447 ; 33.420 ; 33.446 ; 33.487 ; 33.520 ; 33.530 ; 33.531 ; 
28.188 ; 28.201 ; 28.217 ; 28.229 ; 28.226 ; 28.205 ; 28.184 ; 28.170 ; 28.160 ; 28.159 ; 28.118 ; 28.090 ; 28.063 ; 28.017 ; 27.955 ; 27.830 ; 27.760 ; 27.772 ; 27.793 ; 27.844 ; 27.883 ; 27.866 ; 27.790 ; 27.712 ; 27.609 ; 27.520 ; 27.437 ; 27.450 ; 27.473 ; 27.478 ; 27.534 ; 27.627 ; 27.692 ; 27.729 ; 27.795 ; 27.767 ; 27.605 ; 27.359 ; 27.225 ; 27.296 ; 27.355 ; 27.461 ; 27.588 ; 27.703 ; 27.870 ; 28.128 ; 28.416 ; 28.622 ; 28.798 ; 28.960 ; 29.095 ; 29.187 ; 29.208 ; 29.234 ; 29.226 ; 29.136 ; 29.123 ; 29.196 ; 29.288 ; 29.416 ; 29.491 ; 29.637 ; 29.822 ; 30.036 ; 30.156 ; 30.289 ; 30.488 ; 30.633 ; 30.757 ; 30.914 ; 31.080 ; 31.173 ; 31.292 ; 31.384 ; 31.505 ; 31.592 ; 31.682 ; 31.783 ; 31.961 ; 32.095 ; 32.204 ; 32.368 ; 32.434 ; 32.513 ; 32.648 ; 32.705 ; 32.807 ; 32.919 ; 33.009 ; 33.072 ; 33.195 ; 33.331 ; 33.445 ; 33.526 ; 33.497 ; 33.509 ; 33.532 ; 33.557 ; 33.555 ; 33.574 ; 
28.156 ; 28.149 ; 28.201 ; 28.216 ; 28.213 ; 28.194 ; 28.167 ; 28.160 ; 28.145 ; 28.141 ; 28.111 ; 28.070 ; 28.024 ; 27.981 ; 27.946 ; 27.830 ; 27.786 ; 27.786 ; 27.785 ; 27.826 ; 27.872 ; 27.855 ; 27.769 ; 27.656 ; 27.570 ; 27.479 ; 27.439 ; 27.495 ; 27.523 ; 27.523 ; 27.575 ; 27.642 ; 27.643 ; 27.626 ; 27.671 ; 27.680 ; 27.553 ; 27.317 ; 27.229 ; 27.281 ; 27.331 ; 27.409 ; 27.511 ; 27.668 ; 27.844 ; 28.107 ; 28.394 ; 28.604 ; 28.775 ; 28.959 ; 29.097 ; 29.193 ; 29.217 ; 29.226 ; 29.221 ; 29.159 ; 29.132 ; 29.208 ; 29.293 ; 29.387 ; 29.508 ; 29.638 ; 29.794 ; 30.003 ; 30.167 ; 30.289 ; 30.494 ; 30.669 ; 30.798 ; 30.937 ; 31.112 ; 31.193 ; 31.298 ; 31.376 ; 31.489 ; 31.580 ; 31.677 ; 31.801 ; 31.984 ; 32.109 ; 32.225 ; 32.364 ; 32.432 ; 32.554 ; 32.646 ; 32.703 ; 32.808 ; 32.932 ; 33.021 ; 33.083 ; 33.189 ; 33.323 ; 33.463 ; 33.520 ; 33.515 ; 33.533 ; 33.548 ; 33.570 ; 33.549 ; 33.586 ; 
28.259 ; 28.259 ; 28.300 ; 28.299 ; 28.281 ; 28.263 ; 28.237 ; 28.216 ; 28.192 ; 28.201 ; 28.161 ; 28.141 ; 28.105 ; 28.087 ; 28.013 ; 27.894 ; 27.822 ; 27.854 ; 27.855 ; 27.878 ; 27.943 ; 27.941 ; 27.838 ; 27.685 ; 27.628 ; 27.538 ; 27.507 ; 27.599 ; 27.652 ; 27.645 ; 27.655 ; 27.709 ; 27.695 ; 27.632 ; 27.613 ; 27.596 ; 27.582 ; 27.390 ; 27.275 ; 27.337 ; 27.384 ; 27.473 ; 27.577 ; 27.707 ; 27.875 ; 28.166 ; 28.452 ; 28.681 ; 28.829 ; 28.986 ; 29.138 ; 29.249 ; 29.275 ; 29.304 ; 29.289 ; 29.215 ; 29.196 ; 29.255 ; 29.356 ; 29.455 ; 29.534 ; 29.678 ; 29.829 ; 30.065 ; 30.203 ; 30.311 ; 30.518 ; 30.698 ; 30.805 ; 30.997 ; 31.181 ; 31.260 ; 31.322 ; 31.418 ; 31.528 ; 31.593 ; 31.678 ; 31.854 ; 32.028 ; 32.146 ; 32.262 ; 32.414 ; 32.474 ; 32.546 ; 32.634 ; 32.677 ; 32.846 ; 32.973 ; 33.035 ; 33.098 ; 33.231 ; 33.385 ; 33.487 ; 33.569 ; 33.564 ; 33.556 ; 33.579 ; 33.599 ; 33.600 ; 33.594 ; 
28.366 ; 28.393 ; 28.410 ; 28.381 ; 28.394 ; 28.349 ; 28.337 ; 28.308 ; 28.290 ; 28.289 ; 28.265 ; 28.240 ; 28.189 ; 28.165 ; 28.107 ; 28.004 ; 27.940 ; 27.941 ; 27.955 ; 27.982 ; 28.030 ; 28.014 ; 27.878 ; 27.793 ; 27.717 ; 27.638 ; 27.624 ; 27.749 ; 27.793 ; 27.765 ; 27.725 ; 27.765 ; 27.743 ; 27.584 ; 27.526 ; 27.504 ; 27.542 ; 27.532 ; 27.386 ; 27.396 ; 27.454 ; 27.529 ; 27.650 ; 27.789 ; 27.956 ; 28.233 ; 28.496 ; 28.699 ; 28.870 ; 29.030 ; 29.196 ; 29.290 ; 29.307 ; 29.312 ; 29.328 ; 29.291 ; 29.254 ; 29.294 ; 29.392 ; 29.508 ; 29.608 ; 29.712 ; 29.875 ; 30.080 ; 30.248 ; 30.345 ; 30.559 ; 30.736 ; 30.860 ; 31.010 ; 31.205 ; 31.279 ; 31.347 ; 31.426 ; 31.532 ; 31.605 ; 31.732 ; 31.866 ; 32.054 ; 32.153 ; 32.265 ; 32.420 ; 32.466 ; 32.544 ; 32.685 ; 32.723 ; 32.868 ; 32.975 ; 33.045 ; 33.110 ; 33.221 ; 33.389 ; 33.483 ; 33.581 ; 33.549 ; 33.544 ; 33.581 ; 33.586 ; 33.599 ; 33.585 ; 
28.448 ; 28.490 ; 28.511 ; 28.509 ; 28.489 ; 28.474 ; 28.435 ; 28.385 ; 28.388 ; 28.383 ; 28.364 ; 28.332 ; 28.285 ; 28.226 ; 28.188 ; 28.107 ; 28.031 ; 28.026 ; 28.036 ; 28.069 ; 28.096 ; 28.098 ; 28.002 ; 27.915 ; 27.826 ; 27.786 ; 27.775 ; 27.847 ; 27.889 ; 27.888 ; 27.873 ; 27.878 ; 27.765 ; 27.560 ; 27.437 ; 27.407 ; 27.445 ; 27.542 ; 27.580 ; 27.596 ; 27.621 ; 27.709 ; 27.820 ; 27.940 ; 28.090 ; 28.344 ; 28.619 ; 28.837 ; 29.012 ; 29.144 ; 29.313 ; 29.395 ; 29.425 ; 29.479 ; 29.474 ; 29.431 ; 29.382 ; 29.417 ; 29.497 ; 29.591 ; 29.689 ; 29.798 ; 29.973 ; 30.190 ; 30.370 ; 30.491 ; 30.682 ; 30.872 ; 31.001 ; 31.161 ; 31.320 ; 31.401 ; 31.459 ; 31.522 ; 31.605 ; 31.645 ; 31.854 ; 32.016 ; 32.198 ; 32.324 ; 32.434 ; 32.580 ; 32.644 ; 32.724 ; 32.850 ; 32.892 ; 33.004 ; 33.133 ; 33.202 ; 33.269 ; 33.384 ; 33.507 ; 33.593 ; 33.685 ; 33.715 ; 33.705 ; 33.696 ; 33.709 ; 33.742 ; 33.728 ; 
28.545 ; 28.584 ; 28.622 ; 28.607 ; 28.594 ; 28.548 ; 28.516 ; 28.485 ; 28.475 ; 28.456 ; 28.423 ; 28.407 ; 28.357 ; 28.290 ; 28.260 ; 28.170 ; 28.107 ; 28.094 ; 28.104 ; 28.140 ; 28.174 ; 28.199 ; 28.113 ; 28.012 ; 27.934 ; 27.897 ; 27.803 ; 27.835 ; 27.812 ; 27.835 ; 27.836 ; 27.746 ; 27.611 ; 27.456 ; 27.341 ; 27.357 ; 27.442 ; 27.542 ; 27.652 ; 27.872 ; 28.001 ; 28.025 ; 28.023 ; 28.033 ; 28.228 ; 28.479 ; 28.690 ; 28.884 ; 29.040 ; 29.184 ; 29.331 ; 29.423 ; 29.455 ; 29.482 ; 29.506 ; 29.494 ; 29.441 ; 29.445 ; 29.498 ; 29.584 ; 29.674 ; 29.788 ; 29.994 ; 30.234 ; 30.393 ; 30.505 ; 30.701 ; 30.904 ; 31.021 ; 31.192 ; 31.342 ; 31.408 ; 31.474 ; 31.504 ; 31.590 ; 31.702 ; 31.901 ; 32.005 ; 32.189 ; 32.327 ; 32.416 ; 32.570 ; 32.662 ; 32.736 ; 32.846 ; 32.908 ; 32.984 ; 33.134 ; 33.194 ; 33.255 ; 33.354 ; 33.505 ; 33.592 ; 33.691 ; 33.694 ; 33.667 ; 33.693 ; 33.705 ; 33.715 ; 33.700 ; 
28.598 ; 28.645 ; 28.668 ; 28.662 ; 28.657 ; 28.607 ; 28.585 ; 28.573 ; 28.521 ; 28.497 ; 28.458 ; 28.447 ; 28.422 ; 28.362 ; 28.349 ; 28.258 ; 28.177 ; 28.170 ; 28.165 ; 28.202 ; 28.229 ; 28.235 ; 28.189 ; 28.110 ; 28.061 ; 27.989 ; 27.824 ; 27.829 ; 27.844 ; 27.853 ; 27.818 ; 27.732 ; 27.571 ; 27.387 ; 27.342 ; 27.360 ; 27.489 ; 27.583 ; 27.688 ; 27.864 ; 28.116 ; 28.209 ; 28.205 ; 28.330 ; 28.539 ; 28.690 ; 28.840 ; 29.008 ; 29.153 ; 29.291 ; 29.450 ; 29.546 ; 29.583 ; 29.579 ; 29.610 ; 29.595 ; 29.548 ; 29.555 ; 29.614 ; 29.644 ; 29.694 ; 29.887 ; 30.071 ; 30.335 ; 30.489 ; 30.621 ; 30.810 ; 31.007 ; 31.121 ; 31.307 ; 31.479 ; 31.525 ; 31.535 ; 31.609 ; 31.743 ; 31.905 ; 31.984 ; 32.110 ; 32.288 ; 32.459 ; 32.560 ; 32.703 ; 32.797 ; 32.861 ; 32.951 ; 33.014 ; 33.122 ; 33.237 ; 33.323 ; 33.397 ; 33.507 ; 33.629 ; 33.740 ; 33.814 ; 33.827 ; 33.820 ; 33.838 ; 33.858 ; 33.880 ; 33.863 ; 
28.683 ; 28.690 ; 28.731 ; 28.689 ; 28.688 ; 28.627 ; 28.614 ; 28.596 ; 28.566 ; 28.526 ; 28.499 ; 28.502 ; 28.452 ; 28.400 ; 28.373 ; 28.284 ; 28.191 ; 28.186 ; 28.179 ; 28.216 ; 28.256 ; 28.280 ; 28.262 ; 28.239 ; 28.178 ; 28.078 ; 27.953 ; 27.844 ; 27.779 ; 27.817 ; 27.743 ; 27.650 ; 27.505 ; 27.378 ; 27.337 ; 27.396 ; 27.502 ; 27.587 ; 27.686 ; 27.833 ; 28.050 ; 28.211 ; 28.280 ; 28.455 ; 28.609 ; 28.704 ; 28.929 ; 29.092 ; 29.278 ; 29.387 ; 29.492 ; 29.578 ; 29.615 ; 29.641 ; 29.677 ; 29.633 ; 29.596 ; 29.638 ; 29.674 ; 29.764 ; 29.812 ; 29.938 ; 30.118 ; 30.347 ; 30.503 ; 30.641 ; 30.824 ; 31.045 ; 31.158 ; 31.339 ; 31.498 ; 31.550 ; 31.572 ; 31.592 ; 31.746 ; 31.904 ; 32.029 ; 32.149 ; 32.308 ; 32.451 ; 32.568 ; 32.735 ; 32.848 ; 32.938 ; 33.026 ; 33.121 ; 33.146 ; 33.258 ; 33.360 ; 33.447 ; 33.555 ; 33.679 ; 33.758 ; 33.852 ; 33.908 ; 33.861 ; 33.882 ; 33.892 ; 33.909 ; 33.915 ; 
28.731 ; 28.737 ; 28.749 ; 28.717 ; 28.695 ; 28.643 ; 28.639 ; 28.631 ; 28.566 ; 28.581 ; 28.549 ; 28.533 ; 28.518 ; 28.450 ; 28.415 ; 28.349 ; 28.252 ; 28.242 ; 28.270 ; 28.293 ; 28.332 ; 28.339 ; 28.281 ; 28.185 ; 28.165 ; 28.205 ; 28.067 ; 28.020 ; 27.855 ; 27.732 ; 27.694 ; 27.656 ; 27.563 ; 27.462 ; 27.396 ; 27.416 ; 27.533 ; 27.612 ; 27.697 ; 27.892 ; 28.093 ; 28.229 ; 28.346 ; 28.526 ; 28.741 ; 28.858 ; 28.986 ; 29.171 ; 29.352 ; 29.500 ; 29.634 ; 29.688 ; 29.700 ; 29.686 ; 29.718 ; 29.681 ; 29.665 ; 29.745 ; 29.810 ; 29.908 ; 29.961 ; 30.028 ; 30.156 ; 30.348 ; 30.535 ; 30.671 ; 30.853 ; 31.082 ; 31.211 ; 31.372 ; 31.531 ; 31.597 ; 31.634 ; 31.692 ; 31.811 ; 31.959 ; 32.065 ; 32.186 ; 32.345 ; 32.513 ; 32.603 ; 32.770 ; 32.907 ; 32.974 ; 33.072 ; 33.145 ; 33.182 ; 33.317 ; 33.415 ; 33.506 ; 33.579 ; 33.666 ; 33.804 ; 33.905 ; 33.929 ; 33.868 ; 33.913 ; 33.938 ; 33.936 ; 33.909 ; 
28.741 ; 28.750 ; 28.765 ; 28.756 ; 28.729 ; 28.698 ; 28.674 ; 28.657 ; 28.618 ; 28.616 ; 28.597 ; 28.565 ; 28.539 ; 28.475 ; 28.455 ; 28.387 ; 28.301 ; 28.283 ; 28.275 ; 28.312 ; 28.361 ; 28.373 ; 28.321 ; 28.226 ; 28.177 ; 28.260 ; 28.199 ; 28.135 ; 27.950 ; 27.766 ; 27.701 ; 27.683 ; 27.615 ; 27.509 ; 27.449 ; 27.431 ; 27.540 ; 27.624 ; 27.711 ; 27.879 ; 28.106 ; 28.246 ; 28.364 ; 28.578 ; 28.763 ; 28.942 ; 29.058 ; 29.222 ; 29.437 ; 29.634 ; 29.768 ; 29.829 ; 29.806 ; 29.743 ; 29.751 ; 29.734 ; 29.770 ; 29.850 ; 29.944 ; 30.049 ; 30.112 ; 30.062 ; 30.145 ; 30.377 ; 30.547 ; 30.683 ; 30.844 ; 31.074 ; 31.221 ; 31.393 ; 31.567 ; 31.648 ; 31.686 ; 31.741 ; 31.862 ; 31.979 ; 32.072 ; 32.210 ; 32.360 ; 32.517 ; 32.619 ; 32.796 ; 32.939 ; 33.034 ; 33.134 ; 33.196 ; 33.219 ; 33.343 ; 33.434 ; 33.548 ; 33.642 ; 33.737 ; 33.810 ; 33.907 ; 33.975 ; 33.933 ; 33.975 ; 33.985 ; 33.990 ; 33.972 ; 
28.505 ; 28.504 ; 28.533 ; 28.553 ; 28.520 ; 28.492 ; 28.472 ; 28.486 ; 28.447 ; 28.422 ; 28.426 ; 28.400 ; 28.405 ; 28.346 ; 28.306 ; 28.245 ; 28.139 ; 28.122 ; 28.147 ; 28.191 ; 28.244 ; 28.248 ; 28.216 ; 28.139 ; 28.139 ; 28.090 ; 28.005 ; 27.858 ; 27.746 ; 27.640 ; 27.654 ; 27.625 ; 27.528 ; 27.423 ; 27.360 ; 27.347 ; 27.441 ; 27.516 ; 27.651 ; 27.855 ; 28.086 ; 28.248 ; 28.323 ; 28.516 ; 28.712 ; 28.873 ; 29.089 ; 29.240 ; 29.388 ; 29.548 ; 29.696 ; 29.803 ; 29.769 ; 29.701 ; 29.690 ; 29.659 ; 29.686 ; 29.825 ; 29.959 ; 30.034 ; 30.058 ; 30.089 ; 30.120 ; 30.310 ; 30.474 ; 30.596 ; 30.762 ; 30.986 ; 31.109 ; 31.284 ; 31.485 ; 31.549 ; 31.624 ; 31.690 ; 31.782 ; 31.885 ; 31.974 ; 32.102 ; 32.272 ; 32.426 ; 32.527 ; 32.697 ; 32.853 ; 32.902 ; 32.982 ; 33.053 ; 33.108 ; 33.223 ; 33.331 ; 33.441 ; 33.527 ; 33.623 ; 33.742 ; 33.804 ; 33.857 ; 33.822 ; 33.844 ; 33.866 ; 33.882 ; 33.894 ; 
28.707 ; 28.694 ; 28.700 ; 28.706 ; 28.698 ; 28.649 ; 28.620 ; 28.643 ; 28.608 ; 28.603 ; 28.583 ; 28.553 ; 28.533 ; 28.463 ; 28.437 ; 28.381 ; 28.280 ; 28.251 ; 28.259 ; 28.294 ; 28.332 ; 28.334 ; 28.305 ; 28.195 ; 28.137 ; 28.066 ; 28.014 ; 27.884 ; 27.811 ; 27.768 ; 27.793 ; 27.769 ; 27.657 ; 27.544 ; 27.458 ; 27.440 ; 27.471 ; 27.571 ; 27.710 ; 27.947 ; 28.180 ; 28.344 ; 28.380 ; 28.474 ; 28.651 ; 28.735 ; 29.052 ; 29.316 ; 29.490 ; 29.650 ; 29.760 ; 29.813 ; 29.818 ; 29.804 ; 29.755 ; 29.711 ; 29.787 ; 29.887 ; 29.948 ; 29.970 ; 29.921 ; 29.920 ; 30.012 ; 30.219 ; 30.413 ; 30.525 ; 30.660 ; 30.856 ; 31.034 ; 31.188 ; 31.369 ; 31.506 ; 31.565 ; 31.640 ; 31.722 ; 31.843 ; 31.934 ; 32.024 ; 32.159 ; 32.335 ; 32.456 ; 32.558 ; 32.716 ; 32.788 ; 32.858 ; 32.968 ; 33.041 ; 33.110 ; 33.218 ; 33.309 ; 33.378 ; 33.466 ; 33.543 ; 33.663 ; 33.753 ; 33.797 ; 33.743 ; 33.777 ; 33.841 ; 33.866 ; 
28.661 ; 28.649 ; 28.664 ; 28.678 ; 28.622 ; 28.590 ; 28.601 ; 28.594 ; 28.607 ; 28.564 ; 28.532 ; 28.499 ; 28.491 ; 28.412 ; 28.405 ; 28.327 ; 28.229 ; 28.190 ; 28.199 ; 28.234 ; 28.284 ; 28.289 ; 28.240 ; 28.119 ; 28.021 ; 27.945 ; 27.845 ; 27.748 ; 27.724 ; 27.756 ; 27.796 ; 27.786 ; 27.668 ; 27.544 ; 27.504 ; 27.472 ; 27.485 ; 27.621 ; 27.802 ; 28.021 ; 28.291 ; 28.443 ; 28.459 ; 28.377 ; 28.293 ; 28.544 ; 29.060 ; 29.313 ; 29.583 ; 29.680 ; 29.696 ; 29.688 ; 29.738 ; 29.865 ; 29.837 ; 29.866 ; 29.972 ; 30.056 ; 30.111 ; 30.240 ; 30.357 ; 30.405 ; 30.414 ; 30.446 ; 30.425 ; 30.572 ; 30.743 ; 30.935 ; 31.074 ; 31.236 ; 31.420 ; 31.500 ; 31.561 ; 31.623 ; 31.732 ; 31.842 ; 31.930 ; 32.056 ; 32.195 ; 32.359 ; 32.469 ; 32.618 ; 32.734 ; 32.781 ; 32.894 ; 32.984 ; 33.016 ; 33.103 ; 33.194 ; 33.337 ; 33.417 ; 33.546 ; 33.662 ; 33.755 ; 33.819 ; 33.801 ; 33.800 ; 33.844 ; 33.863 ; 33.904 ; 
