33.422 ; 32.787 ; 32.063 ; 31.364 ; 30.862 ; 30.278 ; 29.540 ; 28.885 ; 28.573 ; 28.355 ; 28.331 ; 28.142 ; 27.600 ; 27.159 ; 26.764 ; 26.338 ; 26.028 ; 25.606 ; 24.955 ; 24.414 ; 23.789 ; 23.160 ; 22.578 ; 22.016 ; 21.449 ; 20.913 ; 20.399 ; 19.863 ; 19.283 ; 18.710 ; 18.129 ; 17.611 ; 17.100 ; 16.553 ; 16.023 ; 15.491 ; 15.009 ; 14.576 ; 14.113 ; 13.626 ; 13.171 ; 12.583 ; 11.619 ; 9.386 ; 7.019 ; 5.196 ; 3.307 ; 1.315 ; -0.039 ; -0.035 ; -0.034 ; -0.029 ; -0.035 ; -0.045 ; -0.040 ; -0.032 ; -0.036 ; -0.039 ; -0.035 ; -0.047 ; -0.040 ; -0.039 ; -0.030 ; -0.045 ; -0.042 ; -0.040 ; -0.049 ; -0.032 ; -0.041 ; -0.047 ; -0.027 ; -0.042 ; -0.035 ; -0.041 ; -0.032 ; -0.052 ; -0.046 ; -0.044 ; -0.038 ; -0.048 ; -0.041 ; -0.039 ; -0.040 ; -0.029 ; -0.049 ; -0.044 ; -0.041 ; -0.040 ; -0.038 ; -0.034 ; -0.032 ; -0.040 ; -0.049 ; -0.041 ; -0.029 ; -0.040 ; -0.046 ; -0.033 ; -0.036 ; -0.041 ; 
34.208 ; 33.704 ; 33.196 ; 32.813 ; 32.330 ; 31.768 ; 31.049 ; 30.390 ; 29.864 ; 29.401 ; 28.885 ; 28.202 ; 27.636 ; 27.172 ; 26.850 ; 26.590 ; 26.067 ; 25.477 ; 24.894 ; 24.311 ; 23.753 ; 23.139 ; 22.527 ; 21.953 ; 21.390 ; 20.891 ; 20.404 ; 19.879 ; 19.312 ; 18.740 ; 18.140 ; 17.539 ; 17.003 ; 16.525 ; 16.017 ; 15.493 ; 15.007 ; 14.589 ; 14.021 ; 12.882 ; 10.905 ; 9.364 ; 7.825 ; 6.290 ; 4.767 ; 3.228 ; 1.722 ; 0.244 ; -0.029 ; -0.041 ; -0.036 ; -0.044 ; -0.049 ; -0.034 ; -0.034 ; -0.033 ; -0.048 ; -0.039 ; -0.035 ; -0.026 ; -0.030 ; -0.033 ; -0.045 ; -0.034 ; -0.030 ; -0.030 ; -0.045 ; -0.044 ; -0.034 ; -0.035 ; -0.033 ; -0.038 ; -0.033 ; -0.044 ; -0.049 ; -0.032 ; -0.042 ; -0.036 ; -0.039 ; -0.047 ; -0.041 ; -0.038 ; -0.040 ; -0.034 ; -0.033 ; -0.035 ; -0.035 ; -0.029 ; -0.034 ; -0.035 ; -0.047 ; -0.036 ; -0.035 ; -0.042 ; -0.036 ; -0.045 ; -0.032 ; -0.033 ; -0.035 ; -0.040 ; 
35.637 ; 34.938 ; 34.194 ; 33.487 ; 32.945 ; 32.400 ; 31.858 ; 31.106 ; 30.561 ; 29.948 ; 29.441 ; 28.861 ; 28.332 ; 27.949 ; 27.640 ; 27.173 ; 26.610 ; 26.022 ; 25.488 ; 24.906 ; 24.335 ; 23.664 ; 23.038 ; 22.492 ; 21.946 ; 21.392 ; 20.873 ; 20.327 ; 19.765 ; 19.239 ; 18.662 ; 18.059 ; 17.515 ; 16.980 ; 16.429 ; 15.862 ; 15.365 ; 14.886 ; 14.464 ; 13.987 ; 13.491 ; 12.949 ; 12.111 ; 10.509 ; 8.954 ; 7.403 ; 5.859 ; 4.341 ; 2.794 ; 1.281 ; -0.028 ; -0.044 ; -0.047 ; -0.039 ; -0.033 ; -0.042 ; -0.039 ; -0.042 ; -0.041 ; -0.046 ; -0.042 ; -0.036 ; -0.041 ; -0.035 ; -0.049 ; -0.042 ; -0.034 ; -0.038 ; -0.042 ; -0.036 ; -0.045 ; -0.040 ; -0.036 ; -0.044 ; -0.035 ; -0.044 ; -0.045 ; -0.047 ; -0.041 ; -0.039 ; -0.042 ; -0.034 ; -0.030 ; -0.027 ; -0.035 ; -0.042 ; -0.039 ; -0.035 ; -0.041 ; -0.045 ; -0.039 ; -0.035 ; -0.032 ; -0.036 ; -0.040 ; -0.033 ; -0.032 ; -0.041 ; -0.038 ; -0.032 ; 
35.036 ; 34.295 ; 33.582 ; 32.930 ; 32.308 ; 31.850 ; 31.262 ; 30.558 ; 29.885 ; 29.482 ; 29.169 ; 28.686 ; 28.192 ; 27.718 ; 27.165 ; 26.582 ; 26.036 ; 25.462 ; 24.893 ; 24.278 ; 23.627 ; 22.958 ; 22.282 ; 21.654 ; 21.079 ; 20.497 ; 19.888 ; 19.288 ; 18.672 ; 18.121 ; 17.610 ; 17.066 ; 16.523 ; 16.019 ; 15.492 ; 14.943 ; 14.452 ; 14.002 ; 13.582 ; 13.149 ; 12.726 ; 12.245 ; 11.787 ; 11.225 ; 10.227 ; 8.473 ; 6.927 ; 5.411 ; 3.889 ; 2.387 ; 0.873 ; -0.046 ; -0.042 ; -0.033 ; -0.040 ; -0.039 ; -0.027 ; -0.046 ; -0.042 ; -0.041 ; -0.041 ; -0.035 ; -0.044 ; -0.038 ; -0.038 ; -0.041 ; -0.036 ; -0.047 ; -0.036 ; -0.035 ; -0.044 ; -0.044 ; -0.044 ; -0.039 ; -0.030 ; -0.033 ; -0.041 ; -0.047 ; -0.033 ; -0.046 ; -0.032 ; -0.032 ; -0.034 ; -0.040 ; -0.030 ; -0.041 ; -0.040 ; -0.038 ; -0.040 ; -0.033 ; -0.051 ; -0.034 ; -0.041 ; -0.046 ; -0.044 ; -0.040 ; -0.042 ; -0.041 ; -0.036 ; -0.041 ; 
36.867 ; 36.178 ; 35.485 ; 34.836 ; 34.280 ; 33.716 ; 33.137 ; 32.580 ; 31.966 ; 31.444 ; 30.884 ; 30.305 ; 29.775 ; 29.296 ; 28.756 ; 28.173 ; 27.618 ; 27.148 ; 26.608 ; 26.080 ; 25.532 ; 24.950 ; 24.346 ; 23.839 ; 23.301 ; 22.253 ; 20.331 ; 18.785 ; 17.251 ; 15.718 ; 14.161 ; 12.638 ; 11.089 ; 9.564 ; 8.026 ; 6.481 ; 4.963 ; 3.421 ; 1.916 ; 0.420 ; -0.041 ; -0.044 ; -0.044 ; -0.039 ; -0.035 ; -0.047 ; -0.041 ; -0.044 ; -0.027 ; -0.032 ; -0.046 ; -0.044 ; -0.041 ; -0.051 ; -0.051 ; -0.038 ; -0.028 ; -0.036 ; -0.039 ; -0.048 ; -0.055 ; -0.034 ; -0.035 ; -0.035 ; -0.035 ; -0.047 ; -0.041 ; -0.039 ; -0.042 ; -0.036 ; -0.030 ; -0.029 ; -0.048 ; -0.030 ; -0.038 ; -0.047 ; -0.039 ; -0.048 ; -0.039 ; -0.035 ; -0.036 ; -0.042 ; -0.044 ; -0.040 ; -0.035 ; -0.027 ; -0.040 ; -0.042 ; -0.033 ; -0.042 ; -0.045 ; -0.045 ; -0.038 ; -0.039 ; -0.033 ; -0.041 ; -0.034 ; -0.045 ; -0.046 ; -0.041 ; 
41.249 ; 40.635 ; 39.975 ; 39.365 ; 38.802 ; 38.267 ; 37.675 ; 37.077 ; 36.493 ; 35.938 ; 35.417 ; 34.873 ; 34.338 ; 33.874 ; 33.334 ; 32.771 ; 32.231 ; 31.706 ; 31.187 ; 30.677 ; 30.148 ; 29.516 ; 28.829 ; 28.280 ; 27.728 ; 27.214 ; 26.745 ; 26.261 ; 25.722 ; 25.163 ; 24.666 ; 23.906 ; 22.300 ; 20.492 ; 18.899 ; 17.298 ; 15.678 ; 14.083 ; 12.493 ; 10.917 ; 9.306 ; 7.708 ; 6.128 ; 4.553 ; 2.991 ; 1.449 ; 0.009 ; -0.035 ; -0.046 ; -0.035 ; -0.038 ; -0.036 ; -0.044 ; -0.027 ; -0.032 ; -0.029 ; -0.042 ; -0.042 ; -0.040 ; -0.038 ; -0.036 ; -0.035 ; -0.038 ; -0.042 ; -0.039 ; -0.041 ; -0.040 ; -0.045 ; -0.033 ; -0.040 ; -0.047 ; -0.034 ; -0.045 ; -0.032 ; -0.045 ; -0.028 ; -0.035 ; -0.034 ; -0.029 ; -0.046 ; -0.038 ; -0.035 ; -0.035 ; -0.038 ; -0.034 ; -0.034 ; -0.045 ; -0.039 ; -0.038 ; -0.038 ; -0.039 ; -0.036 ; -0.044 ; -0.045 ; -0.058 ; -0.042 ; -0.028 ; -0.036 ; -0.038 ; -0.040 ; 
41.458 ; 40.784 ; 40.093 ; 39.443 ; 38.856 ; 38.317 ; 37.782 ; 37.246 ; 36.677 ; 36.092 ; 35.568 ; 35.075 ; 34.556 ; 34.048 ; 33.561 ; 33.048 ; 32.474 ; 31.885 ; 31.384 ; 30.836 ; 30.363 ; 29.800 ; 29.205 ; 28.561 ; 27.944 ; 27.421 ; 26.926 ; 26.402 ; 25.826 ; 25.140 ; 24.659 ; 24.244 ; 23.674 ; 23.119 ; 22.589 ; 22.070 ; 21.511 ; 20.986 ; 20.510 ; 20.073 ; 19.654 ; 19.167 ; 18.686 ; 18.267 ; 17.808 ; 17.395 ; 16.963 ; 16.586 ; 16.130 ; 15.690 ; 15.230 ; 14.762 ; 14.288 ; 13.843 ; 13.416 ; 13.207 ; 13.308 ; 13.706 ; 13.910 ; 13.615 ; 13.021 ; 11.921 ; 11.176 ; 10.765 ; 10.539 ; 10.269 ; 10.071 ; 9.920 ; 9.717 ; 9.434 ; 9.046 ; 8.418 ; 7.864 ; 7.519 ; 6.874 ; 6.552 ; 6.549 ; 6.568 ; 6.531 ; 6.454 ; 6.332 ; 6.174 ; 6.033 ; 5.882 ; 5.742 ; 5.565 ; 5.407 ; 5.214 ; 5.038 ; 4.865 ; 4.722 ; 4.564 ; 4.427 ; 4.288 ; 4.131 ; 3.963 ; 3.807 ; 3.672 ; 3.539 ; 3.467 ; 
41.740 ; 41.065 ; 40.383 ; 39.766 ; 39.209 ; 38.695 ; 38.197 ; 37.674 ; 37.142 ; 36.620 ; 36.060 ; 35.590 ; 35.072 ; 34.538 ; 34.042 ; 33.526 ; 32.972 ; 32.441 ; 31.974 ; 31.495 ; 30.972 ; 30.424 ; 29.818 ; 29.098 ; 28.501 ; 27.988 ; 27.422 ; 26.909 ; 26.380 ; 25.815 ; 25.159 ; 24.629 ; 24.199 ; 23.642 ; 23.023 ; 22.501 ; 21.926 ; 21.382 ; 20.882 ; 20.431 ; 19.953 ; 19.431 ; 18.966 ; 18.508 ; 18.072 ; 17.641 ; 17.163 ; 16.748 ; 16.322 ; 15.845 ; 15.351 ; 14.860 ; 14.388 ; 14.033 ; 14.021 ; 14.159 ; 14.242 ; 14.289 ; 14.110 ; 13.731 ; 13.493 ; 13.078 ; 12.036 ; 11.037 ; 10.473 ; 10.170 ; 9.939 ; 9.742 ; 9.561 ; 9.374 ; 9.164 ; 8.904 ; 8.428 ; 7.560 ; 6.709 ; 6.368 ; 6.381 ; 6.341 ; 6.322 ; 6.246 ; 6.094 ; 5.934 ; 5.761 ; 5.621 ; 5.459 ; 5.297 ; 5.110 ; 4.921 ; 4.757 ; 4.602 ; 4.430 ; 4.270 ; 4.135 ; 3.974 ; 3.840 ; 3.707 ; 3.539 ; 3.382 ; 3.248 ; 3.146 ; 
42.023 ; 41.281 ; 40.560 ; 39.875 ; 39.290 ; 38.750 ; 38.253 ; 37.730 ; 37.230 ; 36.694 ; 36.167 ; 35.605 ; 35.103 ; 34.606 ; 34.121 ; 33.618 ; 33.114 ; 32.579 ; 32.066 ; 31.605 ; 31.044 ; 30.505 ; 30.027 ; 29.417 ; 28.730 ; 28.214 ; 27.562 ; 27.047 ; 26.534 ; 25.947 ; 25.284 ; 24.745 ; 24.330 ; 23.824 ; 23.248 ; 22.734 ; 22.245 ; 21.671 ; 21.149 ; 20.681 ; 20.248 ; 19.730 ; 19.300 ; 18.859 ; 18.421 ; 17.999 ; 17.546 ; 17.131 ; 16.717 ; 16.241 ; 15.768 ; 15.274 ; 14.843 ; 14.491 ; 14.542 ; 14.878 ; 15.037 ; 15.081 ; 14.954 ; 14.678 ; 14.401 ; 14.068 ; 13.445 ; 12.372 ; 11.405 ; 10.802 ; 10.564 ; 10.358 ; 10.140 ; 9.967 ; 9.767 ; 9.512 ; 9.054 ; 8.320 ; 7.606 ; 7.178 ; 7.163 ; 7.105 ; 6.986 ; 6.881 ; 6.728 ; 6.546 ; 6.380 ; 6.228 ; 6.039 ; 5.899 ; 5.744 ; 5.557 ; 5.355 ; 5.168 ; 4.986 ; 4.822 ; 4.671 ; 4.530 ; 4.356 ; 4.186 ; 3.995 ; 3.830 ; 3.667 ; 3.594 ; 
42.019 ; 41.313 ; 40.477 ; 39.775 ; 39.176 ; 38.589 ; 38.086 ; 37.583 ; 37.104 ; 36.555 ; 35.951 ; 35.406 ; 34.938 ; 34.454 ; 34.021 ; 33.478 ; 32.935 ; 32.475 ; 32.042 ; 31.538 ; 30.943 ; 30.316 ; 29.780 ; 29.316 ; 28.766 ; 28.235 ; 27.634 ; 27.090 ; 26.546 ; 25.996 ; 25.438 ; 24.711 ; 24.051 ; 23.568 ; 22.922 ; 22.406 ; 21.953 ; 21.334 ; 20.763 ; 20.277 ; 19.808 ; 19.331 ; 18.914 ; 18.492 ; 17.998 ; 17.519 ; 17.045 ; 16.630 ; 16.225 ; 15.721 ; 15.175 ; 14.664 ; 14.190 ; 13.810 ; 13.732 ; 14.204 ; 14.524 ; 14.498 ; 14.217 ; 13.901 ; 13.622 ; 13.319 ; 12.871 ; 11.963 ; 10.835 ; 10.027 ; 9.818 ; 9.631 ; 9.471 ; 9.308 ; 9.114 ; 8.830 ; 8.474 ; 8.198 ; 8.053 ; 7.856 ; 7.513 ; 6.927 ; 6.289 ; 6.081 ; 5.897 ; 5.732 ; 5.584 ; 5.406 ; 5.232 ; 5.111 ; 4.987 ; 4.821 ; 4.640 ; 4.444 ; 4.258 ; 4.115 ; 3.980 ; 3.835 ; 3.687 ; 3.539 ; 3.388 ; 3.242 ; 3.101 ; 3.037 ; 
42.655 ; 41.822 ; 40.955 ; 40.201 ; 39.591 ; 39.051 ; 38.534 ; 38.039 ; 37.536 ; 37.013 ; 36.497 ; 35.964 ; 35.509 ; 35.098 ; 34.590 ; 33.990 ; 33.440 ; 32.904 ; 32.402 ; 31.909 ; 31.356 ; 30.805 ; 30.270 ; 29.751 ; 29.202 ; 28.671 ; 28.073 ; 27.572 ; 26.986 ; 26.470 ; 25.954 ; 25.387 ; 24.815 ; 24.173 ; 23.579 ; 23.074 ; 22.542 ; 21.901 ; 21.338 ; 20.823 ; 20.313 ; 19.910 ; 19.576 ; 19.158 ; 18.672 ; 18.217 ; 17.704 ; 17.261 ; 16.916 ; 16.447 ; 15.867 ; 15.329 ; 14.892 ; 14.560 ; 14.646 ; 15.111 ; 15.334 ; 15.248 ; 14.915 ; 14.546 ; 14.237 ; 13.979 ; 13.632 ; 13.084 ; 12.118 ; 11.164 ; 10.936 ; 11.115 ; 11.220 ; 11.150 ; 10.925 ; 10.703 ; 10.463 ; 9.906 ; 9.364 ; 9.033 ; 8.672 ; 8.249 ; 7.540 ; 6.871 ; 6.663 ; 6.479 ; 6.275 ; 6.104 ; 5.938 ; 5.804 ; 5.686 ; 5.515 ; 5.376 ; 5.196 ; 5.006 ; 4.864 ; 4.719 ; 4.558 ; 4.385 ; 4.227 ; 4.072 ; 3.921 ; 3.768 ; 3.667 ; 
42.991 ; 42.221 ; 41.283 ; 40.551 ; 39.973 ; 39.425 ; 38.904 ; 38.365 ; 37.927 ; 37.543 ; 36.978 ; 36.345 ; 35.867 ; 35.373 ; 34.786 ; 34.196 ; 33.636 ; 33.101 ; 32.627 ; 32.053 ; 31.438 ; 30.903 ; 30.472 ; 29.989 ; 29.484 ; 28.990 ; 28.403 ; 27.775 ; 27.235 ; 26.743 ; 26.170 ; 25.622 ; 25.023 ; 24.412 ; 23.860 ; 23.254 ; 22.763 ; 22.306 ; 21.677 ; 21.216 ; 20.798 ; 20.441 ; 20.036 ; 19.513 ; 18.956 ; 18.430 ; 17.881 ; 17.482 ; 17.186 ; 16.701 ; 16.001 ; 15.450 ; 15.028 ; 14.774 ; 14.892 ; 15.276 ; 15.518 ; 15.434 ; 15.086 ; 14.716 ; 14.405 ; 14.093 ; 13.776 ; 13.434 ; 12.908 ; 12.604 ; 12.567 ; 12.180 ; 11.818 ; 11.405 ; 11.196 ; 10.932 ; 10.684 ; 10.243 ; 9.819 ; 9.429 ; 9.103 ; 8.802 ; 8.277 ; 7.455 ; 6.900 ; 6.651 ; 6.408 ; 6.242 ; 6.103 ; 5.956 ; 5.839 ; 5.699 ; 5.537 ; 5.374 ; 5.214 ; 5.067 ; 4.918 ; 4.735 ; 4.588 ; 4.441 ; 4.300 ; 4.139 ; 4.032 ; 3.981 ; 
42.729 ; 41.866 ; 41.035 ; 40.495 ; 39.967 ; 39.406 ; 38.972 ; 38.498 ; 37.891 ; 37.339 ; 36.742 ; 36.190 ; 35.710 ; 35.253 ; 34.697 ; 34.092 ; 33.516 ; 33.022 ; 32.512 ; 32.014 ; 31.452 ; 30.904 ; 30.452 ; 29.970 ; 29.437 ; 28.905 ; 28.321 ; 27.722 ; 27.200 ; 26.703 ; 26.128 ; 25.548 ; 24.966 ; 24.349 ; 23.776 ; 23.235 ; 22.746 ; 22.225 ; 21.727 ; 21.252 ; 20.821 ; 20.340 ; 19.895 ; 19.473 ; 18.986 ; 18.495 ; 18.036 ; 17.662 ; 17.296 ; 16.840 ; 16.187 ; 15.568 ; 15.181 ; 14.928 ; 15.115 ; 15.445 ; 15.553 ; 15.400 ; 15.084 ; 14.752 ; 14.372 ; 14.012 ; 13.702 ; 13.454 ; 13.214 ; 12.995 ; 12.753 ; 12.453 ; 11.904 ; 11.293 ; 11.078 ; 10.897 ; 10.752 ; 10.440 ; 9.938 ; 9.530 ; 9.124 ; 8.823 ; 8.502 ; 7.976 ; 7.259 ; 6.584 ; 6.369 ; 6.193 ; 6.020 ; 5.908 ; 5.791 ; 5.669 ; 5.530 ; 5.389 ; 5.251 ; 5.133 ; 4.999 ; 4.777 ; 4.627 ; 4.473 ; 4.341 ; 4.204 ; 4.096 ; 4.057 ; 
42.890 ; 42.176 ; 41.236 ; 40.649 ; 40.192 ; 39.600 ; 39.082 ; 38.515 ; 37.944 ; 37.401 ; 36.819 ; 36.277 ; 35.816 ; 35.330 ; 34.760 ; 34.158 ; 33.553 ; 33.023 ; 32.509 ; 31.983 ; 31.459 ; 30.929 ; 30.419 ; 29.936 ; 29.442 ; 28.966 ; 28.366 ; 27.816 ; 27.263 ; 26.679 ; 26.139 ; 25.527 ; 24.900 ; 24.322 ; 23.775 ; 23.221 ; 22.709 ; 22.193 ; 21.702 ; 21.214 ; 20.769 ; 20.338 ; 19.895 ; 19.442 ; 18.983 ; 18.488 ; 18.023 ; 17.581 ; 17.133 ; 16.656 ; 16.102 ; 15.612 ; 15.646 ; 15.716 ; 15.796 ; 15.858 ; 15.686 ; 15.326 ; 14.986 ; 14.659 ; 14.296 ; 13.942 ; 13.616 ; 13.370 ; 13.131 ; 12.872 ; 12.640 ; 12.399 ; 12.065 ; 11.644 ; 11.343 ; 11.006 ; 10.694 ; 10.353 ; 9.996 ; 9.601 ; 9.177 ; 8.963 ; 8.716 ; 8.283 ; 7.807 ; 6.823 ; 5.784 ; 4.411 ; 3.679 ; 3.480 ; 3.280 ; 3.141 ; 3.102 ; 3.166 ; 3.312 ; 3.513 ; 3.718 ; 3.852 ; 3.992 ; 4.165 ; 4.345 ; 4.529 ; 4.677 ; 4.707 ; 
43.583 ; 42.924 ; 42.114 ; 41.300 ; 40.728 ; 40.195 ; 39.653 ; 39.174 ; 38.623 ; 38.019 ; 37.517 ; 36.956 ; 36.444 ; 35.943 ; 35.386 ; 34.825 ; 34.248 ; 33.704 ; 33.207 ; 32.661 ; 32.188 ; 31.661 ; 31.169 ; 30.695 ; 30.227 ; 29.708 ; 29.153 ; 28.613 ; 28.004 ; 27.431 ; 26.928 ; 26.346 ; 25.708 ; 25.140 ; 24.586 ; 24.032 ; 23.504 ; 22.988 ; 22.466 ; 21.932 ; 21.492 ; 21.061 ; 20.618 ; 20.197 ; 19.742 ; 19.274 ; 18.799 ; 18.313 ; 17.812 ; 17.511 ; 17.606 ; 17.828 ; 17.833 ; 17.415 ; 16.768 ; 16.536 ; 16.462 ; 16.117 ; 15.780 ; 15.413 ; 15.082 ; 14.722 ; 14.401 ; 14.106 ; 13.881 ; 13.623 ; 13.382 ; 13.138 ; 12.917 ; 12.632 ; 12.249 ; 11.818 ; 11.517 ; 11.142 ; 10.704 ; 10.391 ; 10.043 ; 9.718 ; 9.507 ; 9.118 ; 9.002 ; 9.014 ; 9.092 ; 9.354 ; 9.568 ; 9.853 ; 9.879 ; 9.598 ; 9.245 ; 8.860 ; 8.467 ; 8.063 ; 7.634 ; 7.249 ; 6.850 ; 6.488 ; 6.168 ; 5.878 ; 5.670 ; 5.546 ; 
43.717 ; 43.099 ; 42.308 ; 41.618 ; 41.053 ; 40.419 ; 39.834 ; 39.340 ; 38.793 ; 38.286 ; 37.730 ; 37.199 ; 36.621 ; 36.125 ; 35.612 ; 35.011 ; 34.440 ; 33.887 ; 33.392 ; 32.874 ; 32.388 ; 31.881 ; 31.425 ; 30.952 ; 30.505 ; 29.976 ; 29.380 ; 28.836 ; 28.293 ; 27.713 ; 27.167 ; 26.572 ; 25.923 ; 25.327 ; 24.845 ; 24.303 ; 23.780 ; 23.255 ; 22.738 ; 22.221 ; 21.742 ; 21.282 ; 20.843 ; 20.410 ; 19.946 ; 19.436 ; 18.950 ; 18.491 ; 18.131 ; 18.289 ; 18.612 ; 18.666 ; 18.391 ; 17.979 ; 17.542 ; 17.116 ; 16.729 ; 16.373 ; 16.040 ; 15.694 ; 15.358 ; 14.973 ; 14.639 ; 14.396 ; 14.130 ; 13.853 ; 13.602 ; 13.358 ; 13.147 ; 12.919 ; 12.655 ; 12.325 ; 11.901 ; 11.488 ; 11.096 ; 10.757 ; 10.490 ; 10.268 ; 9.987 ; 9.551 ; 9.343 ; 9.276 ; 9.220 ; 9.211 ; 9.339 ; 9.505 ; 9.491 ; 9.249 ; 8.928 ; 8.561 ; 8.198 ; 7.796 ; 7.401 ; 7.001 ; 6.626 ; 6.240 ; 5.922 ; 5.649 ; 5.450 ; 5.322 ; 
43.867 ; 43.238 ; 42.490 ; 41.872 ; 41.278 ; 40.655 ; 40.077 ; 39.561 ; 39.022 ; 38.457 ; 37.917 ; 37.343 ; 36.828 ; 36.350 ; 35.830 ; 35.289 ; 34.705 ; 34.115 ; 33.592 ; 33.101 ; 32.632 ; 32.195 ; 31.727 ; 31.236 ; 30.794 ; 30.286 ; 29.676 ; 29.113 ; 28.581 ; 28.007 ; 27.453 ; 26.871 ; 26.257 ; 25.650 ; 25.164 ; 24.619 ; 24.106 ; 23.547 ; 23.022 ; 22.491 ; 22.002 ; 21.522 ; 21.061 ; 20.575 ; 20.110 ; 19.640 ; 19.251 ; 19.098 ; 19.212 ; 19.181 ; 19.157 ; 19.052 ; 18.678 ; 18.251 ; 17.826 ; 17.397 ; 17.018 ; 16.648 ; 16.322 ; 15.966 ; 15.651 ; 15.303 ; 14.975 ; 14.688 ; 14.386 ; 14.110 ; 13.853 ; 13.626 ; 13.436 ; 13.197 ; 12.935 ; 12.686 ; 12.474 ; 12.035 ; 11.546 ; 11.154 ; 10.891 ; 10.693 ; 10.460 ; 10.102 ; 9.991 ; 10.076 ; 10.024 ; 9.789 ; 9.581 ; 9.555 ; 9.626 ; 9.652 ; 9.471 ; 9.141 ; 8.768 ; 8.383 ; 7.990 ; 7.587 ; 7.181 ; 6.819 ; 6.470 ; 6.172 ; 5.954 ; 5.848 ; 
43.421 ; 42.804 ; 42.129 ; 41.568 ; 41.004 ; 40.385 ; 39.786 ; 39.277 ; 38.716 ; 38.113 ; 37.547 ; 37.011 ; 36.508 ; 36.010 ; 35.447 ; 34.887 ; 34.347 ; 33.734 ; 33.202 ; 32.726 ; 32.254 ; 31.790 ; 31.333 ; 30.861 ; 30.412 ; 29.859 ; 29.226 ; 28.692 ; 28.115 ; 27.536 ; 26.993 ; 26.428 ; 25.857 ; 25.279 ; 24.747 ; 24.216 ; 23.706 ; 23.174 ; 22.601 ; 22.069 ; 21.561 ; 21.070 ; 20.526 ; 20.069 ; 19.595 ; 19.133 ; 18.712 ; 18.399 ; 18.342 ; 18.559 ; 18.643 ; 18.568 ; 18.237 ; 17.816 ; 17.415 ; 16.991 ; 16.597 ; 16.261 ; 15.917 ; 15.563 ; 15.246 ; 14.948 ; 14.576 ; 14.226 ; 13.951 ; 13.696 ; 13.435 ; 13.213 ; 13.009 ; 12.830 ; 12.596 ; 12.329 ; 12.042 ; 11.630 ; 11.190 ; 10.896 ; 10.672 ; 10.494 ; 10.360 ; 10.328 ; 10.140 ; 9.960 ; 9.758 ; 9.563 ; 9.358 ; 9.189 ; 9.174 ; 9.244 ; 9.243 ; 9.034 ; 8.709 ; 8.378 ; 8.031 ; 7.676 ; 7.317 ; 6.947 ; 6.622 ; 6.333 ; 6.122 ; 6.008 ; 
42.787 ; 42.212 ; 41.556 ; 41.048 ; 40.548 ; 39.936 ; 39.261 ; 38.710 ; 38.120 ; 37.535 ; 36.948 ; 36.398 ; 35.878 ; 35.354 ; 34.816 ; 34.251 ; 33.704 ; 33.126 ; 32.595 ; 32.130 ; 31.618 ; 31.192 ; 30.738 ; 30.300 ; 29.791 ; 29.226 ; 28.640 ; 28.043 ; 27.480 ; 26.938 ; 26.393 ; 25.822 ; 25.187 ; 24.653 ; 24.105 ; 23.563 ; 23.065 ; 22.503 ; 21.971 ; 21.419 ; 20.852 ; 20.370 ; 19.876 ; 19.336 ; 18.856 ; 18.397 ; 17.980 ; 17.586 ; 17.470 ; 17.761 ; 17.975 ; 17.906 ; 17.563 ; 17.140 ; 16.764 ; 16.376 ; 16.016 ; 15.623 ; 15.309 ; 14.985 ; 14.677 ; 14.353 ; 13.977 ; 13.650 ; 13.353 ; 13.089 ; 12.827 ; 12.583 ; 12.423 ; 12.234 ; 11.990 ; 11.713 ; 11.419 ; 11.007 ; 10.576 ; 10.354 ; 10.213 ; 10.111 ; 9.927 ; 9.711 ; 9.530 ; 9.327 ; 9.137 ; 8.920 ; 8.682 ; 8.403 ; 8.090 ; 7.943 ; 7.955 ; 7.826 ; 7.642 ; 7.467 ; 7.332 ; 7.156 ; 6.996 ; 6.863 ; 6.727 ; 6.580 ; 6.470 ; 6.415 ; 
42.440 ; 41.862 ; 41.291 ; 40.772 ; 40.193 ; 39.576 ; 38.952 ; 38.425 ; 37.828 ; 37.218 ; 36.672 ; 36.134 ; 35.640 ; 35.112 ; 34.575 ; 33.991 ; 33.476 ; 32.889 ; 32.361 ; 31.872 ; 31.378 ; 30.922 ; 30.462 ; 30.002 ; 29.454 ; 28.911 ; 28.339 ; 27.787 ; 27.219 ; 26.685 ; 26.131 ; 25.508 ; 24.920 ; 24.336 ; 23.762 ; 23.211 ; 22.709 ; 22.191 ; 21.690 ; 21.066 ; 20.552 ; 20.036 ; 19.483 ; 18.977 ; 18.459 ; 18.016 ; 17.643 ; 17.275 ; 17.141 ; 17.420 ; 17.667 ; 17.577 ; 17.200 ; 16.806 ; 16.385 ; 16.029 ; 15.666 ; 15.308 ; 14.973 ; 14.617 ; 14.301 ; 13.981 ; 13.635 ; 13.315 ; 13.020 ; 12.713 ; 12.438 ; 12.251 ; 12.067 ; 11.873 ; 11.636 ; 11.379 ; 11.101 ; 10.809 ; 10.441 ; 10.181 ; 10.015 ; 9.808 ; 9.586 ; 9.343 ; 9.130 ; 8.919 ; 8.725 ; 8.487 ; 8.200 ; 7.943 ; 7.793 ; 7.646 ; 7.498 ; 7.333 ; 7.157 ; 7.004 ; 6.866 ; 6.732 ; 6.555 ; 6.419 ; 6.286 ; 6.149 ; 6.042 ; 5.991 ; 
42.225 ; 41.863 ; 41.251 ; 40.690 ; 40.168 ; 39.532 ; 38.878 ; 38.274 ; 37.652 ; 37.126 ; 36.582 ; 36.037 ; 35.534 ; 35.025 ; 34.488 ; 33.930 ; 33.373 ; 32.856 ; 32.341 ; 31.815 ; 31.305 ; 30.849 ; 30.424 ; 29.950 ; 29.417 ; 28.880 ; 28.306 ; 27.762 ; 27.209 ; 26.685 ; 26.136 ; 25.554 ; 24.912 ; 24.346 ; 23.782 ; 23.223 ; 22.710 ; 22.186 ; 21.703 ; 21.143 ; 20.538 ; 19.989 ; 19.425 ; 18.912 ; 18.501 ; 18.003 ; 17.644 ; 17.376 ; 17.380 ; 17.618 ; 17.773 ; 17.626 ; 17.207 ; 16.791 ; 16.375 ; 16.021 ; 15.657 ; 15.321 ; 14.945 ; 14.616 ; 14.290 ; 13.952 ; 13.627 ; 13.344 ; 13.025 ; 12.750 ; 12.509 ; 12.275 ; 12.085 ; 11.865 ; 11.603 ; 11.337 ; 11.054 ; 10.803 ; 10.537 ; 10.274 ; 9.999 ; 9.779 ; 9.549 ; 9.323 ; 9.083 ; 8.857 ; 8.623 ; 8.363 ; 8.094 ; 7.906 ; 7.718 ; 7.567 ; 7.417 ; 7.249 ; 7.087 ; 6.935 ; 6.782 ; 6.635 ; 6.475 ; 6.344 ; 6.193 ; 6.060 ; 5.978 ; 5.939 ; 
42.440 ; 41.859 ; 41.386 ; 40.799 ; 40.190 ; 39.439 ; 38.816 ; 38.169 ; 37.539 ; 36.960 ; 36.454 ; 35.907 ; 35.367 ; 34.813 ; 34.258 ; 33.737 ; 33.207 ; 32.693 ; 32.116 ; 31.579 ; 31.081 ; 30.579 ; 30.137 ; 29.629 ; 29.064 ; 28.559 ; 28.016 ; 27.473 ; 26.887 ; 26.337 ; 25.783 ; 25.129 ; 24.441 ; 23.876 ; 23.416 ; 22.954 ; 22.413 ; 21.899 ; 21.371 ; 20.831 ; 20.180 ; 19.624 ; 19.264 ; 18.784 ; 18.401 ; 17.964 ; 17.617 ; 17.622 ; 17.679 ; 17.561 ; 17.502 ; 17.282 ; 16.862 ; 16.429 ; 16.021 ; 15.654 ; 15.310 ; 14.982 ; 14.598 ; 14.227 ; 13.885 ; 13.543 ; 13.282 ; 12.990 ; 12.716 ; 12.448 ; 12.182 ; 11.934 ; 11.701 ; 11.453 ; 11.224 ; 10.956 ; 10.700 ; 10.465 ; 10.193 ; 9.925 ; 9.667 ; 9.419 ; 9.189 ; 8.962 ; 8.739 ; 8.499 ; 8.218 ; 7.916 ; 7.714 ; 7.550 ; 7.378 ; 7.219 ; 7.068 ; 6.915 ; 6.781 ; 6.636 ; 6.484 ; 6.303 ; 6.177 ; 6.046 ; 5.940 ; 5.817 ; 5.721 ; 5.702 ; 
42.893 ; 42.323 ; 41.944 ; 41.473 ; 40.845 ; 40.130 ; 39.371 ; 38.773 ; 38.123 ; 37.511 ; 36.988 ; 36.435 ; 35.875 ; 35.339 ; 34.821 ; 34.318 ; 33.815 ; 33.270 ; 32.697 ; 32.156 ; 31.660 ; 31.206 ; 30.775 ; 30.241 ; 29.684 ; 29.163 ; 28.631 ; 28.086 ; 27.525 ; 26.986 ; 26.414 ; 25.797 ; 25.155 ; 24.649 ; 24.171 ; 23.655 ; 23.121 ; 22.605 ; 22.068 ; 21.536 ; 20.938 ; 20.405 ; 19.888 ; 19.466 ; 19.191 ; 19.098 ; 18.670 ; 18.799 ; 18.659 ; 18.515 ; 18.421 ; 18.137 ; 17.746 ; 17.345 ; 16.965 ; 16.625 ; 16.329 ; 15.977 ; 15.623 ; 15.270 ; 14.934 ; 14.632 ; 14.390 ; 14.124 ; 13.868 ; 13.606 ; 13.340 ; 13.092 ; 12.845 ; 12.615 ; 12.389 ; 12.133 ; 11.864 ; 11.621 ; 11.384 ; 11.140 ; 10.912 ; 10.665 ; 10.395 ; 10.119 ; 9.843 ; 9.546 ; 9.188 ; 8.920 ; 8.758 ; 8.610 ; 8.400 ; 8.194 ; 8.016 ; 7.860 ; 7.691 ; 7.487 ; 7.303 ; 7.118 ; 6.958 ; 6.816 ; 6.691 ; 6.544 ; 6.420 ; 6.332 ; 
43.244 ; 42.856 ; 42.565 ; 41.982 ; 41.257 ; 40.643 ; 39.830 ; 39.137 ; 38.483 ; 37.879 ; 37.331 ; 36.761 ; 36.161 ; 35.627 ; 35.136 ; 34.613 ; 34.095 ; 33.516 ; 32.975 ; 32.409 ; 31.884 ; 31.443 ; 30.927 ; 30.401 ; 29.921 ; 29.388 ; 28.831 ; 28.277 ; 27.713 ; 27.163 ; 26.571 ; 25.961 ; 25.439 ; 24.951 ; 24.299 ; 23.765 ; 23.272 ; 22.763 ; 22.267 ; 21.778 ; 21.248 ; 20.760 ; 20.293 ; 19.883 ; 19.663 ; 19.820 ; 19.669 ; 19.190 ; 18.888 ; 18.773 ; 18.496 ; 18.090 ; 17.673 ; 17.262 ; 16.905 ; 16.572 ; 16.199 ; 15.830 ; 15.513 ; 15.152 ; 14.810 ; 14.499 ; 14.211 ; 13.916 ; 13.643 ; 13.385 ; 13.113 ; 12.845 ; 12.565 ; 12.329 ; 12.071 ; 11.823 ; 11.593 ; 11.355 ; 11.150 ; 10.912 ; 10.660 ; 10.378 ; 10.120 ; 9.882 ; 9.603 ; 9.263 ; 8.934 ; 8.679 ; 8.519 ; 8.353 ; 8.192 ; 7.997 ; 7.845 ; 7.698 ; 7.524 ; 7.351 ; 7.172 ; 7.024 ; 6.889 ; 6.750 ; 6.615 ; 6.473 ; 6.363 ; 6.326 ; 
43.926 ; 43.442 ; 42.949 ; 42.457 ; 41.889 ; 41.212 ; 40.434 ; 39.603 ; 38.825 ; 38.240 ; 37.660 ; 37.070 ; 36.496 ; 35.956 ; 35.453 ; 34.911 ; 34.379 ; 33.831 ; 33.273 ; 32.699 ; 32.207 ; 31.754 ; 31.275 ; 30.767 ; 30.260 ; 29.746 ; 29.210 ; 28.622 ; 28.054 ; 27.511 ; 26.905 ; 26.293 ; 25.806 ; 25.232 ; 24.673 ; 24.251 ; 23.966 ; 23.744 ; 23.603 ; 23.142 ; 22.204 ; 21.549 ; 21.468 ; 21.410 ; 21.158 ; 20.925 ; 20.631 ; 20.301 ; 19.827 ; 19.368 ; 18.937 ; 18.500 ; 18.082 ; 17.710 ; 17.415 ; 17.086 ; 16.727 ; 16.358 ; 16.026 ; 15.686 ; 15.363 ; 15.045 ; 14.749 ; 14.438 ; 14.180 ; 13.924 ; 13.641 ; 13.369 ; 13.099 ; 12.861 ; 12.615 ; 12.352 ; 12.105 ; 11.872 ; 11.666 ; 11.445 ; 11.172 ; 10.925 ; 10.679 ; 10.418 ; 10.100 ; 9.772 ; 9.419 ; 9.193 ; 9.044 ; 8.880 ; 8.690 ; 8.518 ; 8.363 ; 8.206 ; 8.020 ; 7.819 ; 7.657 ; 7.513 ; 7.366 ; 7.221 ; 7.094 ; 6.966 ; 6.887 ; 6.856 ; 
43.992 ; 43.508 ; 42.969 ; 42.424 ; 41.857 ; 41.255 ; 40.546 ; 39.627 ; 38.794 ; 38.208 ; 37.578 ; 36.990 ; 36.467 ; 35.940 ; 35.398 ; 34.875 ; 34.344 ; 33.808 ; 33.297 ; 32.717 ; 32.175 ; 31.717 ; 31.291 ; 30.769 ; 30.260 ; 29.739 ; 29.187 ; 28.626 ; 28.048 ; 27.503 ; 26.928 ; 26.242 ; 25.735 ; 25.205 ; 24.947 ; 24.819 ; 24.609 ; 24.348 ; 23.904 ; 23.326 ; 22.676 ; 22.178 ; 21.898 ; 21.472 ; 21.239 ; 21.175 ; 20.831 ; 20.272 ; 19.780 ; 19.279 ; 18.796 ; 18.361 ; 17.962 ; 17.632 ; 17.340 ; 17.017 ; 16.660 ; 16.320 ; 15.993 ; 15.667 ; 15.330 ; 15.020 ; 14.707 ; 14.396 ; 14.101 ; 13.853 ; 13.601 ; 13.331 ; 13.089 ; 12.836 ; 12.573 ; 12.282 ; 12.038 ; 11.836 ; 11.637 ; 11.409 ; 11.155 ; 10.906 ; 10.642 ; 10.364 ; 10.047 ; 9.655 ; 9.327 ; 9.130 ; 8.991 ; 8.824 ; 8.649 ; 8.480 ; 8.311 ; 8.138 ; 7.949 ; 7.768 ; 7.610 ; 7.455 ; 7.296 ; 7.149 ; 7.040 ; 6.890 ; 6.783 ; 6.737 ; 
44.641 ; 44.117 ; 43.632 ; 43.097 ; 42.528 ; 41.895 ; 41.261 ; 40.644 ; 39.860 ; 39.011 ; 38.289 ; 37.668 ; 37.159 ; 36.647 ; 36.099 ; 35.562 ; 35.038 ; 34.464 ; 33.925 ; 33.386 ; 32.856 ; 32.363 ; 31.930 ; 31.465 ; 30.936 ; 30.395 ; 29.822 ; 29.281 ; 28.669 ; 28.056 ; 27.454 ; 26.822 ; 26.411 ; 26.129 ; 26.280 ; 26.138 ; 25.661 ; 25.183 ; 24.726 ; 24.207 ; 23.801 ; 23.145 ; 22.603 ; 22.200 ; 22.050 ; 21.922 ; 21.476 ; 20.957 ; 20.454 ; 19.928 ; 19.425 ; 18.969 ; 18.637 ; 18.311 ; 18.024 ; 17.703 ; 17.365 ; 16.993 ; 16.652 ; 16.320 ; 16.002 ; 15.669 ; 15.422 ; 15.105 ; 14.800 ; 14.505 ; 14.239 ; 13.969 ; 13.713 ; 13.456 ; 13.162 ; 12.842 ; 12.621 ; 12.419 ; 12.215 ; 11.975 ; 11.706 ; 11.436 ; 11.179 ; 10.890 ; 10.544 ; 10.092 ; 9.804 ; 9.610 ; 9.459 ; 9.302 ; 9.138 ; 8.953 ; 8.788 ; 8.607 ; 8.403 ; 8.217 ; 8.069 ; 7.913 ; 7.765 ; 7.615 ; 7.457 ; 7.328 ; 7.252 ; 7.192 ; 
44.535 ; 43.912 ; 43.421 ; 42.983 ; 42.443 ; 41.802 ; 41.207 ; 40.568 ; 39.903 ; 39.172 ; 38.328 ; 37.439 ; 36.963 ; 36.438 ; 35.920 ; 35.379 ; 34.836 ; 34.279 ; 33.765 ; 33.236 ; 32.720 ; 32.193 ; 31.707 ; 31.217 ; 30.701 ; 30.141 ; 29.574 ; 29.012 ; 28.417 ; 27.925 ; 27.366 ; 26.666 ; 26.099 ; 25.950 ; 26.140 ; 26.099 ; 25.583 ; 24.895 ; 24.508 ; 24.114 ; 23.579 ; 22.908 ; 22.444 ; 21.991 ; 21.724 ; 21.441 ; 21.033 ; 20.575 ; 20.070 ; 19.538 ; 19.062 ; 18.608 ; 18.252 ; 17.941 ; 17.653 ; 17.356 ; 17.006 ; 16.611 ; 16.286 ; 15.987 ; 15.694 ; 15.393 ; 15.120 ; 14.835 ; 14.553 ; 14.255 ; 13.956 ; 13.670 ; 13.398 ; 13.147 ; 12.867 ; 12.577 ; 12.373 ; 12.148 ; 11.936 ; 11.710 ; 11.441 ; 11.171 ; 10.911 ; 10.606 ; 10.237 ; 9.794 ; 9.518 ; 9.318 ; 9.181 ; 9.024 ; 8.885 ; 8.690 ; 8.521 ; 8.347 ; 8.150 ; 7.982 ; 7.819 ; 7.642 ; 7.485 ; 7.333 ; 7.204 ; 7.087 ; 6.981 ; 6.936 ; 
44.367 ; 43.835 ; 43.331 ; 42.850 ; 42.268 ; 41.677 ; 41.028 ; 40.401 ; 39.757 ; 39.200 ; 38.528 ; 37.585 ; 36.835 ; 36.368 ; 35.846 ; 35.274 ; 34.707 ; 34.136 ; 33.635 ; 33.169 ; 32.709 ; 32.206 ; 31.716 ; 31.237 ; 30.736 ; 30.178 ; 29.586 ; 28.956 ; 28.422 ; 27.992 ; 27.425 ; 26.807 ; 26.366 ; 26.418 ; 26.553 ; 26.242 ; 25.646 ; 25.069 ; 24.710 ; 24.230 ; 23.826 ; 23.231 ; 22.774 ; 22.273 ; 21.871 ; 21.543 ; 21.199 ; 20.782 ; 20.248 ; 19.755 ; 19.288 ; 18.841 ; 18.515 ; 18.168 ; 17.873 ; 17.582 ; 17.238 ; 16.898 ; 16.592 ; 16.298 ; 16.002 ; 15.637 ; 15.359 ; 15.063 ; 14.756 ; 14.469 ; 14.162 ; 13.878 ; 13.600 ; 13.334 ; 13.045 ; 12.756 ; 12.504 ; 12.281 ; 12.056 ; 11.822 ; 11.537 ; 11.247 ; 10.981 ; 10.628 ; 10.159 ; 9.755 ; 9.549 ; 9.391 ; 9.211 ; 9.038 ; 8.871 ; 8.708 ; 8.525 ; 8.346 ; 8.158 ; 7.973 ; 7.787 ; 7.596 ; 7.422 ; 7.277 ; 7.145 ; 7.018 ; 6.894 ; 6.831 ; 
44.543 ; 43.956 ; 43.498 ; 42.992 ; 42.439 ; 41.881 ; 41.230 ; 40.604 ; 39.959 ; 39.315 ; 38.695 ; 37.965 ; 37.155 ; 36.471 ; 35.935 ; 35.416 ; 34.863 ; 34.331 ; 33.882 ; 33.432 ; 32.937 ; 32.391 ; 31.943 ; 31.443 ; 30.914 ; 30.360 ; 29.847 ; 29.270 ; 28.797 ; 28.189 ; 27.694 ; 27.190 ; 26.881 ; 27.164 ; 27.066 ; 26.520 ; 26.058 ; 25.612 ; 24.998 ; 24.493 ; 24.119 ; 23.641 ; 23.324 ; 22.819 ; 22.316 ; 21.879 ; 21.503 ; 21.112 ; 20.612 ; 20.109 ; 19.632 ; 19.170 ; 18.831 ; 18.490 ; 18.176 ; 17.882 ; 17.589 ; 17.285 ; 17.003 ; 16.719 ; 16.424 ; 16.083 ; 15.806 ; 15.529 ; 15.239 ; 14.905 ; 14.570 ; 14.301 ; 14.024 ; 13.779 ; 13.504 ; 13.250 ; 12.992 ; 12.739 ; 12.542 ; 12.301 ; 12.008 ; 11.741 ; 11.473 ; 11.081 ; 10.635 ; 10.254 ; 10.072 ; 9.927 ; 9.742 ; 9.555 ; 9.380 ; 9.216 ; 9.032 ; 8.855 ; 8.698 ; 8.542 ; 8.369 ; 8.207 ; 8.022 ; 7.868 ; 7.739 ; 7.627 ; 7.532 ; 7.499 ; 
45.022 ; 44.436 ; 43.945 ; 43.455 ; 42.926 ; 42.365 ; 41.770 ; 41.033 ; 40.445 ; 39.812 ; 39.218 ; 38.562 ; 37.857 ; 36.999 ; 36.320 ; 35.780 ; 35.231 ; 34.722 ; 34.307 ; 33.849 ; 33.354 ; 32.845 ; 32.373 ; 31.891 ; 31.363 ; 30.795 ; 30.221 ; 29.701 ; 29.238 ; 28.831 ; 28.882 ; 28.842 ; 28.438 ; 27.933 ; 27.522 ; 27.109 ; 26.709 ; 26.065 ; 25.469 ; 25.147 ; 24.911 ; 24.468 ; 23.891 ; 23.210 ; 22.691 ; 22.236 ; 21.945 ; 21.511 ; 21.019 ; 20.517 ; 20.057 ; 19.658 ; 19.300 ; 18.951 ; 18.673 ; 18.338 ; 18.049 ; 17.776 ; 17.506 ; 17.205 ; 16.880 ; 16.556 ; 16.254 ; 15.955 ; 15.658 ; 15.325 ; 15.000 ; 14.705 ; 14.402 ; 14.135 ; 13.884 ; 13.629 ; 13.382 ; 13.146 ; 12.889 ; 12.628 ; 12.321 ; 12.020 ; 11.719 ; 11.288 ; 10.796 ; 10.501 ; 10.324 ; 10.144 ; 9.955 ; 9.739 ; 9.560 ; 9.378 ; 9.205 ; 9.021 ; 8.844 ; 8.672 ; 8.499 ; 8.341 ; 8.173 ; 8.008 ; 7.854 ; 7.702 ; 7.577 ; 7.518 ; 
45.528 ; 44.926 ; 44.386 ; 43.894 ; 43.368 ; 42.795 ; 42.152 ; 41.522 ; 40.944 ; 40.308 ; 39.716 ; 39.118 ; 38.445 ; 37.572 ; 36.780 ; 36.256 ; 35.707 ; 35.195 ; 34.783 ; 34.330 ; 33.807 ; 33.333 ; 32.776 ; 32.271 ; 31.743 ; 31.181 ; 30.693 ; 30.176 ; 29.670 ; 29.682 ; 29.948 ; 29.746 ; 29.148 ; 28.582 ; 27.987 ; 27.577 ; 27.276 ; 26.839 ; 26.397 ; 25.910 ; 25.427 ; 24.873 ; 24.316 ; 23.629 ; 23.077 ; 22.622 ; 22.242 ; 21.884 ; 21.388 ; 20.889 ; 20.444 ; 20.045 ; 19.706 ; 19.359 ; 19.056 ; 18.771 ; 18.476 ; 18.225 ; 17.944 ; 17.657 ; 17.352 ; 17.018 ; 16.719 ; 16.420 ; 16.103 ; 15.775 ; 15.468 ; 15.188 ; 14.897 ; 14.613 ; 14.353 ; 14.111 ; 13.856 ; 13.620 ; 13.368 ; 13.111 ; 12.809 ; 12.471 ; 12.117 ; 11.728 ; 11.247 ; 10.915 ; 10.731 ; 10.538 ; 10.360 ; 10.164 ; 9.956 ; 9.754 ; 9.603 ; 9.433 ; 9.253 ; 9.094 ; 8.909 ; 8.740 ; 8.562 ; 8.403 ; 8.265 ; 8.132 ; 8.014 ; 7.970 ; 
45.537 ; 44.953 ; 44.424 ; 43.910 ; 43.355 ; 42.765 ; 42.157 ; 41.513 ; 40.948 ; 40.360 ; 39.751 ; 39.172 ; 38.682 ; 38.087 ; 37.267 ; 36.515 ; 35.986 ; 35.362 ; 34.851 ; 34.428 ; 33.994 ; 33.488 ; 32.923 ; 32.383 ; 31.830 ; 31.323 ; 30.800 ; 30.352 ; 30.004 ; 30.088 ; 30.110 ; 29.854 ; 29.338 ; 28.907 ; 28.535 ; 28.064 ; 27.681 ; 27.282 ; 26.684 ; 26.160 ; 25.628 ; 25.097 ; 24.486 ; 23.815 ; 23.254 ; 22.836 ; 22.455 ; 22.094 ; 21.659 ; 21.164 ; 20.732 ; 20.344 ; 20.005 ; 19.682 ; 19.392 ; 19.112 ; 18.827 ; 18.596 ; 18.357 ; 18.085 ; 17.772 ; 17.441 ; 17.147 ; 16.857 ; 16.568 ; 16.263 ; 15.941 ; 15.660 ; 15.381 ; 15.119 ; 14.844 ; 14.595 ; 14.362 ; 14.122 ; 13.887 ; 13.614 ; 13.301 ; 12.935 ; 12.554 ; 12.133 ; 11.662 ; 11.326 ; 11.136 ; 10.951 ; 10.772 ; 10.556 ; 10.377 ; 10.202 ; 10.021 ; 9.887 ; 9.710 ; 9.519 ; 9.353 ; 9.202 ; 9.034 ; 8.842 ; 8.684 ; 8.543 ; 8.420 ; 8.360 ; 
45.884 ; 45.292 ; 44.748 ; 44.209 ; 43.673 ; 43.094 ; 42.449 ; 41.822 ; 41.272 ; 40.687 ; 40.075 ; 39.523 ; 38.990 ; 38.485 ; 37.806 ; 37.057 ; 36.326 ; 35.688 ; 35.170 ; 34.731 ; 34.299 ; 33.809 ; 33.242 ; 32.637 ; 32.029 ; 31.537 ; 31.019 ; 30.577 ; 30.604 ; 30.916 ; 30.759 ; 30.369 ; 29.783 ; 29.316 ; 28.922 ; 28.416 ; 28.024 ; 27.554 ; 26.985 ; 26.435 ; 25.890 ; 25.358 ; 24.697 ; 24.030 ; 23.477 ; 23.026 ; 22.659 ; 22.365 ; 21.891 ; 21.451 ; 20.983 ; 20.630 ; 20.287 ; 19.969 ; 19.681 ; 19.428 ; 19.147 ; 18.966 ; 18.727 ; 18.466 ; 18.141 ; 17.816 ; 17.555 ; 17.233 ; 16.985 ; 16.692 ; 16.341 ; 16.065 ; 15.799 ; 15.507 ; 15.224 ; 15.009 ; 14.767 ; 14.521 ; 14.300 ; 14.012 ; 13.680 ; 13.248 ; 12.864 ; 12.392 ; 11.891 ; 11.570 ; 11.386 ; 11.193 ; 11.021 ; 10.808 ; 10.616 ; 10.436 ; 10.258 ; 10.090 ; 9.916 ; 9.723 ; 9.562 ; 9.403 ; 9.235 ; 9.051 ; 8.877 ; 8.739 ; 8.648 ; 8.605 ; 
45.564 ; 44.982 ; 44.469 ; 43.914 ; 43.382 ; 42.814 ; 42.209 ; 41.540 ; 40.920 ; 40.347 ; 39.769 ; 39.247 ; 38.768 ; 38.279 ; 37.669 ; 36.916 ; 36.160 ; 35.577 ; 34.956 ; 34.477 ; 34.012 ; 33.499 ; 32.956 ; 32.419 ; 31.857 ; 31.356 ; 30.849 ; 30.389 ; 30.303 ; 30.435 ; 30.357 ; 29.967 ; 29.407 ; 29.054 ; 28.817 ; 28.496 ; 27.903 ; 27.339 ; 26.778 ; 26.248 ; 25.715 ; 25.138 ; 24.502 ; 23.855 ; 23.285 ; 22.822 ; 22.411 ; 22.080 ; 21.640 ; 21.143 ; 20.786 ; 20.566 ; 20.314 ; 19.988 ; 19.656 ; 19.391 ; 19.127 ; 18.893 ; 18.684 ; 18.501 ; 18.314 ; 18.004 ; 17.685 ; 17.367 ; 17.126 ; 16.899 ; 16.593 ; 16.268 ; 15.967 ; 15.679 ; 15.338 ; 15.200 ; 15.019 ; 14.786 ; 14.544 ; 14.227 ; 13.818 ; 13.266 ; 12.879 ; 12.399 ; 11.827 ; 11.482 ; 11.287 ; 11.091 ; 10.911 ; 10.716 ; 10.526 ; 10.340 ; 10.119 ; 9.959 ; 9.776 ; 9.601 ; 9.444 ; 9.298 ; 9.133 ; 8.968 ; 8.805 ; 8.635 ; 8.525 ; 8.477 ; 
46.358 ; 45.801 ; 45.290 ; 44.750 ; 44.144 ; 43.504 ; 42.841 ; 42.179 ; 41.595 ; 41.045 ; 40.497 ; 39.992 ; 39.464 ; 38.921 ; 38.455 ; 37.936 ; 37.383 ; 36.701 ; 35.649 ; 33.290 ; 31.588 ; 31.628 ; 31.580 ; 31.498 ; 31.410 ; 31.326 ; 31.267 ; 31.241 ; 31.259 ; 31.274 ; 31.180 ; 30.720 ; 30.255 ; 30.065 ; 29.731 ; 29.198 ; 28.633 ; 28.047 ; 27.501 ; 26.914 ; 26.375 ; 25.832 ; 25.201 ; 24.569 ; 23.979 ; 23.487 ; 23.106 ; 22.736 ; 22.279 ; 21.860 ; 21.584 ; 21.260 ; 20.920 ; 20.612 ; 20.302 ; 19.998 ; 19.762 ; 19.534 ; 19.289 ; 19.110 ; 18.905 ; 18.610 ; 18.369 ; 18.076 ; 17.808 ; 17.551 ; 17.275 ; 16.965 ; 16.630 ; 16.317 ; 16.094 ; 15.869 ; 15.618 ; 15.360 ; 15.098 ; 14.808 ; 14.486 ; 14.079 ; 13.651 ; 13.161 ; 12.546 ; 12.039 ; 11.807 ; 11.619 ; 11.414 ; 11.182 ; 10.995 ; 10.772 ; 10.564 ; 10.395 ; 10.226 ; 10.066 ; 9.857 ; 9.677 ; 9.521 ; 9.370 ; 9.183 ; 9.030 ; 8.868 ; 8.793 ; 
46.531 ; 45.954 ; 45.427 ; 44.853 ; 44.252 ; 43.643 ; 42.980 ; 42.379 ; 41.776 ; 41.218 ; 40.701 ; 40.219 ; 39.698 ; 39.163 ; 38.652 ; 38.192 ; 37.690 ; 36.997 ; 36.092 ; 35.411 ; 35.008 ; 34.532 ; 33.825 ; 32.814 ; 31.022 ; 30.918 ; 30.955 ; 31.053 ; 31.161 ; 31.335 ; 31.342 ; 30.863 ; 30.543 ; 30.432 ; 29.939 ; 29.358 ; 28.788 ; 28.213 ; 27.674 ; 27.122 ; 26.555 ; 25.964 ; 25.377 ; 24.725 ; 24.120 ; 23.648 ; 23.156 ; 22.816 ; 22.376 ; 22.002 ; 21.732 ; 21.435 ; 21.148 ; 20.823 ; 20.473 ; 20.146 ; 19.916 ; 19.697 ; 19.474 ; 19.292 ; 19.087 ; 18.837 ; 18.586 ; 18.357 ; 18.122 ; 17.859 ; 17.601 ; 17.299 ; 16.969 ; 16.656 ; 16.403 ; 16.175 ; 15.915 ; 15.640 ; 15.366 ; 15.089 ; 14.783 ; 14.417 ; 13.989 ; 13.558 ; 13.134 ; 12.548 ; 12.067 ; 11.811 ; 11.621 ; 11.400 ; 11.167 ; 10.939 ; 10.718 ; 10.534 ; 10.356 ; 10.200 ; 10.023 ; 9.859 ; 9.681 ; 9.512 ; 9.362 ; 9.230 ; 9.131 ; 9.060 ; 
45.933 ; 45.361 ; 44.810 ; 44.199 ; 43.589 ; 42.989 ; 42.393 ; 41.790 ; 41.152 ; 40.572 ; 40.051 ; 39.533 ; 39.040 ; 38.519 ; 37.973 ; 37.528 ; 37.087 ; 36.658 ; 36.141 ; 35.563 ; 34.822 ; 34.085 ; 33.402 ; 32.689 ; 32.239 ; 31.664 ; 31.049 ; 30.526 ; 30.190 ; 30.433 ; 30.569 ; 30.407 ; 30.138 ; 29.852 ; 29.416 ; 28.889 ; 28.356 ; 27.762 ; 27.207 ; 26.644 ; 26.085 ; 25.526 ; 24.913 ; 24.256 ; 23.717 ; 23.167 ; 22.714 ; 22.368 ; 21.934 ; 21.645 ; 21.399 ; 21.062 ; 20.745 ; 20.428 ; 20.088 ; 19.779 ; 19.578 ; 19.375 ; 19.189 ; 19.016 ; 18.797 ; 18.557 ; 18.330 ; 18.099 ; 17.895 ; 17.671 ; 17.408 ; 17.138 ; 16.843 ; 16.557 ; 16.279 ; 16.027 ; 15.765 ; 15.477 ; 15.213 ; 14.951 ; 14.681 ; 14.343 ; 13.964 ; 13.594 ; 13.240 ; 12.885 ; 12.295 ; 11.773 ; 11.510 ; 11.296 ; 11.050 ; 10.795 ; 10.586 ; 10.392 ; 10.242 ; 10.064 ; 9.918 ; 9.764 ; 9.601 ; 9.450 ; 9.296 ; 9.164 ; 9.060 ; 9.022 ; 
44.950 ; 44.340 ; 43.778 ; 43.182 ; 42.612 ; 42.053 ; 41.441 ; 40.856 ; 40.285 ; 39.700 ; 39.209 ; 38.665 ; 38.092 ; 37.560 ; 37.055 ; 36.618 ; 36.160 ; 35.717 ; 35.351 ; 34.903 ; 34.169 ; 32.458 ; 29.589 ; 29.475 ; 29.578 ; 29.798 ; 30.018 ; 30.076 ; 30.133 ; 30.161 ; 29.954 ; 29.662 ; 29.503 ; 29.245 ; 28.733 ; 28.191 ; 27.630 ; 27.038 ; 26.470 ; 25.915 ; 25.371 ; 24.781 ; 24.163 ; 23.587 ; 23.070 ; 22.517 ; 22.008 ; 21.574 ; 21.167 ; 20.920 ; 20.612 ; 20.289 ; 19.941 ; 19.640 ; 19.355 ; 19.102 ; 18.881 ; 18.688 ; 18.515 ; 18.336 ; 18.109 ; 17.871 ; 17.659 ; 17.448 ; 17.226 ; 16.977 ; 16.713 ; 16.457 ; 16.211 ; 15.965 ; 15.708 ; 15.462 ; 15.209 ; 14.918 ; 14.621 ; 14.370 ; 14.068 ; 13.770 ; 13.435 ; 13.113 ; 12.782 ; 12.468 ; 12.139 ; 11.619 ; 11.010 ; 10.714 ; 10.411 ; 10.172 ; 9.965 ; 9.730 ; 9.539 ; 9.397 ; 9.285 ; 9.096 ; 8.881 ; 8.737 ; 8.600 ; 8.462 ; 8.341 ; 8.275 ; 
44.402 ; 43.828 ; 43.247 ; 42.691 ; 42.152 ; 41.574 ; 40.963 ; 40.414 ; 39.815 ; 39.305 ; 38.823 ; 38.236 ; 37.702 ; 37.211 ; 36.817 ; 36.293 ; 34.778 ; 30.952 ; 29.166 ; 29.438 ; 29.561 ; 29.584 ; 29.545 ; 29.492 ; 29.470 ; 29.539 ; 29.682 ; 29.948 ; 30.110 ; 29.981 ; 29.592 ; 29.254 ; 29.181 ; 28.861 ; 28.312 ; 27.755 ; 27.141 ; 26.568 ; 26.018 ; 25.454 ; 24.893 ; 24.304 ; 23.714 ; 23.135 ; 22.571 ; 21.972 ; 21.420 ; 20.965 ; 20.621 ; 20.344 ; 19.994 ; 19.658 ; 19.313 ; 19.041 ; 18.803 ; 18.563 ; 18.357 ; 18.176 ; 17.992 ; 17.794 ; 17.548 ; 17.309 ; 17.106 ; 16.880 ; 16.646 ; 16.367 ; 16.087 ; 15.832 ; 15.581 ; 15.338 ; 15.094 ; 14.855 ; 14.617 ; 14.357 ; 14.063 ; 13.750 ; 13.450 ; 13.142 ; 12.822 ; 12.536 ; 12.238 ; 11.950 ; 11.650 ; 11.338 ; 10.900 ; 10.223 ; 9.643 ; 9.380 ; 9.174 ; 8.959 ; 8.732 ; 8.541 ; 8.391 ; 8.185 ; 7.952 ; 7.805 ; 7.653 ; 7.507 ; 7.384 ; 7.293 ; 
43.484 ; 42.879 ; 42.361 ; 41.798 ; 41.276 ; 40.684 ; 40.116 ; 39.616 ; 39.088 ; 38.547 ; 37.967 ; 37.411 ; 36.866 ; 36.268 ; 35.750 ; 35.276 ; 34.785 ; 34.319 ; 33.815 ; 33.306 ; 32.805 ; 32.367 ; 31.973 ; 31.390 ; 30.628 ; 29.541 ; 29.283 ; 29.534 ; 29.668 ; 29.548 ; 29.224 ; 28.877 ; 28.535 ; 28.004 ; 27.465 ; 26.909 ; 26.295 ; 25.717 ; 25.195 ; 24.615 ; 24.075 ; 23.469 ; 22.875 ; 22.283 ; 21.659 ; 21.091 ; 20.540 ; 20.104 ; 19.740 ; 19.385 ; 19.009 ; 18.681 ; 18.404 ; 18.182 ; 17.993 ; 17.738 ; 17.519 ; 17.374 ; 17.192 ; 16.992 ; 16.779 ; 16.517 ; 16.335 ; 16.133 ; 15.891 ; 15.626 ; 15.350 ; 15.115 ; 14.859 ; 14.615 ; 14.386 ; 14.130 ; 13.926 ; 13.696 ; 13.435 ; 13.143 ; 12.849 ; 12.508 ; 12.221 ; 11.925 ; 11.650 ; 11.369 ; 11.107 ; 10.810 ; 10.483 ; 10.125 ; 9.474 ; 8.901 ; 8.630 ; 8.352 ; 8.176 ; 8.042 ; 7.862 ; 7.587 ; 7.411 ; 7.235 ; 7.072 ; 6.896 ; 6.760 ; 6.707 ; 
43.434 ; 42.821 ; 42.331 ; 41.741 ; 41.213 ; 40.687 ; 40.153 ; 39.618 ; 39.168 ; 38.601 ; 37.949 ; 37.330 ; 36.802 ; 36.220 ; 35.643 ; 35.195 ; 34.700 ; 34.254 ; 33.751 ; 33.189 ; 32.729 ; 32.254 ; 31.745 ; 31.187 ; 30.681 ; 30.607 ; 30.782 ; 30.580 ; 30.123 ; 29.930 ; 29.594 ; 29.015 ; 28.524 ; 27.951 ; 27.431 ; 26.864 ; 26.242 ; 25.672 ; 25.135 ; 24.552 ; 23.978 ; 23.438 ; 22.873 ; 22.101 ; 21.492 ; 20.934 ; 20.356 ; 19.925 ; 19.541 ; 19.195 ; 18.845 ; 18.518 ; 18.286 ; 18.065 ; 17.832 ; 17.580 ; 17.358 ; 17.206 ; 17.029 ; 16.818 ; 16.597 ; 16.373 ; 16.212 ; 15.979 ; 15.744 ; 15.501 ; 15.241 ; 14.978 ; 14.730 ; 14.492 ; 14.239 ; 14.018 ; 13.807 ; 13.572 ; 13.322 ; 13.052 ; 12.749 ; 12.404 ; 12.085 ; 11.802 ; 11.539 ; 11.269 ; 11.026 ; 10.747 ; 10.430 ; 10.152 ; 9.884 ; 9.550 ; 9.059 ; 8.422 ; 8.097 ; 7.875 ; 7.697 ; 7.450 ; 7.276 ; 7.099 ; 6.930 ; 6.758 ; 6.591 ; 6.527 ; 
43.652 ; 43.098 ; 42.528 ; 41.973 ; 41.426 ; 40.890 ; 40.333 ; 39.851 ; 39.364 ; 38.820 ; 38.192 ; 37.601 ; 37.018 ; 36.389 ; 35.820 ; 35.376 ; 34.875 ; 34.471 ; 34.007 ; 33.424 ; 32.861 ; 32.408 ; 31.857 ; 31.371 ; 31.290 ; 31.424 ; 31.388 ; 31.206 ; 30.905 ; 30.369 ; 29.797 ; 29.265 ; 28.696 ; 28.113 ; 27.577 ; 27.047 ; 26.418 ; 25.828 ; 25.256 ; 24.696 ; 24.165 ; 23.685 ; 23.040 ; 22.191 ; 21.491 ; 20.876 ; 20.370 ; 19.926 ; 19.556 ; 19.197 ; 18.865 ; 18.582 ; 18.330 ; 18.110 ; 17.906 ; 17.640 ; 17.401 ; 17.208 ; 17.041 ; 16.840 ; 16.621 ; 16.403 ; 16.186 ; 15.990 ; 15.756 ; 15.495 ; 15.236 ; 14.990 ; 14.767 ; 14.542 ; 14.300 ; 14.089 ; 13.861 ; 13.597 ; 13.337 ; 13.060 ; 12.780 ; 12.436 ; 12.110 ; 11.817 ; 11.564 ; 11.298 ; 11.032 ; 10.795 ; 10.508 ; 10.224 ; 9.960 ; 9.720 ; 9.496 ; 9.229 ; 8.795 ; 8.163 ; 7.778 ; 7.494 ; 7.252 ; 7.078 ; 6.897 ; 6.725 ; 6.583 ; 6.500 ; 
43.514 ; 42.979 ; 42.471 ; 41.881 ; 41.328 ; 40.799 ; 40.214 ; 39.745 ; 39.225 ; 38.648 ; 38.044 ; 37.447 ; 36.835 ; 36.240 ; 35.633 ; 35.195 ; 34.718 ; 34.196 ; 33.705 ; 33.175 ; 32.658 ; 32.133 ; 32.095 ; 32.359 ; 32.241 ; 31.938 ; 31.641 ; 31.275 ; 30.759 ; 30.221 ; 29.670 ; 29.135 ; 28.601 ; 28.000 ; 27.453 ; 26.862 ; 26.237 ; 25.651 ; 25.054 ; 24.567 ; 24.149 ; 23.584 ; 23.070 ; 22.229 ; 21.315 ; 20.685 ; 20.222 ; 19.779 ; 19.391 ; 19.065 ; 18.747 ; 18.457 ; 18.207 ; 17.993 ; 17.761 ; 17.521 ; 17.298 ; 17.077 ; 16.893 ; 16.668 ; 16.477 ; 16.263 ; 16.053 ; 15.872 ; 15.643 ; 15.371 ; 15.123 ; 14.874 ; 14.622 ; 14.411 ; 14.192 ; 13.973 ; 13.735 ; 13.455 ; 13.216 ; 12.937 ; 12.667 ; 12.333 ; 11.990 ; 11.709 ; 11.421 ; 11.172 ; 10.935 ; 10.688 ; 10.392 ; 10.096 ; 9.819 ; 9.588 ; 9.377 ; 9.135 ; 8.911 ; 8.667 ; 8.444 ; 8.132 ; 7.592 ; 7.132 ; 6.915 ; 6.666 ; 6.494 ; 6.413 ; 
43.379 ; 42.863 ; 42.265 ; 41.710 ; 41.156 ; 40.605 ; 40.046 ; 39.556 ; 38.991 ; 38.399 ; 37.817 ; 37.218 ; 36.616 ; 36.033 ; 35.493 ; 35.025 ; 34.547 ; 34.015 ; 33.451 ; 33.011 ; 32.501 ; 32.235 ; 32.456 ; 32.588 ; 32.481 ; 32.063 ; 31.658 ; 31.125 ; 30.596 ; 30.059 ; 29.515 ; 28.969 ; 28.447 ; 27.852 ; 27.249 ; 26.657 ; 25.961 ; 25.317 ; 24.723 ; 24.296 ; 23.839 ; 23.450 ; 22.979 ; 21.868 ; 21.014 ; 20.419 ; 19.998 ; 19.535 ; 19.132 ; 18.786 ; 18.475 ; 18.254 ; 17.997 ; 17.773 ; 17.560 ; 17.316 ; 17.098 ; 16.880 ; 16.676 ; 16.461 ; 16.248 ; 16.045 ; 15.874 ; 15.658 ; 15.416 ; 15.164 ; 14.903 ; 14.668 ; 14.433 ; 14.223 ; 14.001 ; 13.806 ; 13.570 ; 13.282 ; 13.019 ; 12.769 ; 12.499 ; 12.176 ; 11.848 ; 11.549 ; 11.256 ; 11.011 ; 10.741 ; 10.487 ; 10.196 ; 9.900 ; 9.642 ; 9.411 ; 9.189 ; 8.931 ; 8.664 ; 8.432 ; 8.260 ; 8.056 ; 7.863 ; 7.628 ; 7.308 ; 6.872 ; 6.582 ; 6.504 ; 
43.786 ; 43.183 ; 42.611 ; 42.044 ; 41.538 ; 40.974 ; 40.405 ; 39.864 ; 39.279 ; 38.687 ; 38.111 ; 37.470 ; 36.969 ; 36.400 ; 35.881 ; 35.441 ; 34.987 ; 34.443 ; 33.845 ; 33.361 ; 32.953 ; 33.027 ; 33.344 ; 33.352 ; 33.126 ; 32.683 ; 32.110 ; 31.569 ; 31.044 ; 30.546 ; 30.034 ; 29.387 ; 28.251 ; 25.546 ; 24.873 ; 24.752 ; 24.612 ; 24.482 ; 24.343 ; 24.216 ; 24.149 ; 23.993 ; 23.535 ; 22.180 ; 21.318 ; 20.701 ; 20.262 ; 19.829 ; 19.455 ; 19.108 ; 18.823 ; 18.589 ; 18.334 ; 18.096 ; 17.857 ; 17.623 ; 17.402 ; 17.182 ; 16.953 ; 16.716 ; 16.545 ; 16.348 ; 16.163 ; 15.953 ; 15.704 ; 15.461 ; 15.229 ; 15.001 ; 14.756 ; 14.507 ; 14.286 ; 14.071 ; 13.861 ; 13.585 ; 13.337 ; 13.076 ; 12.757 ; 12.434 ; 12.123 ; 11.811 ; 11.543 ; 11.262 ; 11.024 ; 10.759 ; 10.458 ; 10.158 ; 9.902 ; 9.663 ; 9.414 ; 9.135 ; 8.871 ; 8.610 ; 8.441 ; 8.260 ; 8.068 ; 7.862 ; 7.667 ; 7.503 ; 7.383 ; 7.315 ; 
44.259 ; 43.662 ; 43.072 ; 42.501 ; 41.957 ; 41.385 ; 40.843 ; 40.310 ; 39.701 ; 39.125 ; 38.532 ; 37.849 ; 37.340 ; 36.770 ; 36.295 ; 35.845 ; 35.343 ; 34.779 ; 34.219 ; 33.736 ; 33.556 ; 33.908 ; 34.142 ; 34.071 ; 33.593 ; 33.071 ; 32.500 ; 31.911 ; 31.347 ; 30.793 ; 30.236 ; 29.637 ; 29.161 ; 28.624 ; 27.814 ; 26.318 ; 23.960 ; 23.933 ; 24.096 ; 24.555 ; 25.082 ; 25.221 ; 24.414 ; 22.556 ; 21.623 ; 20.978 ; 20.502 ; 20.081 ; 19.673 ; 19.298 ; 18.967 ; 18.743 ; 18.538 ; 18.303 ; 18.064 ; 17.852 ; 17.614 ; 17.378 ; 17.159 ; 16.957 ; 16.762 ; 16.567 ; 16.377 ; 16.161 ; 15.922 ; 15.667 ; 15.411 ; 15.186 ; 14.934 ; 14.684 ; 14.461 ; 14.230 ; 14.009 ; 13.762 ; 13.506 ; 13.209 ; 12.911 ; 12.600 ; 12.314 ; 12.022 ; 11.750 ; 11.443 ; 11.190 ; 10.924 ; 10.684 ; 10.418 ; 10.125 ; 9.846 ; 9.600 ; 9.318 ; 9.060 ; 8.821 ; 8.634 ; 8.437 ; 8.226 ; 8.022 ; 7.878 ; 7.767 ; 7.634 ; 7.573 ; 
44.222 ; 43.643 ; 43.007 ; 42.433 ; 41.950 ; 41.481 ; 41.010 ; 40.225 ; 37.989 ; 34.348 ; 33.834 ; 33.849 ; 33.840 ; 33.834 ; 33.816 ; 33.831 ; 33.880 ; 33.997 ; 34.154 ; 34.287 ; 34.428 ; 34.551 ; 34.496 ; 34.132 ; 33.638 ; 33.110 ; 32.579 ; 32.056 ; 31.469 ; 30.363 ; 27.720 ; 26.318 ; 26.394 ; 26.443 ; 26.464 ; 26.420 ; 26.299 ; 26.166 ; 26.019 ; 25.826 ; 25.638 ; 25.378 ; 24.610 ; 22.792 ; 21.739 ; 21.106 ; 20.594 ; 20.154 ; 19.743 ; 19.338 ; 19.020 ; 18.868 ; 18.656 ; 18.389 ; 18.177 ; 17.920 ; 17.683 ; 17.444 ; 17.199 ; 16.996 ; 16.821 ; 16.654 ; 16.483 ; 16.283 ; 16.083 ; 15.837 ; 15.599 ; 15.371 ; 15.108 ; 14.867 ; 14.641 ; 14.436 ; 14.217 ; 13.975 ; 13.692 ; 13.414 ; 13.132 ; 12.833 ; 12.517 ; 12.214 ; 11.934 ; 11.637 ; 11.360 ; 11.099 ; 10.857 ; 10.575 ; 10.299 ; 10.042 ; 9.779 ; 9.517 ; 9.272 ; 9.041 ; 8.850 ; 8.622 ; 8.414 ; 8.213 ; 8.076 ; 7.964 ; 7.856 ; 7.795 ; 
44.070 ; 43.413 ; 42.826 ; 42.270 ; 41.839 ; 41.350 ; 40.736 ; 39.642 ; 36.420 ; 32.710 ; 30.329 ; 28.165 ; 28.597 ; 28.895 ; 29.120 ; 29.285 ; 29.414 ; 29.509 ; 29.554 ; 29.551 ; 29.469 ; 29.327 ; 29.163 ; 28.937 ; 28.714 ; 28.472 ; 28.256 ; 28.097 ; 27.970 ; 27.820 ; 27.613 ; 27.361 ; 27.130 ; 26.915 ; 26.734 ; 26.615 ; 26.516 ; 26.478 ; 26.403 ; 26.342 ; 26.267 ; 26.079 ; 25.530 ; 23.838 ; 22.099 ; 21.257 ; 20.713 ; 20.305 ; 19.850 ; 19.433 ; 19.146 ; 18.992 ; 18.786 ; 18.500 ; 18.276 ; 18.053 ; 17.782 ; 17.560 ; 17.330 ; 17.104 ; 16.918 ; 16.733 ; 16.557 ; 16.366 ; 16.177 ; 15.967 ; 15.735 ; 15.495 ; 15.246 ; 14.985 ; 14.756 ; 14.538 ; 14.333 ; 14.067 ; 13.757 ; 13.477 ; 13.184 ; 12.867 ; 12.588 ; 12.284 ; 11.975 ; 11.692 ; 11.427 ; 11.145 ; 10.852 ; 10.568 ; 10.291 ; 10.045 ; 9.769 ; 9.491 ; 9.236 ; 8.973 ; 8.765 ; 8.529 ; 8.300 ; 8.097 ; 7.933 ; 7.781 ; 7.649 ; 7.559 ; 
42.629 ; 42.025 ; 41.392 ; 40.842 ; 40.304 ; 39.657 ; 38.209 ; 34.888 ; 31.144 ; 28.663 ; 26.269 ; 26.044 ; 26.375 ; 26.541 ; 26.583 ; 26.564 ; 26.473 ; 26.363 ; 26.201 ; 26.010 ; 25.819 ; 25.626 ; 25.457 ; 25.317 ; 25.161 ; 25.002 ; 24.867 ; 24.726 ; 24.601 ; 24.500 ; 24.463 ; 24.457 ; 24.425 ; 24.279 ; 24.066 ; 23.838 ; 23.620 ; 23.399 ; 23.204 ; 22.980 ; 22.742 ; 22.498 ; 22.229 ; 21.909 ; 21.549 ; 21.353 ; 21.395 ; 21.571 ; 21.785 ; 21.951 ; 22.148 ; 22.205 ; 22.025 ; 21.792 ; 21.746 ; 21.981 ; 22.653 ; 23.854 ; 24.756 ; 25.039 ; 25.208 ; 25.288 ; 25.319 ; 25.359 ; 25.410 ; 25.454 ; 25.500 ; 25.506 ; 25.519 ; 25.506 ; 25.499 ; 25.494 ; 25.471 ; 25.436 ; 25.404 ; 25.399 ; 25.398 ; 25.402 ; 25.391 ; 25.370 ; 25.285 ; 25.089 ; 24.799 ; 24.419 ; 23.949 ; 23.455 ; 22.857 ; 22.252 ; 21.627 ; 20.974 ; 20.314 ; 19.680 ; 19.060 ; 18.448 ; 17.871 ; 17.368 ; 16.922 ; 16.562 ; 16.269 ; 16.103 ; 
41.832 ; 41.242 ; 40.581 ; 39.962 ; 39.258 ; 38.593 ; 37.770 ; 37.077 ; 36.002 ; 33.654 ; 32.106 ; 30.559 ; 29.009 ; 27.453 ; 25.281 ; 22.660 ; 22.670 ; 23.152 ; 23.456 ; 23.691 ; 23.866 ; 23.959 ; 24.019 ; 24.041 ; 24.014 ; 23.967 ; 23.912 ; 23.851 ; 23.805 ; 23.739 ; 23.703 ; 23.634 ; 23.563 ; 23.477 ; 23.356 ; 23.235 ; 23.105 ; 22.943 ; 22.779 ; 22.610 ; 22.424 ; 22.208 ; 21.903 ; 21.523 ; 21.104 ; 20.771 ; 20.780 ; 20.986 ; 21.364 ; 21.773 ; 22.036 ; 22.380 ; 22.771 ; 23.146 ; 23.397 ; 23.547 ; 23.667 ; 23.729 ; 23.717 ; 23.620 ; 23.457 ; 23.289 ; 23.161 ; 23.090 ; 23.145 ; 23.247 ; 23.328 ; 23.357 ; 23.400 ; 23.424 ; 23.465 ; 23.468 ; 23.465 ; 23.427 ; 23.381 ; 23.301 ; 23.200 ; 23.094 ; 22.918 ; 22.685 ; 22.395 ; 22.022 ; 21.545 ; 20.999 ; 20.415 ; 19.775 ; 19.117 ; 18.436 ; 17.738 ; 17.042 ; 16.353 ; 15.696 ; 15.056 ; 14.431 ; 13.866 ; 13.333 ; 12.867 ; 12.478 ; 12.164 ; 11.968 ; 
41.823 ; 41.163 ; 40.588 ; 39.966 ; 39.451 ; 38.970 ; 38.565 ; 38.100 ; 37.647 ; 37.055 ; 36.382 ; 35.632 ; 34.930 ; 34.353 ; 33.724 ; 33.208 ; 33.192 ; 33.766 ; 34.099 ; 33.871 ; 33.355 ; 32.806 ; 32.262 ; 31.706 ; 31.129 ; 30.610 ; 30.116 ; 29.524 ; 28.995 ; 28.461 ; 27.914 ; 27.368 ; 26.725 ; 25.261 ; 22.015 ; 20.644 ; 21.105 ; 21.383 ; 21.516 ; 21.653 ; 21.792 ; 21.917 ; 22.062 ; 22.159 ; 21.951 ; 21.033 ; 19.990 ; 19.176 ; 18.484 ; 17.770 ; 17.365 ; 16.949 ; 16.462 ; 16.152 ; 15.878 ; 15.603 ; 15.346 ; 15.111 ; 14.863 ; 14.648 ; 14.462 ; 14.291 ; 14.089 ; 13.865 ; 13.666 ; 13.450 ; 13.215 ; 12.982 ; 12.756 ; 12.498 ; 12.284 ; 12.075 ; 11.845 ; 11.571 ; 11.289 ; 10.995 ; 10.702 ; 10.411 ; 10.116 ; 9.820 ; 9.538 ; 9.238 ; 9.001 ; 8.722 ; 8.418 ; 8.150 ; 7.890 ; 7.629 ; 7.417 ; 7.205 ; 6.995 ; 6.799 ; 6.592 ; 6.371 ; 6.180 ; 6.002 ; 5.854 ; 5.706 ; 5.615 ; 5.565 ; 
42.503 ; 41.863 ; 41.219 ; 40.611 ; 40.249 ; 39.833 ; 39.384 ; 38.440 ; 36.129 ; 34.344 ; 32.776 ; 31.226 ; 29.677 ; 28.119 ; 26.602 ; 25.053 ; 23.538 ; 22.009 ; 20.510 ; 19.030 ; 18.694 ; 18.558 ; 18.619 ; 19.256 ; 19.827 ; 20.098 ; 20.698 ; 21.786 ; 21.858 ; 21.913 ; 21.999 ; 22.107 ; 22.231 ; 22.321 ; 22.388 ; 22.501 ; 22.626 ; 22.740 ; 22.828 ; 22.905 ; 22.963 ; 22.982 ; 23.003 ; 22.984 ; 22.756 ; 22.294 ; 21.806 ; 21.138 ; 20.337 ; 20.096 ; 19.887 ; 19.262 ; 19.092 ; 19.246 ; 19.431 ; 19.550 ; 19.631 ; 19.724 ; 19.742 ; 19.736 ; 19.759 ; 19.754 ; 19.780 ; 19.848 ; 19.896 ; 19.971 ; 20.092 ; 20.271 ; 20.487 ; 20.692 ; 20.806 ; 20.940 ; 21.097 ; 21.264 ; 21.362 ; 21.358 ; 21.229 ; 20.947 ; 20.524 ; 19.981 ; 19.374 ; 18.751 ; 18.101 ; 17.415 ; 16.699 ; 15.968 ; 15.241 ; 14.501 ; 13.774 ; 13.056 ; 12.346 ; 11.646 ; 10.985 ; 10.358 ; 9.764 ; 9.220 ; 8.734 ; 8.304 ; 7.954 ; 7.721 ; 
42.498 ; 41.825 ; 41.207 ; 40.747 ; 40.262 ; 39.709 ; 39.219 ; 38.548 ; 38.076 ; 37.617 ; 37.066 ; 36.419 ; 35.800 ; 35.278 ; 34.822 ; 34.752 ; 33.769 ; 31.252 ; 29.717 ; 28.147 ; 26.601 ; 25.070 ; 23.557 ; 22.040 ; 20.512 ; 18.997 ; 17.513 ; 16.961 ; 17.993 ; 19.019 ; 20.897 ; 21.825 ; 22.056 ; 22.335 ; 22.530 ; 22.636 ; 22.713 ; 22.765 ; 22.812 ; 22.838 ; 22.891 ; 23.017 ; 23.192 ; 23.279 ; 23.039 ; 22.622 ; 22.270 ; 21.965 ; 21.625 ; 21.244 ; 20.834 ; 19.999 ; 18.988 ; 18.528 ; 18.398 ; 18.035 ; 17.539 ; 16.992 ; 16.434 ; 15.678 ; 14.979 ; 14.651 ; 14.383 ; 14.151 ; 13.965 ; 13.699 ; 13.428 ; 13.156 ; 12.910 ; 12.692 ; 12.474 ; 12.251 ; 11.973 ; 11.664 ; 11.410 ; 11.136 ; 10.915 ; 10.623 ; 10.270 ; 10.019 ; 9.751 ; 9.450 ; 9.210 ; 8.923 ; 8.623 ; 8.357 ; 8.084 ; 7.847 ; 7.645 ; 7.442 ; 7.249 ; 7.062 ; 6.857 ; 6.621 ; 6.449 ; 6.285 ; 6.184 ; 6.113 ; 6.058 ; 6.027 ; 
42.534 ; 41.825 ; 41.448 ; 40.954 ; 40.286 ; 39.754 ; 39.174 ; 38.612 ; 38.106 ; 37.608 ; 37.125 ; 36.627 ; 36.195 ; 35.587 ; 35.081 ; 34.924 ; 35.164 ; 35.225 ; 34.470 ; 31.230 ; 29.239 ; 27.689 ; 26.159 ; 24.630 ; 23.125 ; 21.600 ; 20.090 ; 18.576 ; 17.101 ; 17.082 ; 17.612 ; 18.196 ; 18.494 ; 19.075 ; 20.190 ; 21.907 ; 22.339 ; 22.585 ; 22.771 ; 22.969 ; 23.114 ; 23.211 ; 23.271 ; 23.237 ; 23.002 ; 22.559 ; 22.181 ; 21.902 ; 21.597 ; 21.226 ; 20.898 ; 20.529 ; 20.115 ; 19.485 ; 18.748 ; 18.318 ; 18.266 ; 18.299 ; 17.990 ; 17.408 ; 16.791 ; 15.826 ; 15.032 ; 14.319 ; 13.988 ; 13.782 ; 13.517 ; 13.263 ; 12.999 ; 12.722 ; 12.529 ; 12.303 ; 12.030 ; 11.737 ; 11.439 ; 11.160 ; 10.929 ; 10.587 ; 10.270 ; 10.008 ; 9.734 ; 9.425 ; 9.158 ; 8.888 ; 8.633 ; 8.341 ; 8.080 ; 7.856 ; 7.646 ; 7.446 ; 7.247 ; 7.065 ; 6.860 ; 6.629 ; 6.463 ; 6.345 ; 6.263 ; 6.211 ; 6.228 ; 6.253 ; 
42.534 ; 41.936 ; 41.497 ; 40.836 ; 40.314 ; 40.054 ; 39.123 ; 38.510 ; 38.064 ; 37.524 ; 36.547 ; 34.578 ; 34.228 ; 34.518 ; 34.809 ; 35.116 ; 35.388 ; 35.397 ; 35.072 ; 34.453 ; 33.779 ; 33.097 ; 32.551 ; 32.053 ; 31.481 ; 30.979 ; 30.510 ; 29.953 ; 29.030 ; 26.258 ; 21.405 ; 16.972 ; 16.097 ; 16.418 ; 16.631 ; 17.036 ; 17.613 ; 18.314 ; 19.001 ; 19.276 ; 19.698 ; 20.291 ; 20.849 ; 21.374 ; 21.819 ; 22.112 ; 22.212 ; 21.966 ; 21.579 ; 21.153 ; 20.834 ; 20.484 ; 20.146 ; 19.842 ; 19.521 ; 19.289 ; 19.040 ; 18.774 ; 18.385 ; 17.803 ; 17.401 ; 16.969 ; 16.310 ; 15.293 ; 14.337 ; 13.655 ; 13.407 ; 13.245 ; 13.017 ; 12.771 ; 12.564 ; 12.274 ; 11.979 ; 11.700 ; 11.410 ; 11.128 ; 10.878 ; 10.531 ; 10.200 ; 9.950 ; 9.665 ; 9.361 ; 9.097 ; 8.815 ; 8.576 ; 8.308 ; 8.057 ; 7.848 ; 7.634 ; 7.414 ; 7.187 ; 7.045 ; 6.867 ; 6.642 ; 6.490 ; 6.353 ; 6.288 ; 6.261 ; 6.306 ; 6.341 ; 
43.012 ; 42.301 ; 41.632 ; 41.065 ; 41.108 ; 40.900 ; 39.968 ; 38.994 ; 38.317 ; 37.799 ; 37.301 ; 36.828 ; 36.343 ; 35.670 ; 35.579 ; 35.929 ; 35.962 ; 35.761 ; 35.321 ; 34.604 ; 33.995 ; 33.463 ; 32.886 ; 32.128 ; 31.440 ; 31.023 ; 30.515 ; 29.899 ; 29.347 ; 28.839 ; 28.283 ; 27.106 ; 23.870 ; 19.078 ; 17.411 ; 17.902 ; 18.372 ; 19.038 ; 19.867 ; 20.706 ; 21.263 ; 21.769 ; 22.154 ; 22.273 ; 22.096 ; 21.950 ; 21.891 ; 21.789 ; 21.595 ; 21.245 ; 20.862 ; 20.480 ; 20.165 ; 19.833 ; 19.556 ; 19.302 ; 19.046 ; 18.829 ; 18.595 ; 18.286 ; 17.743 ; 17.107 ; 16.893 ; 16.521 ; 15.475 ; 14.378 ; 13.647 ; 13.233 ; 12.983 ; 12.743 ; 12.536 ; 12.277 ; 11.953 ; 11.645 ; 11.369 ; 11.080 ; 10.816 ; 10.463 ; 10.125 ; 9.852 ; 9.554 ; 9.256 ; 8.990 ; 8.729 ; 8.517 ; 8.256 ; 8.026 ; 7.798 ; 7.557 ; 7.341 ; 7.158 ; 7.008 ; 6.834 ; 6.592 ; 6.441 ; 6.327 ; 6.298 ; 6.363 ; 6.426 ; 6.455 ; 
43.104 ; 42.361 ; 41.754 ; 41.571 ; 41.521 ; 40.868 ; 39.968 ; 38.982 ; 38.243 ; 37.694 ; 37.238 ; 37.116 ; 37.147 ; 36.688 ; 36.463 ; 36.293 ; 36.094 ; 35.802 ; 35.306 ; 34.706 ; 34.102 ; 33.534 ; 32.988 ; 32.367 ; 31.781 ; 31.215 ; 30.592 ; 29.823 ; 29.315 ; 28.829 ; 28.264 ; 27.173 ; 24.136 ; 19.357 ; 17.803 ; 18.110 ; 18.430 ; 18.915 ; 19.565 ; 20.281 ; 20.902 ; 21.518 ; 22.042 ; 22.401 ; 22.511 ; 22.356 ; 21.964 ; 21.729 ; 21.534 ; 21.184 ; 20.766 ; 20.399 ; 20.072 ; 19.793 ; 19.489 ; 19.216 ; 18.954 ; 18.715 ; 18.483 ; 18.240 ; 18.012 ; 17.822 ; 17.598 ; 17.325 ; 16.791 ; 15.688 ; 14.795 ; 14.140 ; 13.371 ; 12.882 ; 12.524 ; 12.147 ; 11.859 ; 11.564 ; 11.251 ; 10.942 ; 10.650 ; 10.281 ; 9.949 ; 9.668 ; 9.377 ; 9.061 ; 8.796 ; 8.545 ; 8.308 ; 8.094 ; 7.870 ; 7.643 ; 7.425 ; 7.203 ; 7.024 ; 6.886 ; 6.712 ; 6.482 ; 6.341 ; 6.259 ; 6.258 ; 6.322 ; 6.433 ; 6.506 ; 
43.197 ; 42.448 ; 41.936 ; 41.748 ; 41.391 ; 40.748 ; 40.104 ; 38.896 ; 37.456 ; 37.195 ; 37.448 ; 37.651 ; 37.878 ; 37.903 ; 37.513 ; 36.874 ; 36.285 ; 35.748 ; 35.232 ; 34.645 ; 34.052 ; 33.503 ; 32.960 ; 32.383 ; 31.731 ; 31.095 ; 30.610 ; 30.016 ; 29.310 ; 28.702 ; 28.073 ; 27.360 ; 26.586 ; 24.693 ; 20.528 ; 19.183 ; 19.629 ; 20.082 ; 20.621 ; 21.155 ; 21.712 ; 22.274 ; 22.683 ; 22.831 ; 22.830 ; 22.586 ; 22.270 ; 22.001 ; 21.625 ; 21.189 ; 20.772 ; 20.370 ; 20.018 ; 19.706 ; 19.454 ; 19.196 ; 18.940 ; 18.712 ; 18.485 ; 18.240 ; 17.998 ; 17.766 ; 17.600 ; 17.433 ; 17.215 ; 16.985 ; 16.728 ; 16.375 ; 15.869 ; 14.986 ; 13.738 ; 12.621 ; 11.928 ; 11.589 ; 11.282 ; 10.998 ; 10.709 ; 10.318 ; 9.981 ; 9.701 ; 9.416 ; 9.140 ; 8.903 ; 8.641 ; 8.422 ; 8.188 ; 7.960 ; 7.725 ; 7.517 ; 7.302 ; 7.129 ; 6.985 ; 6.814 ; 6.601 ; 6.454 ; 6.392 ; 6.421 ; 6.541 ; 6.647 ; 6.693 ; 
43.560 ; 43.210 ; 42.300 ; 41.374 ; 40.799 ; 40.403 ; 39.875 ; 39.277 ; 38.597 ; 37.767 ; 37.472 ; 37.788 ; 37.800 ; 37.398 ; 36.841 ; 36.179 ; 35.571 ; 35.010 ; 34.460 ; 33.890 ; 33.347 ; 32.785 ; 32.207 ; 31.636 ; 31.089 ; 30.554 ; 29.910 ; 29.227 ; 28.496 ; 27.809 ; 27.091 ; 26.412 ; 25.853 ; 25.270 ; 24.024 ; 21.126 ; 19.324 ; 19.730 ; 20.170 ; 20.732 ; 21.281 ; 21.735 ; 21.850 ; 21.864 ; 21.744 ; 21.414 ; 21.089 ; 20.791 ; 20.490 ; 20.057 ; 19.578 ; 19.098 ; 18.717 ; 18.404 ; 18.120 ; 17.832 ; 17.569 ; 17.334 ; 17.097 ; 16.850 ; 16.609 ; 16.372 ; 16.136 ; 15.882 ; 15.635 ; 15.376 ; 15.074 ; 14.775 ; 14.467 ; 14.046 ; 13.318 ; 12.140 ; 11.994 ; 12.134 ; 12.289 ; 12.443 ; 12.564 ; 12.696 ; 12.790 ; 12.892 ; 13.013 ; 13.161 ; 13.310 ; 13.394 ; 13.504 ; 13.612 ; 13.787 ; 14.042 ; 14.296 ; 14.386 ; 14.306 ; 14.082 ; 13.723 ; 13.299 ; 12.874 ; 12.438 ; 12.086 ; 11.772 ; 11.528 ; 11.396 ; 
45.903 ; 45.292 ; 43.271 ; 41.561 ; 40.797 ; 39.862 ; 38.543 ; 38.601 ; 38.988 ; 39.241 ; 39.152 ; 38.423 ; 37.554 ; 37.066 ; 36.450 ; 35.800 ; 35.220 ; 34.596 ; 34.048 ; 33.546 ; 33.041 ; 32.431 ; 31.881 ; 31.353 ; 30.770 ; 30.149 ; 29.496 ; 28.842 ; 28.143 ; 27.445 ; 26.731 ; 26.071 ; 25.451 ; 24.930 ; 24.578 ; 24.016 ; 23.187 ; 22.019 ; 20.061 ; 20.615 ; 21.566 ; 21.803 ; 21.812 ; 21.746 ; 21.525 ; 21.125 ; 20.744 ; 20.423 ; 20.037 ; 19.497 ; 19.049 ; 18.611 ; 18.356 ; 18.027 ; 17.704 ; 17.416 ; 17.141 ; 16.911 ; 16.684 ; 16.409 ; 16.169 ; 15.947 ; 15.719 ; 15.470 ; 15.188 ; 14.892 ; 14.584 ; 14.222 ; 13.928 ; 13.572 ; 13.082 ; 12.320 ; 11.766 ; 11.682 ; 11.707 ; 11.764 ; 11.832 ; 11.893 ; 11.934 ; 11.974 ; 12.041 ; 12.149 ; 12.148 ; 12.246 ; 12.540 ; 13.008 ; 13.332 ; 13.412 ; 13.430 ; 13.371 ; 13.204 ; 12.903 ; 12.474 ; 11.989 ; 11.497 ; 11.049 ; 10.645 ; 10.330 ; 10.084 ; 9.970 ; 
46.550 ; 46.101 ; 45.237 ; 42.951 ; 41.297 ; 40.459 ; 39.923 ; 40.109 ; 40.429 ; 40.254 ; 39.635 ; 38.618 ; 37.981 ; 37.454 ; 36.885 ; 36.198 ; 35.593 ; 35.029 ; 34.546 ; 33.986 ; 33.463 ; 32.806 ; 32.266 ; 31.782 ; 31.212 ; 30.633 ; 29.970 ; 29.349 ; 28.409 ; 26.529 ; 23.426 ; 23.341 ; 23.253 ; 23.096 ; 22.905 ; 22.678 ; 22.432 ; 22.202 ; 22.026 ; 21.914 ; 21.960 ; 22.239 ; 22.418 ; 22.288 ; 21.918 ; 21.518 ; 21.186 ; 20.808 ; 20.344 ; 19.775 ; 19.314 ; 18.975 ; 18.655 ; 18.363 ; 18.088 ; 17.794 ; 17.494 ; 17.213 ; 16.967 ; 16.735 ; 16.496 ; 16.260 ; 16.001 ; 15.712 ; 15.412 ; 15.077 ; 14.789 ; 14.466 ; 14.130 ; 13.793 ; 13.466 ; 13.051 ; 12.722 ; 12.706 ; 12.751 ; 12.830 ; 12.864 ; 12.925 ; 12.992 ; 13.037 ; 13.128 ; 13.172 ; 13.217 ; 13.279 ; 13.306 ; 13.312 ; 13.314 ; 13.282 ; 13.310 ; 13.353 ; 13.342 ; 13.179 ; 12.837 ; 12.395 ; 11.931 ; 11.489 ; 11.073 ; 10.752 ; 10.508 ; 10.371 ; 
45.824 ; 45.325 ; 44.363 ; 41.970 ; 40.059 ; 40.024 ; 40.372 ; 40.569 ; 40.352 ; 39.702 ; 38.752 ; 37.645 ; 37.147 ; 36.549 ; 35.967 ; 35.313 ; 34.685 ; 34.085 ; 33.575 ; 33.059 ; 32.523 ; 31.884 ; 31.303 ; 30.862 ; 30.291 ; 29.648 ; 28.929 ; 28.265 ; 27.553 ; 26.908 ; 26.261 ; 25.666 ; 25.126 ; 24.625 ; 24.125 ; 23.634 ; 23.162 ; 22.597 ; 21.928 ; 21.100 ; 21.578 ; 21.675 ; 21.678 ; 21.511 ; 21.149 ; 20.765 ; 20.399 ; 20.026 ; 19.501 ; 18.960 ; 18.501 ; 18.129 ; 17.833 ; 17.625 ; 17.372 ; 17.095 ; 16.839 ; 16.582 ; 16.364 ; 16.148 ; 15.940 ; 15.713 ; 15.424 ; 15.125 ; 14.820 ; 14.530 ; 14.235 ; 13.933 ; 13.600 ; 13.291 ; 12.995 ; 12.749 ; 12.616 ; 12.668 ; 12.829 ; 12.938 ; 13.017 ; 13.060 ; 13.084 ; 13.080 ; 13.076 ; 13.097 ; 13.103 ; 13.110 ; 13.107 ; 13.106 ; 13.097 ; 13.104 ; 13.142 ; 13.152 ; 13.099 ; 13.002 ; 12.769 ; 12.417 ; 12.019 ; 11.621 ; 11.236 ; 10.917 ; 10.674 ; 10.543 ; 
45.572 ; 44.876 ; 43.348 ; 42.121 ; 42.234 ; 42.253 ; 41.895 ; 41.017 ; 40.299 ; 39.476 ; 38.239 ; 37.530 ; 36.968 ; 36.376 ; 35.777 ; 35.160 ; 34.531 ; 33.982 ; 33.428 ; 32.935 ; 32.426 ; 31.884 ; 31.338 ; 30.753 ; 30.137 ; 29.506 ; 28.907 ; 28.205 ; 27.484 ; 26.884 ; 26.293 ; 25.726 ; 25.243 ; 24.777 ; 24.225 ; 23.751 ; 23.204 ; 22.489 ; 21.257 ; 21.040 ; 21.135 ; 21.269 ; 21.499 ; 21.540 ; 21.295 ; 20.926 ; 20.551 ; 20.048 ; 19.492 ; 19.017 ; 18.559 ; 18.249 ; 17.954 ; 17.679 ; 17.405 ; 17.237 ; 17.059 ; 16.869 ; 16.683 ; 16.489 ; 16.269 ; 16.019 ; 15.722 ; 15.396 ; 15.104 ; 14.816 ; 14.512 ; 14.214 ; 13.895 ; 13.590 ; 13.290 ; 13.007 ; 12.696 ; 12.345 ; 12.127 ; 12.173 ; 12.213 ; 12.284 ; 12.352 ; 12.339 ; 12.354 ; 12.346 ; 12.370 ; 12.375 ; 12.358 ; 12.326 ; 12.296 ; 12.360 ; 12.409 ; 12.331 ; 12.140 ; 11.820 ; 11.382 ; 10.913 ; 10.457 ; 10.010 ; 9.604 ; 9.284 ; 9.038 ; 8.919 ; 
44.778 ; 44.208 ; 43.671 ; 43.127 ; 42.533 ; 41.890 ; 41.352 ; 40.655 ; 39.625 ; 38.549 ; 37.377 ; 36.938 ; 36.360 ; 35.835 ; 35.245 ; 34.588 ; 33.991 ; 33.476 ; 33.002 ; 32.489 ; 32.023 ; 31.544 ; 30.954 ; 30.363 ; 29.768 ; 29.131 ; 28.503 ; 27.824 ; 27.212 ; 26.621 ; 26.165 ; 25.723 ; 25.227 ; 24.695 ; 24.133 ; 23.633 ; 23.212 ; 22.719 ; 22.240 ; 21.763 ; 21.462 ; 21.650 ; 21.873 ; 21.797 ; 21.429 ; 21.039 ; 20.632 ; 20.092 ; 19.606 ; 19.157 ; 18.796 ; 18.512 ; 18.233 ; 17.895 ; 17.617 ; 17.505 ; 17.439 ; 17.367 ; 17.212 ; 16.981 ; 16.715 ; 16.498 ; 16.242 ; 15.955 ; 15.683 ; 15.395 ; 15.114 ; 14.791 ; 14.523 ; 14.277 ; 14.053 ; 13.709 ; 13.208 ; 12.265 ; 11.331 ; 10.988 ; 10.463 ; 9.825 ; 9.027 ; 8.316 ; 7.616 ; 7.296 ; 6.988 ; 6.656 ; 6.401 ; 6.163 ; 5.972 ; 5.855 ; 5.731 ; 5.569 ; 5.523 ; 5.580 ; 5.601 ; 5.668 ; 5.682 ; 5.616 ; 5.542 ; 5.564 ; 5.597 ; 5.614 ; 
44.148 ; 43.654 ; 43.054 ; 42.470 ; 41.859 ; 41.254 ; 40.660 ; 40.222 ; 39.237 ; 37.835 ; 36.711 ; 36.226 ; 35.626 ; 35.115 ; 34.483 ; 33.884 ; 33.343 ; 32.875 ; 32.367 ; 31.848 ; 31.301 ; 30.724 ; 30.196 ; 29.597 ; 29.021 ; 28.441 ; 27.792 ; 27.140 ; 26.464 ; 25.986 ; 25.538 ; 25.086 ; 24.544 ; 23.997 ; 23.559 ; 23.034 ; 22.493 ; 22.089 ; 21.616 ; 21.187 ; 20.894 ; 20.947 ; 21.228 ; 21.177 ; 20.790 ; 20.375 ; 19.846 ; 19.294 ; 18.878 ; 18.457 ; 18.114 ; 17.824 ; 17.549 ; 17.214 ; 16.930 ; 16.803 ; 16.805 ; 16.762 ; 16.633 ; 16.446 ; 16.174 ; 15.878 ; 15.593 ; 15.329 ; 15.034 ; 14.731 ; 14.454 ; 14.118 ; 13.848 ; 13.634 ; 13.355 ; 12.957 ; 12.510 ; 12.122 ; 11.783 ; 11.543 ; 11.344 ; 11.330 ; 11.618 ; 11.944 ; 12.210 ; 12.429 ; 12.615 ; 12.830 ; 12.874 ; 12.583 ; 11.992 ; 11.290 ; 10.562 ; 9.852 ; 9.138 ; 8.441 ; 7.776 ; 7.138 ; 6.559 ; 6.016 ; 5.530 ; 5.154 ; 4.854 ; 4.656 ; 
43.851 ; 43.263 ; 42.629 ; 42.013 ; 41.434 ; 40.873 ; 40.324 ; 39.614 ; 38.307 ; 37.131 ; 36.270 ; 35.701 ; 35.153 ; 34.642 ; 34.029 ; 33.470 ; 32.920 ; 32.423 ; 31.868 ; 31.350 ; 30.783 ; 30.221 ; 29.641 ; 29.093 ; 28.569 ; 28.006 ; 27.413 ; 26.772 ; 26.080 ; 25.606 ; 25.121 ; 24.727 ; 24.384 ; 23.954 ; 23.212 ; 22.591 ; 22.165 ; 22.154 ; 22.386 ; 22.296 ; 21.803 ; 21.447 ; 21.327 ; 20.970 ; 20.585 ; 20.106 ; 19.547 ; 19.016 ; 18.576 ; 18.236 ; 17.933 ; 17.655 ; 17.360 ; 17.046 ; 16.806 ; 16.754 ; 16.824 ; 16.750 ; 16.622 ; 16.421 ; 16.191 ; 15.888 ; 15.626 ; 15.385 ; 15.084 ; 14.769 ; 14.479 ; 14.191 ; 13.941 ; 13.792 ; 13.505 ; 13.159 ; 12.732 ; 12.459 ; 12.268 ; 12.056 ; 11.744 ; 11.161 ; 9.508 ; 6.558 ; 2.653 ; 2.963 ; 5.442 ; 6.021 ; 6.177 ; 6.369 ; 6.576 ; 6.855 ; 7.133 ; 7.304 ; 7.357 ; 7.090 ; 6.548 ; 5.996 ; 5.474 ; 5.088 ; 4.840 ; 4.869 ; 4.918 ; 4.916 ; 
43.943 ; 43.385 ; 42.790 ; 42.183 ; 41.601 ; 40.973 ; 40.417 ; 39.727 ; 38.583 ; 37.296 ; 36.407 ; 35.790 ; 35.247 ; 34.715 ; 34.138 ; 33.557 ; 33.027 ; 32.508 ; 31.942 ; 31.412 ; 30.856 ; 30.301 ; 29.751 ; 29.143 ; 28.606 ; 28.051 ; 27.378 ; 26.743 ; 26.231 ; 25.711 ; 25.258 ; 24.951 ; 24.537 ; 23.897 ; 23.168 ; 22.454 ; 22.376 ; 22.748 ; 23.004 ; 22.811 ; 22.319 ; 21.840 ; 21.377 ; 20.950 ; 20.518 ; 20.033 ; 19.446 ; 18.932 ; 18.475 ; 18.129 ; 17.831 ; 17.533 ; 17.230 ; 16.919 ; 16.684 ; 16.641 ; 16.690 ; 16.590 ; 16.445 ; 16.244 ; 16.002 ; 15.733 ; 15.456 ; 15.154 ; 14.813 ; 14.522 ; 14.276 ; 13.989 ; 13.751 ; 13.551 ; 13.269 ; 12.860 ; 12.431 ; 12.117 ; 11.926 ; 11.729 ; 11.392 ; 11.055 ; 10.628 ; 9.583 ; 7.941 ; 6.355 ; 6.454 ; 6.681 ; 7.022 ; 7.291 ; 7.548 ; 7.762 ; 7.802 ; 7.720 ; 7.430 ; 7.034 ; 6.517 ; 5.950 ; 5.430 ; 4.996 ; 4.794 ; 4.847 ; 4.855 ; 4.851 ; 
44.138 ; 43.565 ; 42.975 ; 42.373 ; 41.817 ; 41.184 ; 40.579 ; 39.737 ; 38.510 ; 37.303 ; 36.601 ; 36.007 ; 35.429 ; 34.891 ; 34.277 ; 33.716 ; 33.193 ; 32.668 ; 32.110 ; 31.553 ; 30.951 ; 30.325 ; 29.858 ; 29.457 ; 28.954 ; 28.469 ; 28.007 ; 27.362 ; 26.644 ; 25.948 ; 25.530 ; 25.389 ; 25.321 ; 25.116 ; 24.519 ; 23.799 ; 23.387 ; 23.371 ; 23.329 ; 23.031 ; 22.512 ; 22.034 ; 21.578 ; 21.106 ; 20.686 ; 20.208 ; 19.582 ; 19.097 ; 18.629 ; 18.293 ; 17.990 ; 17.711 ; 17.415 ; 17.134 ; 16.895 ; 16.850 ; 16.834 ; 16.738 ; 16.586 ; 16.382 ; 16.115 ; 15.830 ; 15.537 ; 15.209 ; 14.837 ; 14.653 ; 14.469 ; 14.197 ; 13.920 ; 13.698 ; 13.375 ; 12.940 ; 12.554 ; 12.223 ; 11.994 ; 11.748 ; 11.431 ; 11.145 ; 10.886 ; 10.458 ; 9.373 ; 8.536 ; 8.682 ; 8.871 ; 8.913 ; 8.814 ; 8.612 ; 8.477 ; 8.253 ; 7.874 ; 7.461 ; 7.063 ; 6.666 ; 6.241 ; 5.736 ; 5.226 ; 4.922 ; 4.913 ; 4.961 ; 4.958 ; 
44.586 ; 44.068 ; 43.546 ; 42.977 ; 42.349 ; 41.736 ; 41.151 ; 40.328 ; 38.992 ; 37.588 ; 36.991 ; 36.489 ; 35.910 ; 35.295 ; 34.740 ; 34.195 ; 33.674 ; 33.125 ; 32.517 ; 31.962 ; 31.347 ; 30.861 ; 30.475 ; 29.979 ; 29.449 ; 28.907 ; 28.430 ; 27.836 ; 27.169 ; 26.439 ; 26.187 ; 26.193 ; 26.005 ; 25.943 ; 25.625 ; 25.016 ; 24.520 ; 24.343 ; 23.973 ; 23.463 ; 22.989 ; 22.552 ; 22.057 ; 21.627 ; 21.179 ; 20.614 ; 20.016 ; 19.553 ; 19.078 ; 18.777 ; 18.495 ; 18.215 ; 17.921 ; 17.650 ; 17.440 ; 17.395 ; 17.365 ; 17.239 ; 17.081 ; 16.839 ; 16.579 ; 16.277 ; 16.045 ; 15.758 ; 15.424 ; 15.190 ; 14.977 ; 14.739 ; 14.501 ; 14.228 ; 13.911 ; 13.545 ; 13.134 ; 12.822 ; 12.535 ; 12.237 ; 11.907 ; 11.619 ; 11.443 ; 11.227 ; 10.884 ; 10.383 ; 9.862 ; 9.772 ; 9.715 ; 9.542 ; 9.346 ; 9.078 ; 8.728 ; 8.326 ; 7.891 ; 7.494 ; 7.131 ; 6.721 ; 6.323 ; 5.977 ; 5.692 ; 5.493 ; 5.455 ; 5.414 ; 
44.893 ; 44.320 ; 43.755 ; 43.165 ; 42.587 ; 42.028 ; 41.328 ; 40.459 ; 39.365 ; 37.892 ; 37.181 ; 36.689 ; 36.123 ; 35.544 ; 34.987 ; 34.466 ; 33.924 ; 33.346 ; 32.732 ; 32.119 ; 31.597 ; 31.191 ; 30.694 ; 30.191 ; 29.721 ; 29.208 ; 28.673 ; 28.010 ; 27.311 ; 26.823 ; 26.922 ; 27.146 ; 27.001 ; 26.706 ; 26.305 ; 25.783 ; 25.244 ; 24.738 ; 24.228 ; 23.709 ; 23.217 ; 22.740 ; 22.271 ; 21.791 ; 21.349 ; 20.769 ; 20.162 ; 19.691 ; 19.259 ; 18.961 ; 18.685 ; 18.399 ; 18.107 ; 17.845 ; 17.662 ; 17.605 ; 17.523 ; 17.392 ; 17.224 ; 16.992 ; 16.689 ; 16.431 ; 16.189 ; 15.918 ; 15.648 ; 15.390 ; 15.148 ; 14.902 ; 14.647 ; 14.368 ; 14.063 ; 13.721 ; 13.357 ; 13.014 ; 12.704 ; 12.380 ; 12.044 ; 11.778 ; 11.613 ; 11.390 ; 11.144 ; 10.822 ; 10.525 ; 10.263 ; 10.018 ; 9.746 ; 9.462 ; 9.180 ; 8.799 ; 8.241 ; 7.793 ; 7.407 ; 7.087 ; 6.750 ; 6.464 ; 6.319 ; 6.249 ; 6.197 ; 6.141 ; 6.089 ; 
45.275 ; 44.769 ; 44.187 ; 43.634 ; 43.088 ; 42.495 ; 41.745 ; 40.863 ; 39.887 ; 38.768 ; 37.617 ; 37.097 ; 36.557 ; 36.010 ; 35.511 ; 34.975 ; 34.392 ; 33.807 ; 33.157 ; 32.605 ; 32.144 ; 31.565 ; 31.052 ; 30.900 ; 30.960 ; 30.804 ; 30.634 ; 30.261 ; 29.129 ; 28.244 ; 27.731 ; 27.581 ; 27.577 ; 27.329 ; 26.859 ; 26.323 ; 25.717 ; 25.236 ; 24.745 ; 24.235 ; 23.731 ; 23.287 ; 22.853 ; 22.390 ; 21.887 ; 21.258 ; 20.742 ; 20.253 ; 19.864 ; 19.544 ; 19.270 ; 19.019 ; 18.745 ; 18.498 ; 18.349 ; 18.286 ; 18.170 ; 18.016 ; 17.802 ; 17.587 ; 17.311 ; 17.041 ; 16.811 ; 16.553 ; 16.280 ; 16.041 ; 15.757 ; 15.520 ; 15.227 ; 14.932 ; 14.634 ; 14.337 ; 13.999 ; 13.644 ; 13.307 ; 12.946 ; 12.627 ; 12.391 ; 12.183 ; 11.921 ; 11.625 ; 11.330 ; 11.049 ; 10.797 ; 10.521 ; 10.232 ; 9.961 ; 9.663 ; 9.335 ; 8.925 ; 8.451 ; 8.090 ; 7.752 ; 7.389 ; 7.104 ; 6.958 ; 6.912 ; 6.889 ; 6.868 ; 6.825 ; 
45.346 ; 44.804 ; 44.260 ; 43.774 ; 43.183 ; 42.574 ; 41.860 ; 41.003 ; 40.016 ; 38.857 ; 37.794 ; 37.174 ; 36.627 ; 36.143 ; 35.601 ; 34.465 ; 32.075 ; 30.638 ; 30.866 ; 31.250 ; 31.720 ; 32.020 ; 32.318 ; 32.593 ; 32.574 ; 32.078 ; 31.488 ; 30.886 ; 30.234 ; 29.357 ; 28.761 ; 28.560 ; 28.134 ; 27.551 ; 26.994 ; 26.491 ; 25.923 ; 25.441 ; 24.934 ; 24.440 ; 23.923 ; 23.430 ; 22.977 ; 22.556 ; 22.030 ; 21.359 ; 20.854 ; 20.385 ; 20.005 ; 19.688 ; 19.413 ; 19.135 ; 18.857 ; 18.653 ; 18.527 ; 18.451 ; 18.316 ; 18.133 ; 17.963 ; 17.738 ; 17.468 ; 17.218 ; 16.961 ; 16.698 ; 16.459 ; 16.217 ; 15.985 ; 15.723 ; 15.433 ; 15.139 ; 14.865 ; 14.574 ; 14.248 ; 13.919 ; 13.608 ; 13.216 ; 12.915 ; 12.649 ; 12.434 ; 12.143 ; 11.844 ; 11.566 ; 11.306 ; 11.023 ; 10.718 ; 10.417 ; 10.125 ; 9.837 ; 9.530 ; 9.171 ; 8.734 ; 8.278 ; 7.946 ; 7.646 ; 7.376 ; 7.264 ; 7.248 ; 7.256 ; 7.293 ; 7.280 ; 
45.441 ; 44.909 ; 44.364 ; 43.870 ; 43.301 ; 42.697 ; 41.931 ; 41.035 ; 40.155 ; 39.112 ; 37.942 ; 37.200 ; 36.612 ; 36.097 ; 35.637 ; 35.081 ; 34.441 ; 33.696 ; 33.005 ; 32.312 ; 32.168 ; 32.486 ; 32.877 ; 33.066 ; 32.715 ; 32.116 ; 31.536 ; 30.995 ; 30.430 ; 29.912 ; 29.365 ; 28.823 ; 28.246 ; 27.634 ; 27.079 ; 26.606 ; 26.086 ; 25.563 ; 25.055 ; 24.496 ; 23.952 ; 23.498 ; 23.063 ; 22.634 ; 22.033 ; 21.381 ; 20.898 ; 20.429 ; 20.084 ; 19.741 ; 19.455 ; 19.209 ; 18.961 ; 18.727 ; 18.567 ; 18.488 ; 18.367 ; 18.208 ; 18.023 ; 17.783 ; 17.518 ; 17.279 ; 17.033 ; 16.769 ; 16.524 ; 16.256 ; 15.998 ; 15.770 ; 15.479 ; 15.169 ; 14.937 ; 14.651 ; 14.315 ; 14.008 ; 13.688 ; 13.312 ; 13.011 ; 12.761 ; 12.503 ; 12.231 ; 11.920 ; 11.644 ; 11.363 ; 11.105 ; 10.814 ; 10.515 ; 10.232 ; 9.944 ; 9.603 ; 9.261 ; 8.886 ; 8.482 ; 8.078 ; 7.745 ; 7.529 ; 7.443 ; 7.482 ; 7.497 ; 7.528 ; 7.557 ; 
45.383 ; 44.864 ; 44.365 ; 43.839 ; 43.245 ; 42.600 ; 41.811 ; 40.949 ; 40.002 ; 39.023 ; 38.002 ; 37.088 ; 36.530 ; 36.037 ; 35.532 ; 34.814 ; 33.949 ; 33.405 ; 32.888 ; 32.629 ; 32.853 ; 33.098 ; 33.270 ; 33.187 ; 32.701 ; 32.124 ; 31.561 ; 31.021 ; 30.474 ; 29.929 ; 29.369 ; 28.830 ; 28.266 ; 27.664 ; 27.097 ; 26.529 ; 25.992 ; 25.528 ; 25.041 ; 24.518 ; 23.989 ; 23.520 ; 23.083 ; 22.624 ; 22.007 ; 21.381 ; 20.872 ; 20.422 ; 20.079 ; 19.762 ; 19.476 ; 19.190 ; 18.936 ; 18.731 ; 18.586 ; 18.509 ; 18.366 ; 18.197 ; 18.016 ; 17.789 ; 17.538 ; 17.282 ; 17.045 ; 16.775 ; 16.512 ; 16.241 ; 15.952 ; 15.735 ; 15.497 ; 15.239 ; 14.983 ; 14.678 ; 14.353 ; 14.028 ; 13.696 ; 13.373 ; 13.070 ; 12.805 ; 12.536 ; 12.227 ; 11.901 ; 11.611 ; 11.396 ; 11.148 ; 10.857 ; 10.556 ; 10.269 ; 9.953 ; 9.634 ; 9.324 ; 8.984 ; 8.548 ; 8.106 ; 7.804 ; 7.608 ; 7.577 ; 7.654 ; 7.728 ; 7.788 ; 7.794 ; 
45.319 ; 44.828 ; 44.324 ; 43.800 ; 43.225 ; 42.538 ; 41.767 ; 40.901 ; 40.046 ; 39.103 ; 38.049 ; 37.106 ; 36.471 ; 35.967 ; 35.480 ; 34.896 ; 34.213 ; 33.469 ; 32.654 ; 32.852 ; 33.423 ; 33.669 ; 33.629 ; 33.291 ; 32.728 ; 32.158 ; 31.586 ; 31.019 ; 30.501 ; 29.929 ; 29.340 ; 28.796 ; 28.240 ; 27.666 ; 27.118 ; 26.589 ; 26.068 ; 25.569 ; 25.077 ; 24.549 ; 24.015 ; 23.554 ; 23.132 ; 22.657 ; 21.991 ; 21.358 ; 20.861 ; 20.407 ; 20.069 ; 19.768 ; 19.486 ; 19.207 ; 18.955 ; 18.710 ; 18.576 ; 18.512 ; 18.347 ; 18.203 ; 17.998 ; 17.772 ; 17.511 ; 17.270 ; 17.028 ; 16.754 ; 16.471 ; 16.189 ; 15.929 ; 15.709 ; 15.458 ; 15.210 ; 14.949 ; 14.652 ; 14.315 ; 13.994 ; 13.632 ; 13.310 ; 13.024 ; 12.737 ; 12.459 ; 12.139 ; 11.758 ; 11.511 ; 11.288 ; 11.035 ; 10.753 ; 10.450 ; 10.154 ; 9.819 ; 9.480 ; 9.152 ; 8.824 ; 8.415 ; 7.962 ; 7.670 ; 7.531 ; 7.507 ; 7.603 ; 7.700 ; 7.747 ; 7.745 ; 
45.173 ; 44.695 ; 44.234 ; 43.689 ; 43.114 ; 42.412 ; 41.583 ; 40.699 ; 39.883 ; 39.046 ; 38.155 ; 37.107 ; 36.296 ; 35.847 ; 35.448 ; 34.858 ; 34.255 ; 33.705 ; 33.098 ; 32.863 ; 33.168 ; 33.753 ; 33.837 ; 33.469 ; 32.850 ; 32.237 ; 31.665 ; 31.076 ; 30.574 ; 30.055 ; 29.516 ; 28.935 ; 28.360 ; 27.799 ; 27.265 ; 26.736 ; 26.262 ; 25.763 ; 25.244 ; 24.760 ; 24.267 ; 23.811 ; 23.373 ; 22.869 ; 22.194 ; 21.576 ; 21.020 ; 20.640 ; 20.296 ; 19.989 ; 19.729 ; 19.465 ; 19.198 ; 18.969 ; 18.862 ; 18.748 ; 18.595 ; 18.449 ; 18.245 ; 18.016 ; 17.783 ; 17.558 ; 17.306 ; 17.018 ; 16.741 ; 16.459 ; 16.226 ; 16.009 ; 15.757 ; 15.522 ; 15.256 ; 14.957 ; 14.642 ; 14.312 ; 13.965 ; 13.638 ; 13.357 ; 13.075 ; 12.788 ; 12.429 ; 12.122 ; 11.895 ; 11.640 ; 11.380 ; 11.087 ; 10.798 ; 10.496 ; 10.162 ; 9.841 ; 9.507 ; 9.177 ; 8.778 ; 8.335 ; 8.029 ; 7.913 ; 7.903 ; 7.959 ; 8.032 ; 8.075 ; 8.090 ; 
43.824 ; 43.384 ; 42.913 ; 42.391 ; 41.809 ; 41.100 ; 40.296 ; 39.440 ; 38.645 ; 37.854 ; 36.895 ; 35.986 ; 35.056 ; 34.521 ; 34.052 ; 33.387 ; 32.793 ; 32.550 ; 32.671 ; 32.641 ; 32.361 ; 32.558 ; 32.661 ; 32.194 ; 31.561 ; 30.948 ; 30.369 ; 29.809 ; 29.240 ; 28.705 ; 28.158 ; 27.621 ; 27.063 ; 26.496 ; 25.931 ; 25.415 ; 24.925 ; 24.446 ; 23.998 ; 23.502 ; 22.954 ; 22.506 ; 22.081 ; 21.584 ; 20.871 ; 20.191 ; 19.679 ; 19.267 ; 18.951 ; 18.644 ; 18.389 ; 18.166 ; 17.910 ; 17.661 ; 17.533 ; 17.402 ; 17.226 ; 17.065 ; 16.881 ; 16.662 ; 16.438 ; 16.236 ; 15.972 ; 15.683 ; 15.414 ; 15.167 ; 14.947 ; 14.726 ; 14.487 ; 14.242 ; 13.971 ; 13.715 ; 13.396 ; 13.073 ; 12.744 ; 12.470 ; 12.194 ; 11.928 ; 11.661 ; 11.350 ; 11.046 ; 10.828 ; 10.580 ; 10.306 ; 10.024 ; 9.724 ; 9.431 ; 9.108 ; 8.801 ; 8.499 ; 8.180 ; 7.808 ; 7.419 ; 7.162 ; 7.096 ; 7.131 ; 7.211 ; 7.249 ; 7.231 ; 7.243 ; 
43.533 ; 43.038 ; 42.545 ; 42.013 ; 41.403 ; 40.695 ; 39.863 ; 39.001 ; 38.193 ; 37.419 ; 36.607 ; 35.722 ; 34.805 ; 34.003 ; 33.362 ; 32.685 ; 32.273 ; 32.484 ; 33.171 ; 33.346 ; 33.360 ; 32.985 ; 32.511 ; 32.008 ; 31.356 ; 30.700 ; 30.067 ; 29.508 ; 28.959 ; 28.418 ; 27.910 ; 27.333 ; 26.771 ; 26.222 ; 25.666 ; 25.119 ; 24.653 ; 24.156 ; 23.686 ; 23.235 ; 22.762 ; 22.292 ; 21.835 ; 21.368 ; 20.794 ; 20.032 ; 19.361 ; 18.967 ; 18.631 ; 18.344 ; 18.101 ; 17.830 ; 17.576 ; 17.312 ; 17.182 ; 17.024 ; 16.831 ; 16.649 ; 16.465 ; 16.240 ; 16.020 ; 15.752 ; 15.493 ; 15.201 ; 14.954 ; 14.713 ; 14.463 ; 14.203 ; 13.967 ; 13.733 ; 13.459 ; 13.166 ; 12.849 ; 12.518 ; 12.192 ; 11.895 ; 11.635 ; 11.345 ; 11.071 ; 10.764 ; 10.483 ; 10.234 ; 9.982 ; 9.697 ; 9.392 ; 9.098 ; 8.801 ; 8.480 ; 8.174 ; 7.876 ; 7.559 ; 7.176 ; 6.842 ; 6.631 ; 6.535 ; 6.505 ; 6.525 ; 6.439 ; 6.458 ; 6.433 ; 
42.705 ; 42.207 ; 41.680 ; 41.170 ; 40.582 ; 39.872 ; 39.044 ; 38.228 ; 37.413 ; 36.647 ; 35.785 ; 34.737 ; 33.227 ; 32.170 ; 32.186 ; 32.287 ; 32.486 ; 32.730 ; 33.002 ; 33.160 ; 32.951 ; 32.426 ; 31.928 ; 31.453 ; 30.814 ; 30.167 ; 29.602 ; 29.003 ; 28.437 ; 27.943 ; 27.458 ; 26.932 ; 26.374 ; 25.827 ; 25.279 ; 24.769 ; 24.302 ; 23.891 ; 23.475 ; 23.053 ; 22.607 ; 22.126 ; 21.709 ; 21.270 ; 20.711 ; 19.958 ; 19.245 ; 18.825 ; 18.451 ; 18.190 ; 17.985 ; 17.747 ; 17.477 ; 17.204 ; 17.100 ; 16.948 ; 16.777 ; 16.580 ; 16.404 ; 16.208 ; 15.996 ; 15.732 ; 15.450 ; 15.157 ; 14.928 ; 14.707 ; 14.456 ; 14.194 ; 13.930 ; 13.662 ; 13.389 ; 13.097 ; 12.779 ; 12.432 ; 12.100 ; 11.814 ; 11.556 ; 11.314 ; 11.031 ; 10.725 ; 10.465 ; 10.171 ; 9.923 ; 9.610 ; 9.354 ; 9.026 ; 8.791 ; 8.394 ; 8.084 ; 7.792 ; 7.510 ; 7.184 ; 6.880 ; 6.684 ; 6.560 ; 6.441 ; 6.171 ; 6.033 ; 6.040 ; 6.043 ; 
42.350 ; 41.819 ; 41.317 ; 40.756 ; 40.170 ; 39.471 ; 38.666 ; 37.874 ; 37.086 ; 36.339 ; 35.507 ; 34.697 ; 33.802 ; 32.836 ; 31.903 ; 31.377 ; 31.700 ; 32.306 ; 32.570 ; 32.759 ; 32.433 ; 31.826 ; 31.408 ; 30.894 ; 30.257 ; 29.608 ; 28.947 ; 28.312 ; 27.710 ; 27.181 ; 26.666 ; 26.079 ; 25.472 ; 24.923 ; 24.373 ; 23.801 ; 23.307 ; 22.848 ; 22.406 ; 21.947 ; 21.433 ; 20.934 ; 20.502 ; 20.127 ; 19.541 ; 18.770 ; 17.978 ; 17.354 ; 16.974 ; 16.708 ; 16.469 ; 16.177 ; 15.813 ; 15.529 ; 15.471 ; 15.311 ; 15.129 ; 14.929 ; 14.748 ; 14.547 ; 14.325 ; 14.073 ; 13.824 ; 13.584 ; 13.362 ; 13.141 ; 12.921 ; 12.692 ; 12.472 ; 12.240 ; 11.957 ; 11.703 ; 11.441 ; 11.109 ; 10.845 ; 10.594 ; 10.355 ; 10.109 ; 9.855 ; 9.593 ; 9.353 ; 9.122 ; 8.848 ; 8.562 ; 8.263 ; 7.958 ; 7.643 ; 7.328 ; 6.971 ; 6.669 ; 6.388 ; 6.060 ; 5.794 ; 5.643 ; 5.541 ; 5.400 ; 5.252 ; 5.316 ; 5.278 ; 5.216 ; 
43.437 ; 42.953 ; 42.489 ; 41.969 ; 41.402 ; 40.759 ; 39.989 ; 39.180 ; 38.475 ; 37.774 ; 36.957 ; 36.104 ; 35.188 ; 34.443 ; 33.644 ; 32.908 ; 32.812 ; 33.362 ; 33.990 ; 34.304 ; 34.056 ; 33.401 ; 33.059 ; 32.644 ; 31.974 ; 31.345 ; 30.690 ; 30.027 ; 29.461 ; 28.976 ; 28.459 ; 27.924 ; 27.354 ; 26.842 ; 26.318 ; 25.757 ; 25.287 ; 24.846 ; 24.428 ; 24.024 ; 23.579 ; 23.075 ; 22.638 ; 22.242 ; 21.726 ; 21.061 ; 20.366 ; 19.510 ; 19.023 ; 18.813 ; 18.608 ; 18.326 ; 17.975 ; 17.714 ; 17.599 ; 17.407 ; 17.195 ; 16.997 ; 16.797 ; 16.563 ; 16.335 ; 16.073 ; 15.794 ; 15.517 ; 15.268 ; 15.004 ; 14.763 ; 14.506 ; 14.217 ; 13.932 ; 13.607 ; 13.284 ; 12.946 ; 12.603 ; 12.313 ; 12.020 ; 11.732 ; 11.421 ; 11.133 ; 10.857 ; 10.568 ; 10.288 ; 10.008 ; 9.736 ; 9.394 ; 9.040 ; 8.703 ; 8.358 ; 8.028 ; 7.746 ; 7.482 ; 7.181 ; 6.933 ; 6.781 ; 6.650 ; 6.369 ; 6.033 ; 6.028 ; 6.043 ; 6.022 ; 
38.083 ; 36.540 ; 35.025 ; 33.530 ; 32.008 ; 29.994 ; 30.710 ; 31.155 ; 31.444 ; 31.690 ; 31.909 ; 32.119 ; 32.271 ; 32.345 ; 32.449 ; 32.574 ; 32.748 ; 32.969 ; 33.091 ; 33.047 ; 32.802 ; 32.249 ; 31.708 ; 31.174 ; 30.566 ; 30.007 ; 29.383 ; 28.816 ; 28.246 ; 27.674 ; 27.126 ; 26.583 ; 25.986 ; 25.520 ; 24.969 ; 24.413 ; 24.050 ; 23.583 ; 23.126 ; 22.648 ; 22.155 ; 21.635 ; 21.135 ; 20.636 ; 20.157 ; 19.669 ; 19.155 ; 18.518 ; 17.818 ; 17.423 ; 17.159 ; 16.849 ; 16.435 ; 16.162 ; 16.050 ; 15.867 ; 15.654 ; 15.455 ; 15.247 ; 15.032 ; 14.801 ; 14.543 ; 14.266 ; 14.031 ; 13.773 ; 13.509 ; 13.256 ; 13.008 ; 12.716 ; 12.436 ; 12.097 ; 11.791 ; 11.459 ; 11.117 ; 10.821 ; 10.540 ; 10.262 ; 9.980 ; 9.696 ; 9.444 ; 9.186 ; 8.915 ; 8.652 ; 8.388 ; 8.070 ; 7.728 ; 7.418 ; 7.089 ; 6.789 ; 6.534 ; 6.320 ; 6.089 ; 5.844 ; 5.670 ; 5.460 ; 5.816 ; 6.130 ; 6.333 ; 6.424 ; 6.481 ; 
17.755 ; 16.121 ; 16.118 ; 16.918 ; 17.384 ; 17.631 ; 17.813 ; 17.918 ; 18.000 ; 18.010 ; 17.979 ; 17.884 ; 17.763 ; 17.563 ; 17.355 ; 17.098 ; 16.830 ; 16.531 ; 16.193 ; 15.835 ; 15.471 ; 15.105 ; 14.770 ; 14.418 ; 14.064 ; 13.720 ; 13.396 ; 13.118 ; 12.852 ; 12.618 ; 12.407 ; 12.209 ; 12.031 ; 11.846 ; 11.664 ; 11.500 ; 11.310 ; 11.118 ; 10.956 ; 10.792 ; 10.643 ; 10.536 ; 10.447 ; 10.401 ; 10.408 ; 10.455 ; 10.481 ; 10.461 ; 10.405 ; 10.329 ; 10.229 ; 10.101 ; 9.938 ; 9.775 ; 9.631 ; 9.475 ; 9.297 ; 9.159 ; 8.985 ; 8.833 ; 8.688 ; 8.555 ; 8.449 ; 8.354 ; 8.203 ; 8.081 ; 7.954 ; 7.817 ; 7.718 ; 7.646 ; 7.587 ; 7.532 ; 7.513 ; 7.550 ; 7.679 ; 7.893 ; 8.040 ; 8.042 ; 7.970 ; 7.875 ; 7.827 ; 7.783 ; 7.724 ; 7.612 ; 7.395 ; 7.164 ; 6.990 ; 6.828 ; 6.651 ; 6.447 ; 6.266 ; 6.136 ; 6.117 ; 6.218 ; 6.441 ; 6.681 ; 6.920 ; 7.063 ; 7.052 ; 7.058 ; 
37.150 ; 35.608 ; 34.060 ; 32.524 ; 30.976 ; 29.435 ; 27.896 ; 26.341 ; 24.797 ; 23.264 ; 21.735 ; 20.198 ; 18.709 ; 17.184 ; 15.680 ; 13.951 ; 12.559 ; 13.830 ; 15.032 ; 16.185 ; 17.190 ; 17.994 ; 18.371 ; 18.458 ; 18.350 ; 18.164 ; 17.895 ; 17.604 ; 17.281 ; 16.923 ; 16.580 ; 16.256 ; 15.919 ; 15.572 ; 15.227 ; 14.897 ; 14.583 ; 14.251 ; 13.958 ; 13.688 ; 13.406 ; 13.121 ; 12.792 ; 12.446 ; 12.081 ; 11.705 ; 11.337 ; 10.967 ; 10.598 ; 10.244 ; 9.924 ; 9.623 ; 9.336 ; 9.063 ; 8.782 ; 8.510 ; 8.242 ; 7.948 ; 7.642 ; 7.319 ; 6.982 ; 6.670 ; 6.376 ; 6.081 ; 5.811 ; 5.559 ; 5.327 ; 5.147 ; 4.993 ; 4.909 ; 4.865 ; 4.874 ; 4.959 ; 5.133 ; 5.333 ; 5.572 ; 5.750 ; 5.934 ; 6.091 ; 6.257 ; 6.498 ; 6.693 ; 6.844 ; 6.938 ; 7.043 ; 7.141 ; 7.228 ; 7.258 ; 7.236 ; 7.184 ; 7.112 ; 7.050 ; 7.010 ; 6.990 ; 6.977 ; 6.904 ; 6.746 ; 6.580 ; 6.492 ; 6.448 ; 
41.840 ; 41.324 ; 40.836 ; 40.321 ; 39.665 ; 38.966 ; 38.240 ; 37.524 ; 36.925 ; 36.443 ; 35.753 ; 35.000 ; 34.228 ; 32.149 ; 30.553 ; 28.997 ; 27.447 ; 25.895 ; 24.342 ; 22.780 ; 21.229 ; 19.677 ; 18.144 ; 16.598 ; 15.081 ; 13.541 ; 12.011 ; 10.502 ; 8.825 ; 9.427 ; 10.963 ; 12.288 ; 13.201 ; 13.708 ; 13.951 ; 14.018 ; 13.914 ; 13.663 ; 13.398 ; 13.192 ; 13.050 ; 13.003 ; 12.975 ; 12.939 ; 12.922 ; 12.932 ; 12.816 ; 12.663 ; 12.455 ; 12.233 ; 12.016 ; 11.833 ; 11.662 ; 11.435 ; 11.171 ; 10.840 ; 10.487 ; 10.134 ; 9.760 ; 9.385 ; 9.027 ; 8.714 ; 8.430 ; 8.192 ; 7.992 ; 7.825 ; 7.657 ; 7.469 ; 7.254 ; 7.044 ; 6.850 ; 6.657 ; 6.464 ; 6.284 ; 6.098 ; 5.870 ; 5.669 ; 5.573 ; 5.533 ; 5.535 ; 5.560 ; 5.631 ; 5.736 ; 5.853 ; 6.006 ; 6.184 ; 6.301 ; 6.323 ; 6.327 ; 6.328 ; 6.404 ; 6.516 ; 6.559 ; 6.561 ; 6.573 ; 6.479 ; 6.357 ; 6.258 ; 6.277 ; 6.292 ; 
41.270 ; 40.783 ; 40.323 ; 39.770 ; 39.166 ; 38.513 ; 37.769 ; 37.039 ; 36.443 ; 35.632 ; 34.873 ; 34.606 ; 35.067 ; 35.447 ; 35.415 ; 34.873 ; 34.236 ; 33.620 ; 32.988 ; 32.359 ; 31.796 ; 31.217 ; 30.728 ; 30.178 ; 29.539 ; 28.894 ; 28.222 ; 27.631 ; 27.087 ; 26.552 ; 26.028 ; 25.488 ; 24.972 ; 24.419 ; 23.626 ; 22.055 ; 20.501 ; 18.885 ; 17.319 ; 15.731 ; 14.167 ; 12.621 ; 11.050 ; 9.503 ; 7.962 ; 6.463 ; 4.904 ; 5.070 ; 7.958 ; 11.729 ; 12.410 ; 12.360 ; 12.202 ; 12.001 ; 11.791 ; 11.614 ; 11.539 ; 11.543 ; 11.668 ; 11.824 ; 11.853 ; 11.697 ; 11.458 ; 11.232 ; 10.992 ; 10.770 ; 10.536 ; 10.309 ; 10.072 ; 9.875 ; 9.710 ; 9.557 ; 9.384 ; 9.211 ; 9.027 ; 8.860 ; 8.719 ; 8.564 ; 8.383 ; 8.195 ; 8.004 ; 7.854 ; 7.722 ; 7.586 ; 7.451 ; 7.322 ; 7.215 ; 7.126 ; 7.046 ; 7.009 ; 6.992 ; 7.065 ; 7.157 ; 7.198 ; 7.117 ; 6.943 ; 6.763 ; 6.622 ; 6.540 ; 6.534 ; 
41.017 ; 40.556 ; 40.088 ; 39.529 ; 38.904 ; 38.224 ; 37.432 ; 36.853 ; 36.233 ; 35.423 ; 35.014 ; 35.276 ; 35.517 ; 35.597 ; 35.204 ; 34.587 ; 33.918 ; 33.272 ; 32.584 ; 31.977 ; 31.457 ; 30.904 ; 30.386 ; 29.853 ; 29.199 ; 28.581 ; 27.876 ; 27.263 ; 26.703 ; 26.178 ; 25.642 ; 25.049 ; 24.466 ; 23.898 ; 23.365 ; 22.891 ; 22.430 ; 21.944 ; 21.411 ; 20.922 ; 20.413 ; 19.973 ; 19.527 ; 19.074 ; 18.673 ; 18.330 ; 17.976 ; 17.678 ; 17.306 ; 16.511 ; 14.159 ; 11.207 ; 9.103 ; 7.110 ; 6.717 ; 6.792 ; 6.947 ; 7.225 ; 7.627 ; 7.956 ; 8.148 ; 8.280 ; 8.430 ; 8.671 ; 8.869 ; 8.986 ; 9.039 ; 9.098 ; 9.161 ; 9.262 ; 9.391 ; 9.527 ; 9.604 ; 9.560 ; 9.434 ; 9.263 ; 9.039 ; 8.840 ; 8.645 ; 8.444 ; 8.243 ; 8.096 ; 7.970 ; 7.838 ; 7.712 ; 7.579 ; 7.454 ; 7.341 ; 7.284 ; 7.217 ; 7.216 ; 7.268 ; 7.305 ; 7.278 ; 7.112 ; 6.873 ; 6.659 ; 6.510 ; 6.503 ; 6.513 ; 
41.746 ; 41.294 ; 40.802 ; 40.226 ; 39.597 ; 38.925 ; 38.299 ; 37.708 ; 36.935 ; 36.469 ; 36.598 ; 36.702 ; 36.753 ; 36.514 ; 35.958 ; 35.366 ; 34.697 ; 34.052 ; 33.411 ; 32.818 ; 32.242 ; 31.737 ; 31.182 ; 30.681 ; 30.074 ; 29.441 ; 28.765 ; 28.155 ; 27.612 ; 27.097 ; 26.513 ; 25.930 ; 25.344 ; 24.793 ; 24.278 ; 23.803 ; 23.315 ; 22.812 ; 22.337 ; 21.830 ; 21.339 ; 20.890 ; 20.412 ; 20.000 ; 19.589 ; 19.215 ; 18.838 ; 18.489 ; 18.127 ; 17.807 ; 17.537 ; 17.276 ; 16.855 ; 15.630 ; 12.633 ; 10.036 ; 7.956 ; 7.706 ; 7.750 ; 7.577 ; 7.264 ; 6.840 ; 6.386 ; 5.936 ; 5.558 ; 5.284 ; 5.192 ; 5.320 ; 5.776 ; 6.537 ; 7.442 ; 8.083 ; 8.623 ; 9.010 ; 9.227 ; 9.324 ; 9.305 ; 9.226 ; 9.059 ; 8.905 ; 8.757 ; 8.603 ; 8.457 ; 8.295 ; 8.148 ; 8.025 ; 7.909 ; 7.784 ; 7.632 ; 7.538 ; 7.458 ; 7.391 ; 7.351 ; 7.274 ; 7.087 ; 6.800 ; 6.572 ; 6.413 ; 6.319 ; 6.296 ; 
40.834 ; 40.464 ; 39.998 ; 39.494 ; 38.904 ; 38.383 ; 37.843 ; 37.129 ; 36.668 ; 36.845 ; 36.946 ; 36.866 ; 36.713 ; 36.278 ; 35.734 ; 35.086 ; 34.410 ; 33.759 ; 33.146 ; 32.573 ; 31.995 ; 31.476 ; 30.962 ; 30.443 ; 29.895 ; 29.269 ; 28.619 ; 27.973 ; 27.399 ; 26.833 ; 26.273 ; 25.687 ; 25.092 ; 24.566 ; 24.071 ; 23.602 ; 23.127 ; 22.630 ; 22.148 ; 21.670 ; 21.203 ; 20.790 ; 20.379 ; 20.016 ; 19.495 ; 18.191 ; 15.352 ; 12.898 ; 10.896 ; 9.161 ; 9.109 ; 8.904 ; 8.572 ; 8.228 ; 7.915 ; 7.645 ; 7.482 ; 7.400 ; 7.446 ; 7.566 ; 7.598 ; 7.467 ; 7.311 ; 7.206 ; 7.231 ; 7.358 ; 7.529 ; 7.663 ; 7.775 ; 7.837 ; 7.879 ; 7.917 ; 7.954 ; 8.011 ; 8.072 ; 8.107 ; 8.088 ; 8.077 ; 8.059 ; 8.089 ; 8.103 ; 8.103 ; 8.121 ; 8.113 ; 8.105 ; 8.081 ; 7.979 ; 7.837 ; 7.757 ; 7.695 ; 7.612 ; 7.536 ; 7.449 ; 7.375 ; 7.186 ; 6.921 ; 6.713 ; 6.559 ; 6.492 ; 6.484 ; 
40.870 ; 40.395 ; 39.825 ; 39.249 ; 38.836 ; 38.341 ; 37.638 ; 36.927 ; 36.854 ; 37.008 ; 36.835 ; 36.632 ; 36.331 ; 35.759 ; 35.173 ; 34.467 ; 33.827 ; 33.200 ; 32.624 ; 32.023 ; 31.458 ; 30.940 ; 30.377 ; 29.834 ; 29.307 ; 28.745 ; 28.174 ; 27.526 ; 26.960 ; 26.400 ; 25.807 ; 25.190 ; 24.610 ; 24.115 ; 23.636 ; 23.157 ; 22.651 ; 22.186 ; 21.715 ; 21.252 ; 20.778 ; 20.308 ; 19.853 ; 19.425 ; 19.029 ; 18.692 ; 18.281 ; 17.892 ; 17.509 ; 17.176 ; 16.876 ; 16.605 ; 16.322 ; 16.068 ; 15.856 ; 15.617 ; 15.391 ; 15.126 ; 14.828 ; 14.429 ; 13.988 ; 13.425 ; 12.951 ; 12.688 ; 12.313 ; 11.504 ; 9.198 ; 6.000 ; 4.777 ; 4.307 ; 3.845 ; 3.434 ; 3.123 ; 2.985 ; 3.130 ; 3.646 ; 4.686 ; 6.334 ; 7.024 ; 7.347 ; 7.589 ; 7.669 ; 7.692 ; 7.716 ; 7.721 ; 7.670 ; 7.603 ; 7.481 ; 7.352 ; 7.255 ; 7.213 ; 7.167 ; 7.124 ; 7.051 ; 6.874 ; 6.608 ; 6.414 ; 6.252 ; 6.131 ; 6.100 ; 
40.556 ; 39.997 ; 39.458 ; 38.910 ; 38.249 ; 37.507 ; 36.891 ; 36.680 ; 36.622 ; 36.392 ; 35.982 ; 35.606 ; 35.090 ; 34.398 ; 33.730 ; 33.041 ; 32.343 ; 31.701 ; 31.039 ; 30.431 ; 29.864 ; 29.230 ; 28.687 ; 28.105 ; 27.527 ; 26.933 ; 26.310 ; 25.642 ; 25.083 ; 24.463 ; 23.912 ; 23.330 ; 22.767 ; 22.289 ; 21.807 ; 21.358 ; 20.904 ; 20.448 ; 20.037 ; 19.627 ; 19.169 ; 18.736 ; 18.293 ; 17.886 ; 17.514 ; 17.180 ; 16.834 ; 16.515 ; 16.205 ; 15.917 ; 15.597 ; 14.856 ; 12.370 ; 9.511 ; 7.522 ; 6.788 ; 7.046 ; 7.197 ; 7.284 ; 7.323 ; 7.277 ; 7.194 ; 7.077 ; 6.938 ; 6.779 ; 6.610 ; 6.478 ; 6.353 ; 6.261 ; 6.192 ; 6.143 ; 6.123 ; 6.125 ; 6.153 ; 6.187 ; 6.272 ; 6.358 ; 6.460 ; 6.515 ; 6.537 ; 6.540 ; 6.484 ; 6.383 ; 6.304 ; 6.297 ; 6.285 ; 6.228 ; 6.177 ; 6.131 ; 6.148 ; 6.185 ; 6.285 ; 6.368 ; 6.361 ; 6.222 ; 6.032 ; 5.868 ; 5.743 ; 5.683 ; 5.708 ; 
49.821 ; 49.817 ; 49.811 ; 49.831 ; 49.820 ; 49.825 ; 49.822 ; 49.820 ; 49.808 ; 49.816 ; 49.814 ; 49.821 ; 49.805 ; 49.816 ; 49.815 ; 49.813 ; 49.814 ; 49.816 ; 49.820 ; 49.820 ; 49.819 ; 49.803 ; 49.813 ; 49.816 ; 49.825 ; 49.826 ; 49.816 ; 49.809 ; 49.816 ; 49.826 ; 49.827 ; 49.815 ; 49.810 ; 49.811 ; 49.817 ; 49.808 ; 49.809 ; 49.815 ; 49.814 ; 49.814 ; 49.819 ; 49.816 ; 49.814 ; 49.821 ; 49.816 ; 49.816 ; 49.817 ; 49.823 ; 49.811 ; 49.809 ; 49.819 ; 49.807 ; 49.810 ; 49.811 ; 49.822 ; 49.810 ; 49.820 ; 49.813 ; 49.819 ; 49.815 ; 49.814 ; 49.814 ; 49.802 ; 49.804 ; 49.801 ; 49.804 ; 49.796 ; 49.800 ; 49.784 ; 49.783 ; 49.785 ; 49.771 ; 49.765 ; 49.753 ; 49.724 ; 49.706 ; 49.693 ; 49.665 ; 49.614 ; 49.561 ; 49.478 ; 49.326 ; 48.065 ; 45.992 ; 41.648 ; 36.268 ; 30.802 ; 25.896 ; 21.601 ; 18.166 ; 15.585 ; 13.726 ; 12.292 ; 11.016 ; 9.777 ; 8.778 ; 8.013 ; 7.456 ; 7.082 ; 6.791 ; 
49.820 ; 49.811 ; 49.811 ; 49.819 ; 49.820 ; 49.814 ; 49.815 ; 49.817 ; 49.815 ; 49.826 ; 49.823 ; 49.815 ; 49.820 ; 49.823 ; 49.815 ; 49.821 ; 49.819 ; 49.820 ; 49.826 ; 49.821 ; 49.815 ; 49.815 ; 49.813 ; 49.810 ; 49.810 ; 49.819 ; 49.811 ; 49.823 ; 49.810 ; 49.814 ; 49.826 ; 49.819 ; 49.820 ; 49.821 ; 49.819 ; 49.814 ; 49.823 ; 49.823 ; 49.828 ; 49.815 ; 49.820 ; 49.809 ; 49.821 ; 49.809 ; 49.810 ; 49.814 ; 49.815 ; 49.815 ; 49.815 ; 49.825 ; 49.821 ; 49.817 ; 49.814 ; 49.817 ; 49.826 ; 49.825 ; 49.811 ; 49.817 ; 49.810 ; 49.821 ; 49.819 ; 49.823 ; 49.810 ; 49.814 ; 49.811 ; 49.816 ; 49.819 ; 49.820 ; 49.825 ; 49.807 ; 49.827 ; 49.808 ; 49.817 ; 49.820 ; 49.816 ; 49.815 ; 49.819 ; 49.817 ; 49.814 ; 49.819 ; 49.815 ; 49.816 ; 49.821 ; 49.823 ; 49.821 ; 49.821 ; 49.816 ; 49.816 ; 49.821 ; 49.814 ; 49.827 ; 49.823 ; 49.815 ; 49.813 ; 49.825 ; 49.822 ; 49.821 ; 49.814 ; 49.814 ; 49.819 ; 
49.815 ; 49.805 ; 49.828 ; 49.825 ; 49.823 ; 49.822 ; 49.819 ; 49.807 ; 49.817 ; 49.821 ; 49.814 ; 49.810 ; 49.819 ; 49.817 ; 49.811 ; 49.808 ; 49.817 ; 49.825 ; 49.819 ; 49.821 ; 49.822 ; 49.815 ; 49.811 ; 49.816 ; 49.823 ; 49.820 ; 49.827 ; 49.814 ; 49.813 ; 49.827 ; 49.819 ; 49.816 ; 49.814 ; 49.823 ; 49.817 ; 49.827 ; 49.826 ; 49.811 ; 49.821 ; 49.805 ; 49.822 ; 49.814 ; 49.813 ; 49.820 ; 49.827 ; 49.820 ; 49.823 ; 49.826 ; 49.820 ; 49.826 ; 49.813 ; 49.814 ; 49.815 ; 49.807 ; 49.819 ; 49.825 ; 49.820 ; 49.814 ; 49.810 ; 49.817 ; 49.825 ; 49.817 ; 49.808 ; 49.823 ; 49.823 ; 49.811 ; 49.808 ; 49.817 ; 49.821 ; 49.811 ; 49.816 ; 49.810 ; 49.823 ; 49.825 ; 49.820 ; 49.817 ; 49.819 ; 49.820 ; 49.815 ; 49.825 ; 49.808 ; 49.813 ; 49.821 ; 49.815 ; 49.826 ; 49.810 ; 49.825 ; 49.821 ; 49.816 ; 49.809 ; 49.810 ; 49.811 ; 49.811 ; 49.816 ; 49.817 ; 49.823 ; 49.811 ; 49.821 ; 49.810 ; 49.821 ; 
49.821 ; 49.816 ; 49.820 ; 49.825 ; 49.816 ; 49.821 ; 49.828 ; 49.811 ; 49.808 ; 49.814 ; 49.827 ; 49.820 ; 49.825 ; 49.821 ; 49.821 ; 49.826 ; 49.828 ; 49.809 ; 49.814 ; 49.820 ; 49.822 ; 49.817 ; 49.815 ; 49.813 ; 49.809 ; 49.823 ; 49.815 ; 49.815 ; 49.814 ; 49.822 ; 49.821 ; 49.823 ; 49.815 ; 49.833 ; 49.823 ; 49.809 ; 49.810 ; 49.816 ; 49.819 ; 49.828 ; 49.814 ; 49.821 ; 49.816 ; 49.822 ; 49.833 ; 49.819 ; 49.819 ; 49.820 ; 49.820 ; 49.825 ; 49.810 ; 49.827 ; 49.809 ; 49.815 ; 49.822 ; 49.822 ; 49.814 ; 49.817 ; 49.809 ; 49.828 ; 49.809 ; 49.820 ; 49.820 ; 49.816 ; 49.821 ; 49.826 ; 49.813 ; 49.808 ; 49.823 ; 49.821 ; 49.820 ; 49.816 ; 49.825 ; 49.817 ; 49.827 ; 49.817 ; 49.821 ; 49.810 ; 49.811 ; 49.826 ; 49.815 ; 49.816 ; 49.823 ; 49.817 ; 49.821 ; 49.813 ; 49.816 ; 49.815 ; 49.825 ; 49.817 ; 49.811 ; 49.817 ; 49.822 ; 49.820 ; 49.821 ; 49.820 ; 49.819 ; 49.821 ; 49.816 ; 49.815 ; 
49.821 ; 49.811 ; 49.819 ; 49.811 ; 49.811 ; 49.819 ; 49.809 ; 49.817 ; 49.816 ; 49.822 ; 49.823 ; 49.816 ; 49.814 ; 49.817 ; 49.823 ; 49.809 ; 49.808 ; 49.815 ; 49.816 ; 49.814 ; 49.826 ; 49.819 ; 49.816 ; 49.823 ; 49.821 ; 49.815 ; 49.823 ; 49.820 ; 49.811 ; 49.807 ; 49.821 ; 49.816 ; 49.816 ; 49.823 ; 49.815 ; 49.820 ; 49.822 ; 49.819 ; 49.822 ; 49.820 ; 49.815 ; 49.822 ; 49.820 ; 49.811 ; 49.817 ; 49.819 ; 49.820 ; 49.820 ; 49.817 ; 49.810 ; 49.816 ; 49.825 ; 49.822 ; 49.820 ; 49.826 ; 49.829 ; 49.817 ; 49.826 ; 49.823 ; 49.821 ; 49.821 ; 49.815 ; 49.816 ; 49.808 ; 49.813 ; 49.809 ; 49.820 ; 49.823 ; 49.821 ; 49.815 ; 49.820 ; 49.819 ; 49.822 ; 49.811 ; 49.829 ; 49.817 ; 49.821 ; 49.813 ; 49.811 ; 49.820 ; 49.819 ; 49.817 ; 49.819 ; 49.811 ; 49.807 ; 49.809 ; 49.827 ; 49.816 ; 49.820 ; 49.819 ; 49.823 ; 49.822 ; 49.820 ; 49.814 ; 49.807 ; 49.823 ; 49.822 ; 49.817 ; 49.816 ; 49.815 ; 
49.815 ; 49.805 ; 49.819 ; 49.822 ; 49.827 ; 49.822 ; 49.814 ; 49.811 ; 49.817 ; 49.821 ; 49.828 ; 49.822 ; 49.822 ; 49.820 ; 49.820 ; 49.810 ; 49.810 ; 49.822 ; 49.820 ; 49.814 ; 49.829 ; 49.828 ; 49.815 ; 49.819 ; 49.810 ; 49.823 ; 49.813 ; 49.820 ; 49.823 ; 49.816 ; 49.823 ; 49.825 ; 49.817 ; 49.813 ; 49.823 ; 49.823 ; 49.817 ; 49.809 ; 49.814 ; 49.829 ; 49.822 ; 49.822 ; 49.825 ; 49.822 ; 49.814 ; 49.821 ; 49.807 ; 49.814 ; 49.823 ; 49.813 ; 49.814 ; 49.809 ; 49.811 ; 49.815 ; 49.821 ; 49.822 ; 49.815 ; 49.820 ; 49.825 ; 49.820 ; 49.822 ; 49.811 ; 49.811 ; 49.826 ; 49.815 ; 49.811 ; 49.810 ; 49.819 ; 49.815 ; 49.814 ; 49.816 ; 49.814 ; 49.823 ; 49.819 ; 49.815 ; 49.815 ; 49.814 ; 49.817 ; 49.827 ; 49.808 ; 49.823 ; 49.816 ; 49.828 ; 49.816 ; 49.816 ; 49.810 ; 49.823 ; 49.817 ; 49.826 ; 49.814 ; 49.825 ; 49.828 ; 49.828 ; 49.829 ; 49.825 ; 49.822 ; 49.817 ; 49.809 ; 49.815 ; 49.810 ; 
49.826 ; 49.822 ; 49.816 ; 49.815 ; 49.814 ; 49.815 ; 49.825 ; 49.815 ; 49.819 ; 49.821 ; 49.809 ; 49.817 ; 49.820 ; 49.825 ; 49.820 ; 49.817 ; 49.804 ; 49.825 ; 49.803 ; 49.813 ; 49.819 ; 49.813 ; 49.809 ; 49.807 ; 49.832 ; 49.821 ; 49.808 ; 49.813 ; 49.820 ; 49.816 ; 49.816 ; 49.820 ; 49.828 ; 49.821 ; 49.819 ; 49.826 ; 49.820 ; 49.816 ; 49.809 ; 49.813 ; 49.820 ; 49.823 ; 49.820 ; 49.817 ; 49.814 ; 49.819 ; 49.822 ; 49.811 ; 49.815 ; 49.820 ; 49.825 ; 49.815 ; 49.823 ; 49.815 ; 49.817 ; 49.820 ; 49.819 ; 49.828 ; 49.814 ; 49.820 ; 49.813 ; 49.816 ; 49.817 ; 49.815 ; 49.821 ; 49.817 ; 49.813 ; 49.820 ; 49.817 ; 49.815 ; 49.814 ; 49.809 ; 49.826 ; 49.823 ; 49.819 ; 49.810 ; 49.831 ; 49.828 ; 49.821 ; 49.808 ; 49.809 ; 49.809 ; 49.826 ; 49.809 ; 49.817 ; 49.826 ; 49.821 ; 49.814 ; 49.821 ; 49.817 ; 49.813 ; 49.826 ; 49.810 ; 49.828 ; 49.814 ; 49.823 ; 49.807 ; 49.815 ; 49.813 ; 49.822 ; 
49.827 ; 49.821 ; 49.810 ; 49.828 ; 49.810 ; 49.826 ; 49.811 ; 49.811 ; 49.814 ; 49.808 ; 49.815 ; 49.813 ; 49.821 ; 49.816 ; 49.823 ; 49.808 ; 49.820 ; 49.811 ; 49.826 ; 49.815 ; 49.809 ; 49.822 ; 49.817 ; 49.821 ; 49.821 ; 49.813 ; 49.817 ; 49.819 ; 49.820 ; 49.825 ; 49.817 ; 49.825 ; 49.809 ; 49.811 ; 49.810 ; 49.823 ; 49.808 ; 49.819 ; 49.814 ; 49.821 ; 49.832 ; 49.827 ; 49.827 ; 49.823 ; 49.817 ; 49.809 ; 49.820 ; 49.814 ; 49.810 ; 49.814 ; 49.815 ; 49.821 ; 49.819 ; 49.816 ; 49.820 ; 49.813 ; 49.816 ; 49.811 ; 49.811 ; 49.823 ; 49.814 ; 49.805 ; 49.802 ; 49.819 ; 49.820 ; 49.813 ; 49.819 ; 49.825 ; 49.820 ; 49.820 ; 49.817 ; 49.820 ; 49.820 ; 49.814 ; 49.816 ; 49.813 ; 49.825 ; 49.809 ; 49.821 ; 49.816 ; 49.816 ; 49.816 ; 49.821 ; 49.816 ; 49.825 ; 49.820 ; 49.819 ; 49.820 ; 49.821 ; 49.822 ; 49.817 ; 49.819 ; 49.816 ; 49.814 ; 49.820 ; 49.822 ; 49.805 ; 49.817 ; 49.823 ; 49.826 ; 
