25.998 ; 26.012 ; 25.847 ; 25.321 ; 24.515 ; 23.772 ; 23.198 ; 22.824 ; 22.534 ; 22.347 ; 21.558 ; 20.821 ; 20.676 ; 20.448 ; 20.110 ; 19.657 ; 19.289 ; 18.835 ; 18.405 ; 17.938 ; 17.321 ; 16.680 ; 16.261 ; 15.808 ; 15.211 ; 14.691 ; 14.149 ; 13.613 ; 13.167 ; 12.747 ; 12.280 ; 11.779 ; 11.208 ; 10.715 ; 10.231 ; 9.793 ; 9.351 ; 8.941 ; 8.600 ; 8.252 ; 7.907 ; 7.525 ; 7.172 ; 6.763 ; 6.399 ; 6.088 ; 5.791 ; 5.489 ; 5.192 ; 4.909 ; 4.583 ; 4.252 ; 3.969 ; 3.656 ; 3.372 ; 3.314 ; 3.427 ; 3.323 ; 2.925 ; 2.757 ; 2.477 ; 2.170 ; 1.781 ; 1.509 ; 1.268 ; 1.147 ; 0.995 ; 0.863 ; 0.758 ; 0.715 ; 0.513 ; 0.291 ; 0.134 ; 0.005 ; -0.012 ; -0.009 ; -0.021 ; -0.015 ; -0.024 ; -0.038 ; -0.032 ; -0.035 ; -0.038 ; -0.033 ; -0.046 ; -0.036 ; -0.047 ; -0.030 ; -0.033 ; -0.045 ; -0.045 ; -0.045 ; -0.035 ; -0.044 ; -0.038 ; -0.030 ; -0.036 ; -0.038 ; -0.032 ; -0.041 ; 
34.374 ; 34.320 ; 34.214 ; 34.043 ; 33.856 ; 33.629 ; 33.378 ; 33.102 ; 32.923 ; 32.849 ; 32.790 ; 31.777 ; 28.140 ; 26.584 ; 25.700 ; 24.763 ; 23.911 ; 23.364 ; 22.904 ; 22.322 ; 21.621 ; 20.908 ; 20.235 ; 19.642 ; 18.958 ; 18.233 ; 17.463 ; 16.806 ; 16.210 ; 15.763 ; 15.185 ; 14.561 ; 13.920 ; 13.327 ; 12.729 ; 12.130 ; 11.651 ; 11.121 ; 10.644 ; 10.224 ; 9.824 ; 9.408 ; 8.963 ; 8.537 ; 8.142 ; 7.726 ; 7.313 ; 6.936 ; 6.593 ; 6.286 ; 5.921 ; 5.520 ; 5.180 ; 4.848 ; 4.493 ; 4.234 ; 3.863 ; 3.537 ; 3.277 ; 3.068 ; 2.923 ; 2.770 ; 2.457 ; 2.141 ; 1.988 ; 1.910 ; 1.759 ; 1.623 ; 1.439 ; 1.242 ; 0.995 ; 0.751 ; 0.578 ; 0.440 ; 0.322 ; 0.218 ; 0.082 ; -0.004 ; -0.027 ; -0.027 ; -0.027 ; -0.045 ; -0.044 ; -0.036 ; -0.041 ; -0.028 ; -0.044 ; -0.030 ; -0.027 ; -0.042 ; -0.036 ; -0.034 ; -0.024 ; -0.026 ; -0.036 ; -0.046 ; -0.034 ; -0.048 ; -0.045 ; -0.051 ; 
34.822 ; 34.697 ; 34.500 ; 34.275 ; 34.038 ; 33.853 ; 33.743 ; 33.674 ; 33.665 ; 33.631 ; 33.559 ; 33.448 ; 33.303 ; 29.234 ; 26.150 ; 24.686 ; 23.980 ; 23.401 ; 22.810 ; 22.112 ; 21.438 ; 20.860 ; 20.225 ; 19.525 ; 18.728 ; 18.003 ; 17.422 ; 16.782 ; 16.183 ; 15.640 ; 15.113 ; 14.516 ; 13.988 ; 13.456 ; 12.818 ; 12.217 ; 11.735 ; 11.189 ; 10.706 ; 10.267 ; 9.858 ; 9.458 ; 9.027 ; 8.613 ; 8.186 ; 7.726 ; 7.350 ; 7.012 ; 6.633 ; 6.292 ; 5.963 ; 5.595 ; 5.250 ; 4.949 ; 4.569 ; 4.241 ; 3.913 ; 3.603 ; 3.397 ; 3.193 ; 3.096 ; 3.027 ; 2.754 ; 2.373 ; 1.959 ; 1.804 ; 1.656 ; 1.508 ; 1.368 ; 1.218 ; 1.038 ; 0.845 ; 0.661 ; 0.542 ; 0.416 ; 0.297 ; 0.152 ; 0.002 ; 0.091 ; 0.187 ; -0.020 ; -0.017 ; -0.033 ; -0.032 ; -0.030 ; -0.040 ; -0.030 ; -0.036 ; -0.035 ; -0.040 ; -0.035 ; -0.034 ; -0.030 ; -0.040 ; -0.029 ; -0.038 ; -0.046 ; -0.035 ; -0.039 ; -0.036 ; 
36.019 ; 35.828 ; 35.207 ; 34.417 ; 33.503 ; 32.799 ; 32.103 ; 31.369 ; 30.612 ; 29.909 ; 29.681 ; 29.522 ; 29.095 ; 28.749 ; 27.638 ; 25.867 ; 24.994 ; 24.397 ; 23.792 ; 23.139 ; 22.487 ; 21.892 ; 21.264 ; 20.636 ; 19.939 ; 19.226 ; 18.590 ; 17.935 ; 17.374 ; 16.843 ; 16.262 ; 15.633 ; 15.093 ; 14.576 ; 14.001 ; 13.448 ; 12.951 ; 12.360 ; 11.839 ; 11.423 ; 10.995 ; 10.587 ; 10.212 ; 9.755 ; 9.317 ; 8.869 ; 8.492 ; 8.142 ; 7.795 ; 7.487 ; 7.160 ; 6.824 ; 6.505 ; 6.230 ; 5.884 ; 5.547 ; 5.176 ; 4.849 ; 4.627 ; 4.481 ; 4.385 ; 4.263 ; 4.043 ; 3.680 ; 3.344 ; 3.083 ; 2.895 ; 2.764 ; 2.669 ; 2.552 ; 2.420 ; 2.233 ; 2.036 ; 1.882 ; 1.773 ; 1.673 ; 1.538 ; 1.500 ; 1.641 ; 1.705 ; 0.645 ; 0.416 ; 0.131 ; 0.008 ; -0.014 ; -0.016 ; -0.032 ; -0.033 ; -0.029 ; -0.017 ; -0.029 ; -0.039 ; -0.040 ; -0.047 ; -0.046 ; -0.030 ; -0.047 ; -0.040 ; -0.029 ; -0.033 ; 
34.940 ; 34.878 ; 34.374 ; 33.354 ; 32.303 ; 31.376 ; 30.517 ; 29.734 ; 29.099 ; 28.484 ; 27.817 ; 27.063 ; 26.312 ; 25.588 ; 24.914 ; 24.225 ; 23.648 ; 23.098 ; 22.467 ; 21.830 ; 21.082 ; 20.391 ; 19.796 ; 19.169 ; 18.467 ; 17.675 ; 17.024 ; 16.428 ; 15.899 ; 15.310 ; 14.693 ; 14.087 ; 13.572 ; 13.072 ; 12.560 ; 11.925 ; 11.367 ; 10.794 ; 10.257 ; 9.808 ; 9.367 ; 8.920 ; 8.511 ; 8.138 ; 7.725 ; 7.331 ; 6.942 ; 6.517 ; 6.178 ; 5.909 ; 5.585 ; 5.251 ; 4.904 ; 4.550 ; 4.196 ; 3.829 ; 3.454 ; 3.202 ; 2.998 ; 2.829 ; 2.771 ; 2.626 ; 2.360 ; 1.990 ; 1.636 ; 1.411 ; 1.229 ; 1.093 ; 1.010 ; 0.904 ; 0.750 ; 0.625 ; 0.467 ; 0.281 ; 0.124 ; 0.003 ; 0.105 ; 0.398 ; 0.611 ; 0.044 ; -0.010 ; -0.028 ; -0.024 ; -0.036 ; -0.033 ; -0.040 ; -0.028 ; -0.047 ; -0.035 ; -0.027 ; -0.048 ; -0.046 ; -0.038 ; -0.036 ; -0.048 ; -0.026 ; -0.032 ; -0.034 ; -0.044 ; -0.027 ; 
36.207 ; 36.088 ; 35.515 ; 34.608 ; 33.680 ; 32.795 ; 31.952 ; 31.210 ; 30.504 ; 29.792 ; 29.067 ; 28.323 ; 27.602 ; 26.900 ; 26.215 ; 25.603 ; 25.053 ; 24.386 ; 23.629 ; 23.049 ; 22.446 ; 21.749 ; 21.067 ; 20.354 ; 19.664 ; 18.807 ; 18.201 ; 17.630 ; 17.100 ; 16.558 ; 16.023 ; 15.340 ; 14.706 ; 14.306 ; 13.811 ; 13.171 ; 12.582 ; 12.025 ; 11.434 ; 10.901 ; 10.436 ; 10.064 ; 9.758 ; 9.337 ; 8.930 ; 8.580 ; 8.144 ; 7.714 ; 7.340 ; 7.026 ; 6.713 ; 6.399 ; 6.038 ; 5.678 ; 5.257 ; 4.918 ; 4.597 ; 4.339 ; 4.121 ; 4.088 ; 4.277 ; 4.409 ; 4.319 ; 4.028 ; 3.552 ; 3.139 ; 2.636 ; 2.294 ; 2.095 ; 2.027 ; 1.935 ; 1.778 ; 1.607 ; 1.471 ; 1.378 ; 1.384 ; 1.058 ; 0.494 ; 0.029 ; 0.002 ; 0.008 ; -0.012 ; -0.026 ; -0.028 ; -0.030 ; -0.036 ; -0.020 ; -0.028 ; -0.042 ; -0.033 ; -0.030 ; -0.029 ; -0.039 ; -0.038 ; -0.051 ; -0.033 ; -0.040 ; -0.045 ; -0.033 ; -0.040 ; 
40.894 ; 40.791 ; 40.284 ; 39.550 ; 38.688 ; 37.694 ; 36.830 ; 36.030 ; 35.324 ; 34.624 ; 34.000 ; 33.294 ; 32.572 ; 31.941 ; 31.371 ; 30.783 ; 30.210 ; 29.652 ; 29.000 ; 28.254 ; 27.594 ; 26.939 ; 26.292 ; 25.692 ; 25.106 ; 24.638 ; 24.132 ; 23.387 ; 22.636 ; 22.038 ; 21.564 ; 20.896 ; 20.105 ; 19.639 ; 19.246 ; 18.655 ; 18.083 ; 17.514 ; 16.935 ; 16.376 ; 15.993 ; 15.591 ; 15.244 ; 14.782 ; 14.358 ; 13.950 ; 13.600 ; 13.265 ; 12.939 ; 12.667 ; 12.382 ; 12.002 ; 11.571 ; 11.212 ; 10.858 ; 10.528 ; 10.231 ; 10.036 ; 10.013 ; 10.214 ; 10.642 ; 10.837 ; 10.681 ; 10.528 ; 10.405 ; 10.126 ; 9.796 ; 9.413 ; 9.011 ; 8.596 ; 8.211 ; 7.855 ; 7.517 ; 7.213 ; 6.952 ; 6.701 ; 6.456 ; 6.212 ; 5.978 ; 5.733 ; 5.503 ; 5.256 ; 5.015 ; 4.790 ; 4.584 ; 4.351 ; 4.096 ; 3.859 ; 3.988 ; 4.292 ; 4.394 ; 4.336 ; 4.215 ; 4.088 ; 3.945 ; 3.839 ; 3.716 ; 3.599 ; 3.458 ; 3.313 ; 
41.768 ; 41.686 ; 41.168 ; 40.382 ; 39.408 ; 38.581 ; 37.516 ; 36.530 ; 35.707 ; 34.992 ; 34.328 ; 33.684 ; 32.997 ; 32.372 ; 31.797 ; 31.142 ; 30.362 ; 29.687 ; 29.103 ; 28.419 ; 27.769 ; 27.238 ; 26.625 ; 25.966 ; 25.223 ; 24.735 ; 23.884 ; 22.957 ; 22.418 ; 21.927 ; 21.454 ; 20.821 ; 20.178 ; 19.558 ; 19.029 ; 18.458 ; 17.900 ; 17.376 ; 16.832 ; 16.297 ; 15.858 ; 15.431 ; 15.066 ; 14.598 ; 14.126 ; 13.738 ; 13.367 ; 13.002 ; 12.650 ; 12.382 ; 12.068 ; 11.706 ; 11.328 ; 10.944 ; 10.613 ; 10.305 ; 9.990 ; 9.929 ; 10.071 ; 10.439 ; 10.715 ; 10.653 ; 10.377 ; 10.145 ; 10.034 ; 9.927 ; 9.828 ; 9.650 ; 9.372 ; 9.010 ; 8.649 ; 8.246 ; 7.900 ; 7.579 ; 7.310 ; 7.088 ; 6.896 ; 6.717 ; 6.548 ; 6.350 ; 4.824 ; 4.468 ; 4.550 ; 4.618 ; 4.590 ; 4.526 ; 4.447 ; 4.362 ; 4.260 ; 4.172 ; 4.036 ; 3.934 ; 3.820 ; 3.672 ; 3.556 ; 3.460 ; 3.359 ; 3.248 ; 3.121 ; 3.001 ; 
42.016 ; 41.886 ; 41.442 ; 40.664 ; 39.734 ; 38.691 ; 37.549 ; 36.588 ; 35.792 ; 35.051 ; 34.416 ; 33.815 ; 33.231 ; 32.495 ; 31.758 ; 31.049 ; 30.396 ; 29.766 ; 29.197 ; 28.624 ; 27.914 ; 27.031 ; 26.400 ; 25.690 ; 25.182 ; 24.532 ; 23.869 ; 23.172 ; 22.395 ; 21.672 ; 21.097 ; 20.530 ; 19.961 ; 19.322 ; 18.877 ; 18.500 ; 17.957 ; 17.334 ; 16.839 ; 16.269 ; 15.808 ; 15.393 ; 14.983 ; 14.534 ; 14.123 ; 13.766 ; 13.417 ; 12.993 ; 12.606 ; 12.301 ; 12.044 ; 11.692 ; 11.296 ; 10.888 ; 10.541 ; 10.219 ; 9.937 ; 10.048 ; 10.359 ; 10.770 ; 10.950 ; 10.816 ; 10.558 ; 10.300 ; 10.064 ; 9.840 ; 9.616 ; 9.401 ; 9.152 ; 8.741 ; 8.375 ; 8.124 ; 7.925 ; 7.769 ; 7.639 ; 7.509 ; 7.308 ; 7.049 ; 6.755 ; 6.458 ; 6.246 ; 5.982 ; 4.772 ; 4.473 ; 4.459 ; 4.472 ; 4.477 ; 4.412 ; 4.342 ; 4.298 ; 4.227 ; 4.111 ; 3.996 ; 3.877 ; 3.773 ; 3.704 ; 3.625 ; 3.515 ; 3.398 ; 3.253 ; 
42.170 ; 42.072 ; 41.714 ; 40.830 ; 39.991 ; 38.845 ; 37.734 ; 36.786 ; 35.910 ; 35.184 ; 34.661 ; 34.060 ; 33.379 ; 32.726 ; 31.997 ; 31.330 ; 30.730 ; 30.180 ; 29.429 ; 28.634 ; 28.042 ; 27.412 ; 26.839 ; 26.110 ; 25.612 ; 24.931 ; 24.300 ; 23.760 ; 23.127 ; 22.543 ; 21.917 ; 21.308 ; 20.754 ; 20.142 ; 19.489 ; 19.053 ; 18.457 ; 17.908 ; 17.567 ; 17.163 ; 16.625 ; 16.133 ; 15.729 ; 15.246 ; 14.927 ; 14.598 ; 14.222 ; 13.810 ; 13.358 ; 12.996 ; 12.757 ; 12.440 ; 12.020 ; 11.588 ; 11.196 ; 10.850 ; 10.629 ; 10.734 ; 11.172 ; 11.581 ; 11.602 ; 11.326 ; 11.019 ; 10.688 ; 10.375 ; 10.143 ; 9.957 ; 9.895 ; 9.865 ; 9.804 ; 9.747 ; 9.637 ; 9.503 ; 9.415 ; 9.319 ; 9.169 ; 9.022 ; 8.838 ; 8.649 ; 8.428 ; 8.207 ; 7.980 ; 7.722 ; 7.470 ; 7.203 ; 6.924 ; 6.647 ; 6.371 ; 6.075 ; 5.750 ; 5.444 ; 5.141 ; 4.854 ; 4.603 ; 4.434 ; 4.367 ; 3.732 ; 2.869 ; 2.635 ; 2.593 ; 
42.498 ; 42.439 ; 41.760 ; 40.966 ; 40.315 ; 39.210 ; 37.990 ; 37.087 ; 36.322 ; 35.704 ; 35.072 ; 34.446 ; 33.780 ; 33.199 ; 32.495 ; 31.997 ; 31.363 ; 30.469 ; 29.660 ; 28.913 ; 28.251 ; 27.652 ; 27.025 ; 26.406 ; 25.741 ; 25.138 ; 24.506 ; 23.917 ; 23.370 ; 22.690 ; 22.031 ; 21.442 ; 20.903 ; 20.334 ; 19.799 ; 19.123 ; 18.519 ; 17.980 ; 17.527 ; 16.977 ; 16.377 ; 15.930 ; 15.580 ; 15.175 ; 14.863 ; 14.507 ; 14.177 ; 13.811 ; 13.324 ; 12.847 ; 12.595 ; 12.378 ; 11.977 ; 11.534 ; 11.118 ; 10.850 ; 10.779 ; 10.929 ; 11.313 ; 11.650 ; 11.511 ; 11.191 ; 10.860 ; 10.574 ; 10.317 ; 10.079 ; 10.003 ; 10.072 ; 10.040 ; 9.863 ; 9.101 ; 8.323 ; 8.160 ; 8.076 ; 8.017 ; 7.909 ; 7.845 ; 7.676 ; 7.169 ; 6.730 ; 6.494 ; 6.278 ; 6.094 ; 5.975 ; 5.880 ; 5.806 ; 5.432 ; 4.622 ; 4.406 ; 4.399 ; 4.398 ; 4.345 ; 4.251 ; 4.127 ; 4.028 ; 3.943 ; 3.845 ; 3.728 ; 3.599 ; 3.483 ; 
42.550 ; 42.307 ; 41.639 ; 41.028 ; 40.769 ; 40.654 ; 40.588 ; 39.765 ; 37.312 ; 35.894 ; 35.130 ; 34.416 ; 33.717 ; 32.920 ; 32.183 ; 31.532 ; 30.921 ; 30.243 ; 29.499 ; 28.731 ; 28.069 ; 27.467 ; 26.871 ; 26.379 ; 25.662 ; 25.051 ; 24.409 ; 23.851 ; 23.258 ; 22.628 ; 21.971 ; 21.439 ; 20.892 ; 20.262 ; 19.707 ; 19.085 ; 18.535 ; 18.059 ; 17.563 ; 17.073 ; 16.560 ; 16.144 ; 15.795 ; 15.471 ; 15.100 ; 14.700 ; 14.234 ; 13.776 ; 13.334 ; 13.002 ; 12.823 ; 12.550 ; 12.066 ; 11.566 ; 11.184 ; 10.886 ; 10.980 ; 11.308 ; 11.742 ; 11.891 ; 11.729 ; 11.440 ; 11.089 ; 10.740 ; 10.464 ; 10.218 ; 10.018 ; 9.841 ; 9.661 ; 9.446 ; 9.205 ; 9.092 ; 8.885 ; 8.642 ; 8.560 ; 8.359 ; 8.022 ; 7.726 ; 7.391 ; 7.181 ; 6.892 ; 6.553 ; 6.512 ; 6.295 ; 5.632 ; 5.214 ; 4.906 ; 4.723 ; 4.683 ; 4.686 ; 4.682 ; 4.612 ; 4.516 ; 4.417 ; 4.315 ; 4.220 ; 4.093 ; 3.993 ; 3.869 ; 3.755 ; 
42.689 ; 42.490 ; 41.831 ; 41.107 ; 40.882 ; 40.636 ; 38.857 ; 37.610 ; 36.800 ; 36.165 ; 35.358 ; 34.571 ; 33.908 ; 33.233 ; 32.487 ; 31.839 ; 31.174 ; 30.524 ; 29.828 ; 29.111 ; 28.447 ; 27.853 ; 27.246 ; 26.613 ; 26.006 ; 25.440 ; 24.831 ; 24.274 ; 23.639 ; 23.004 ; 22.433 ; 21.893 ; 21.309 ; 20.704 ; 20.134 ; 19.535 ; 18.960 ; 18.411 ; 17.973 ; 17.477 ; 17.005 ; 16.578 ; 16.194 ; 15.804 ; 15.405 ; 15.052 ; 14.641 ; 14.249 ; 13.848 ; 13.500 ; 13.217 ; 12.981 ; 12.497 ; 11.951 ; 11.624 ; 11.328 ; 11.382 ; 11.711 ; 12.116 ; 12.142 ; 11.890 ; 11.578 ; 11.215 ; 10.911 ; 10.594 ; 10.378 ; 10.183 ; 10.023 ; 9.857 ; 9.727 ; 9.589 ; 9.502 ; 9.460 ; 9.362 ; 8.550 ; 8.210 ; 8.113 ; 8.015 ; 7.818 ; 7.354 ; 7.015 ; 6.826 ; 6.783 ; 6.749 ; 6.458 ; 5.983 ; 5.653 ; 5.471 ; 5.374 ; 4.754 ; 4.589 ; 4.542 ; 4.487 ; 4.428 ; 4.397 ; 4.318 ; 4.165 ; 4.022 ; 3.920 ; 3.823 ; 
42.483 ; 42.215 ; 41.525 ; 40.796 ; 40.401 ; 39.471 ; 38.194 ; 37.271 ; 36.428 ; 35.664 ; 34.964 ; 34.274 ; 33.595 ; 32.844 ; 32.136 ; 31.518 ; 30.906 ; 30.260 ; 29.562 ; 28.862 ; 28.151 ; 27.540 ; 26.909 ; 26.330 ; 25.711 ; 25.110 ; 24.518 ; 24.057 ; 23.456 ; 22.834 ; 22.229 ; 21.590 ; 21.018 ; 20.437 ; 19.833 ; 19.218 ; 18.656 ; 18.114 ; 17.606 ; 17.140 ; 16.678 ; 16.234 ; 15.879 ; 15.548 ; 15.143 ; 14.751 ; 14.355 ; 13.954 ; 13.543 ; 13.162 ; 12.845 ; 12.518 ; 12.159 ; 11.897 ; 11.721 ; 11.565 ; 11.582 ; 11.953 ; 12.018 ; 11.783 ; 11.460 ; 11.148 ; 10.864 ; 10.592 ; 10.299 ; 10.070 ; 9.886 ; 9.723 ; 9.556 ; 9.454 ; 9.348 ; 9.210 ; 9.152 ; 8.907 ; 8.596 ; 8.219 ; 7.658 ; 7.379 ; 7.408 ; 7.477 ; 7.224 ; 6.846 ; 6.656 ; 6.375 ; 6.030 ; 5.829 ; 5.653 ; 5.455 ; 5.219 ; 5.019 ; 4.864 ; 4.750 ; 4.675 ; 4.590 ; 4.594 ; 4.669 ; 4.750 ; 4.737 ; 4.628 ; 4.140 ; 
42.776 ; 42.575 ; 42.079 ; 41.386 ; 40.905 ; 39.910 ; 38.658 ; 37.770 ; 36.917 ; 36.328 ; 35.658 ; 34.911 ; 34.248 ; 33.599 ; 32.867 ; 32.229 ; 31.590 ; 30.915 ; 30.216 ; 29.541 ; 28.966 ; 28.340 ; 27.695 ; 27.091 ; 26.532 ; 25.931 ; 25.398 ; 24.874 ; 24.268 ; 23.690 ; 23.107 ; 22.487 ; 21.898 ; 21.324 ; 20.713 ; 20.105 ; 19.564 ; 19.061 ; 18.532 ; 18.040 ; 17.619 ; 17.108 ; 16.695 ; 16.299 ; 15.939 ; 15.590 ; 15.201 ; 14.859 ; 14.501 ; 14.122 ; 13.854 ; 13.521 ; 13.592 ; 13.823 ; 14.028 ; 13.917 ; 13.718 ; 13.454 ; 12.996 ; 12.524 ; 12.221 ; 11.956 ; 11.700 ; 11.418 ; 11.184 ; 10.979 ; 10.814 ; 10.655 ; 10.495 ; 10.316 ; 10.176 ; 10.055 ; 9.913 ; 9.814 ; 9.546 ; 9.236 ; 9.069 ; 8.843 ; 8.474 ; 8.191 ; 8.005 ; 7.782 ; 7.676 ; 7.506 ; 7.317 ; 7.273 ; 7.155 ; 7.002 ; 6.806 ; 6.601 ; 6.410 ; 6.222 ; 6.020 ; 5.781 ; 5.551 ; 5.330 ; 5.135 ; 4.947 ; 4.794 ; 4.651 ; 
43.179 ; 42.971 ; 42.466 ; 41.725 ; 40.818 ; 39.787 ; 39.021 ; 38.249 ; 37.370 ; 36.711 ; 36.050 ; 35.339 ; 34.657 ; 34.006 ; 33.235 ; 32.523 ; 31.941 ; 31.277 ; 30.652 ; 29.884 ; 29.229 ; 28.576 ; 27.976 ; 27.374 ; 26.852 ; 26.297 ; 25.760 ; 25.269 ; 24.640 ; 23.997 ; 23.446 ; 22.805 ; 22.200 ; 21.615 ; 21.031 ; 20.481 ; 19.894 ; 19.323 ; 18.808 ; 18.301 ; 17.853 ; 17.380 ; 16.932 ; 16.551 ; 16.183 ; 15.823 ; 15.446 ; 15.072 ; 14.738 ; 14.352 ; 14.073 ; 14.224 ; 14.566 ; 14.593 ; 14.284 ; 13.892 ; 13.481 ; 13.100 ; 12.771 ; 12.513 ; 12.270 ; 12.016 ; 11.807 ; 11.576 ; 11.329 ; 11.116 ; 10.925 ; 10.722 ; 10.556 ; 10.392 ; 10.289 ; 10.233 ; 10.121 ; 9.937 ; 9.797 ; 9.687 ; 9.533 ; 9.318 ; 8.793 ; 8.556 ; 8.395 ; 8.155 ; 7.879 ; 7.683 ; 7.475 ; 7.432 ; 7.402 ; 7.283 ; 7.075 ; 6.814 ; 6.539 ; 6.235 ; 5.909 ; 5.604 ; 5.315 ; 5.049 ; 4.818 ; 4.645 ; 4.523 ; 4.444 ; 
43.381 ; 43.114 ; 42.592 ; 41.992 ; 41.127 ; 40.153 ; 39.324 ; 38.483 ; 37.671 ; 36.976 ; 36.287 ; 35.577 ; 34.853 ; 34.168 ; 33.430 ; 32.805 ; 32.206 ; 31.544 ; 30.940 ; 30.199 ; 29.512 ; 28.867 ; 28.295 ; 27.735 ; 27.201 ; 26.647 ; 26.144 ; 25.620 ; 24.974 ; 24.353 ; 23.778 ; 23.136 ; 22.542 ; 21.964 ; 21.368 ; 20.762 ; 20.243 ; 19.730 ; 19.221 ; 18.724 ; 18.231 ; 17.738 ; 17.297 ; 16.899 ; 16.514 ; 16.117 ; 15.798 ; 15.444 ; 15.084 ; 14.739 ; 14.417 ; 14.579 ; 15.076 ; 15.241 ; 15.033 ; 14.657 ; 14.205 ; 13.761 ; 13.386 ; 13.075 ; 12.809 ; 12.577 ; 12.349 ; 12.103 ; 11.844 ; 11.602 ; 11.416 ; 11.214 ; 11.031 ; 10.863 ; 10.699 ; 10.584 ; 10.454 ; 10.269 ; 10.120 ; 10.061 ; 10.030 ; 9.785 ; 9.276 ; 9.026 ; 8.838 ; 8.656 ; 8.554 ; 8.304 ; 8.138 ; 8.260 ; 8.381 ; 8.280 ; 8.142 ; 7.983 ; 7.776 ; 7.567 ; 7.341 ; 7.099 ; 6.874 ; 6.633 ; 6.363 ; 6.057 ; 5.750 ; 5.456 ; 
43.675 ; 43.379 ; 42.667 ; 41.992 ; 41.107 ; 40.261 ; 39.517 ; 38.712 ; 37.857 ; 37.082 ; 36.414 ; 35.694 ; 34.875 ; 34.148 ; 33.459 ; 32.807 ; 32.112 ; 31.418 ; 30.826 ; 30.116 ; 29.433 ; 28.799 ; 28.251 ; 27.679 ; 27.134 ; 26.552 ; 26.056 ; 25.487 ; 24.796 ; 24.176 ; 23.600 ; 23.004 ; 22.413 ; 21.829 ; 21.238 ; 20.628 ; 20.087 ; 19.559 ; 19.090 ; 18.569 ; 18.046 ; 17.573 ; 17.116 ; 16.660 ; 16.195 ; 15.806 ; 15.461 ; 15.082 ; 14.800 ; 14.525 ; 14.151 ; 14.243 ; 14.730 ; 14.966 ; 14.768 ; 14.374 ; 13.959 ; 13.547 ; 13.173 ; 12.871 ; 12.597 ; 12.364 ; 12.097 ; 11.900 ; 11.657 ; 11.404 ; 11.175 ; 10.972 ; 10.802 ; 10.630 ; 10.473 ; 10.360 ; 10.251 ; 10.121 ; 9.962 ; 9.852 ; 9.782 ; 9.683 ; 9.312 ; 8.866 ; 8.683 ; 8.521 ; 8.513 ; 8.562 ; 8.464 ; 8.084 ; 7.661 ; 7.193 ; 7.643 ; 7.859 ; 7.855 ; 7.724 ; 7.514 ; 7.299 ; 7.061 ; 6.846 ; 6.631 ; 6.399 ; 6.135 ; 5.872 ; 
43.148 ; 42.805 ; 42.262 ; 41.694 ; 40.898 ; 40.003 ; 39.301 ; 38.538 ; 37.723 ; 36.871 ; 36.188 ; 35.489 ; 34.707 ; 33.952 ; 33.241 ; 32.584 ; 31.904 ; 31.215 ; 30.587 ; 29.898 ; 29.232 ; 28.609 ; 27.978 ; 27.396 ; 26.859 ; 26.334 ; 25.822 ; 25.217 ; 24.599 ; 23.984 ; 23.396 ; 22.750 ; 22.169 ; 21.576 ; 20.994 ; 20.403 ; 19.866 ; 19.319 ; 18.870 ; 18.322 ; 17.808 ; 17.325 ; 16.826 ; 16.410 ; 16.001 ; 15.651 ; 15.237 ; 14.830 ; 14.521 ; 14.251 ; 14.052 ; 14.233 ; 14.506 ; 14.693 ; 14.484 ; 14.083 ; 13.665 ; 13.288 ; 12.962 ; 12.655 ; 12.393 ; 12.131 ; 11.921 ; 11.673 ; 11.427 ; 11.177 ; 10.938 ; 10.729 ; 10.588 ; 10.427 ; 10.270 ; 10.170 ; 10.054 ; 9.904 ; 9.720 ; 9.570 ; 9.445 ; 9.198 ; 8.862 ; 8.662 ; 8.590 ; 8.582 ; 8.511 ; 8.369 ; 8.216 ; 8.077 ; 7.959 ; 7.819 ; 7.679 ; 7.467 ; 7.216 ; 6.928 ; 6.617 ; 6.493 ; 6.722 ; 6.764 ; 6.666 ; 6.500 ; 6.358 ; 6.232 ; 
42.662 ; 42.261 ; 41.577 ; 40.862 ; 40.112 ; 39.407 ; 38.744 ; 38.010 ; 37.251 ; 36.411 ; 35.698 ; 34.862 ; 34.079 ; 33.408 ; 32.721 ; 32.073 ; 31.397 ; 30.688 ; 30.033 ; 29.359 ; 28.729 ; 28.109 ; 27.460 ; 26.870 ; 26.347 ; 25.850 ; 25.316 ; 24.719 ; 24.038 ; 23.488 ; 22.912 ; 22.272 ; 21.708 ; 21.129 ; 20.526 ; 19.957 ; 19.376 ; 18.857 ; 18.369 ; 17.884 ; 17.450 ; 16.870 ; 16.527 ; 16.218 ; 15.848 ; 15.207 ; 14.731 ; 14.344 ; 14.086 ; 13.749 ; 13.629 ; 13.936 ; 14.300 ; 14.426 ; 14.153 ; 13.714 ; 13.284 ; 12.932 ; 12.630 ; 12.335 ; 12.048 ; 11.775 ; 11.527 ; 11.333 ; 11.090 ; 10.839 ; 10.620 ; 10.397 ; 10.178 ; 10.006 ; 9.896 ; 9.797 ; 9.649 ; 9.475 ; 9.305 ; 9.144 ; 8.973 ; 8.783 ; 8.554 ; 8.385 ; 8.230 ; 8.127 ; 8.032 ; 7.917 ; 7.777 ; 7.612 ; 7.465 ; 7.352 ; 7.170 ; 6.924 ; 6.805 ; 6.713 ; 6.608 ; 6.485 ; 6.372 ; 6.257 ; 6.137 ; 6.019 ; 5.916 ; 5.791 ; 
42.361 ; 41.913 ; 41.385 ; 40.969 ; 40.422 ; 39.617 ; 38.876 ; 38.173 ; 37.408 ; 36.579 ; 35.736 ; 34.908 ; 34.097 ; 33.381 ; 32.672 ; 32.036 ; 31.327 ; 30.632 ; 29.976 ; 29.306 ; 28.677 ; 28.051 ; 27.397 ; 26.809 ; 26.280 ; 25.804 ; 25.244 ; 24.646 ; 23.989 ; 23.409 ; 22.832 ; 22.291 ; 21.669 ; 21.040 ; 20.454 ; 19.858 ; 19.289 ; 18.743 ; 18.263 ; 17.789 ; 17.382 ; 16.942 ; 16.598 ; 16.396 ; 16.281 ; 15.465 ; 14.812 ; 14.366 ; 13.938 ; 13.680 ; 13.739 ; 14.015 ; 14.291 ; 14.252 ; 13.903 ; 13.493 ; 13.101 ; 12.735 ; 12.447 ; 12.195 ; 11.885 ; 11.619 ; 11.391 ; 11.136 ; 10.917 ; 10.719 ; 10.524 ; 10.281 ; 10.110 ; 9.957 ; 9.785 ; 9.668 ; 9.524 ; 9.372 ; 9.195 ; 8.995 ; 8.818 ; 8.633 ; 8.450 ; 8.268 ; 8.089 ; 8.009 ; 7.876 ; 7.719 ; 7.552 ; 7.394 ; 7.235 ; 7.053 ; 6.857 ; 6.749 ; 6.608 ; 6.531 ; 6.432 ; 6.344 ; 6.248 ; 6.124 ; 6.033 ; 5.910 ; 5.811 ; 5.705 ; 
42.298 ; 42.150 ; 41.656 ; 40.965 ; 40.349 ; 39.629 ; 38.916 ; 38.198 ; 37.361 ; 36.465 ; 35.620 ; 34.778 ; 33.907 ; 33.211 ; 32.554 ; 31.824 ; 31.167 ; 30.548 ; 29.865 ; 29.260 ; 28.644 ; 27.951 ; 27.342 ; 26.748 ; 26.183 ; 25.700 ; 25.126 ; 24.530 ; 23.943 ; 23.418 ; 22.819 ; 22.205 ; 21.621 ; 21.031 ; 20.412 ; 19.755 ; 19.263 ; 18.858 ; 18.396 ; 17.918 ; 17.413 ; 16.925 ; 16.424 ; 15.987 ; 15.903 ; 15.637 ; 15.086 ; 14.830 ; 14.242 ; 14.111 ; 14.294 ; 14.314 ; 14.340 ; 14.186 ; 13.822 ; 13.419 ; 13.032 ; 12.696 ; 12.428 ; 12.200 ; 11.930 ; 11.654 ; 11.365 ; 11.102 ; 10.906 ; 10.712 ; 10.532 ; 10.350 ; 10.165 ; 9.999 ; 9.834 ; 9.666 ; 9.502 ; 9.355 ; 9.192 ; 9.016 ; 8.820 ; 8.655 ; 8.467 ; 8.296 ; 8.119 ; 7.976 ; 7.853 ; 7.706 ; 7.532 ; 7.344 ; 7.193 ; 6.904 ; 6.750 ; 6.660 ; 6.546 ; 6.444 ; 6.347 ; 6.247 ; 6.142 ; 6.014 ; 5.885 ; 5.751 ; 5.666 ; 5.565 ; 
42.570 ; 42.295 ; 41.619 ; 40.826 ; 40.247 ; 39.731 ; 38.996 ; 38.274 ; 37.527 ; 36.542 ; 35.706 ; 34.848 ; 33.972 ; 33.290 ; 32.621 ; 31.931 ; 31.252 ; 30.604 ; 29.975 ; 29.336 ; 28.682 ; 28.061 ; 27.393 ; 26.791 ; 26.300 ; 25.778 ; 25.196 ; 24.617 ; 24.003 ; 23.474 ; 22.862 ; 22.340 ; 21.774 ; 21.166 ; 20.501 ; 20.044 ; 19.503 ; 19.013 ; 18.467 ; 17.990 ; 17.512 ; 17.103 ; 16.604 ; 16.309 ; 15.977 ; 15.839 ; 15.548 ; 15.268 ; 15.100 ; 14.828 ; 14.529 ; 14.208 ; 13.927 ; 13.758 ; 13.871 ; 13.718 ; 13.417 ; 13.122 ; 12.877 ; 12.584 ; 12.301 ; 12.026 ; 11.756 ; 11.521 ; 11.333 ; 11.184 ; 11.004 ; 10.811 ; 10.629 ; 10.471 ; 10.293 ; 10.141 ; 9.980 ; 9.824 ; 9.652 ; 9.450 ; 9.269 ; 9.122 ; 8.967 ; 8.840 ; 8.655 ; 8.499 ; 8.336 ; 8.182 ; 8.045 ; 7.894 ; 7.547 ; 7.304 ; 7.223 ; 7.139 ; 7.022 ; 6.933 ; 6.842 ; 6.756 ; 6.597 ; 6.479 ; 6.374 ; 6.273 ; 6.191 ; 6.098 ; 
42.936 ; 42.648 ; 42.056 ; 41.497 ; 41.092 ; 40.568 ; 39.833 ; 39.002 ; 38.223 ; 37.395 ; 36.317 ; 35.278 ; 34.449 ; 33.753 ; 32.967 ; 32.234 ; 31.545 ; 30.917 ; 30.271 ; 29.621 ; 29.015 ; 28.356 ; 27.655 ; 27.056 ; 26.563 ; 26.049 ; 25.456 ; 24.863 ; 24.285 ; 23.698 ; 23.108 ; 22.523 ; 21.918 ; 21.342 ; 20.805 ; 20.290 ; 19.649 ; 19.148 ; 18.715 ; 18.283 ; 17.844 ; 17.579 ; 17.490 ; 17.047 ; 16.415 ; 16.157 ; 15.982 ; 15.806 ; 15.837 ; 15.715 ; 15.322 ; 15.009 ; 14.693 ; 14.339 ; 14.003 ; 13.683 ; 13.422 ; 13.161 ; 12.910 ; 12.646 ; 12.392 ; 12.121 ; 11.864 ; 11.615 ; 11.442 ; 11.259 ; 11.067 ; 10.882 ; 10.710 ; 10.519 ; 10.338 ; 10.141 ; 9.988 ; 9.828 ; 9.658 ; 9.495 ; 9.360 ; 9.213 ; 9.071 ; 8.918 ; 8.770 ; 8.592 ; 8.432 ; 8.261 ; 8.075 ; 7.864 ; 7.589 ; 7.385 ; 7.268 ; 7.210 ; 7.099 ; 7.032 ; 6.945 ; 6.816 ; 6.684 ; 6.542 ; 6.442 ; 6.349 ; 6.255 ; 6.132 ; 
43.429 ; 43.350 ; 42.985 ; 42.449 ; 41.808 ; 41.140 ; 40.463 ; 39.775 ; 39.130 ; 38.241 ; 37.488 ; 37.161 ; 35.952 ; 34.414 ; 33.448 ; 32.629 ; 31.972 ; 31.298 ; 30.687 ; 30.037 ; 29.420 ; 28.781 ; 28.116 ; 27.520 ; 26.991 ; 26.459 ; 25.906 ; 25.336 ; 24.746 ; 24.159 ; 23.565 ; 22.972 ; 22.418 ; 21.750 ; 21.277 ; 20.831 ; 20.232 ; 19.810 ; 19.612 ; 19.428 ; 19.304 ; 19.354 ; 19.255 ; 18.995 ; 18.244 ; 17.309 ; 17.003 ; 16.967 ; 17.002 ; 16.545 ; 15.952 ; 15.499 ; 15.133 ; 14.812 ; 14.507 ; 14.198 ; 13.951 ; 13.733 ; 13.471 ; 13.203 ; 12.953 ; 12.723 ; 12.489 ; 12.237 ; 12.012 ; 11.808 ; 11.590 ; 11.447 ; 11.298 ; 11.103 ; 10.907 ; 10.704 ; 10.543 ; 10.381 ; 10.186 ; 10.015 ; 9.879 ; 9.754 ; 9.618 ; 9.446 ; 9.298 ; 9.144 ; 8.975 ; 8.820 ; 8.627 ; 8.334 ; 8.014 ; 7.902 ; 7.831 ; 7.749 ; 7.639 ; 7.542 ; 7.449 ; 7.328 ; 7.185 ; 7.053 ; 6.951 ; 6.853 ; 6.762 ; 6.653 ; 
43.963 ; 43.753 ; 43.173 ; 42.580 ; 41.942 ; 41.244 ; 40.548 ; 39.893 ; 39.102 ; 38.231 ; 37.401 ; 36.496 ; 35.333 ; 34.381 ; 33.528 ; 32.787 ; 32.107 ; 31.403 ; 30.790 ; 30.144 ; 29.539 ; 28.877 ; 28.203 ; 27.578 ; 27.042 ; 26.515 ; 25.993 ; 25.423 ; 24.816 ; 24.234 ; 23.600 ; 23.021 ; 22.509 ; 21.929 ; 21.424 ; 21.129 ; 20.883 ; 20.634 ; 20.478 ; 20.306 ; 20.084 ; 19.940 ; 19.730 ; 18.672 ; 18.030 ; 17.666 ; 17.329 ; 17.168 ; 16.843 ; 16.376 ; 15.968 ; 15.560 ; 15.182 ; 14.802 ; 14.475 ; 14.210 ; 14.014 ; 13.788 ; 13.535 ; 13.253 ; 13.021 ; 12.788 ; 12.532 ; 12.278 ; 12.061 ; 11.854 ; 11.667 ; 11.467 ; 11.265 ; 11.066 ; 10.891 ; 10.714 ; 10.563 ; 10.377 ; 10.165 ; 9.984 ; 9.852 ; 9.722 ; 9.580 ; 9.426 ; 9.250 ; 9.087 ; 8.928 ; 8.748 ; 8.470 ; 8.113 ; 7.870 ; 7.777 ; 7.718 ; 7.636 ; 7.548 ; 7.428 ; 7.322 ; 7.217 ; 7.075 ; 6.977 ; 6.851 ; 6.743 ; 6.628 ; 6.516 ; 
43.939 ; 43.699 ; 43.116 ; 42.514 ; 41.839 ; 41.129 ; 40.438 ; 39.727 ; 38.855 ; 38.003 ; 37.505 ; 36.676 ; 35.519 ; 34.427 ; 33.415 ; 32.628 ; 31.980 ; 31.273 ; 30.710 ; 30.064 ; 29.375 ; 28.772 ; 28.133 ; 27.572 ; 27.038 ; 26.506 ; 25.954 ; 25.391 ; 24.752 ; 24.207 ; 23.605 ; 23.031 ; 22.466 ; 21.892 ; 21.431 ; 20.996 ; 21.185 ; 21.365 ; 21.051 ; 20.474 ; 20.092 ; 19.915 ; 19.339 ; 18.734 ; 18.251 ; 17.740 ; 17.423 ; 17.244 ; 16.870 ; 16.453 ; 16.041 ; 15.626 ; 15.224 ; 14.887 ; 14.599 ; 14.352 ; 14.166 ; 13.959 ; 13.711 ; 13.432 ; 13.177 ; 12.932 ; 12.747 ; 12.516 ; 12.307 ; 12.117 ; 11.896 ; 11.695 ; 11.531 ; 11.354 ; 11.194 ; 11.016 ; 10.887 ; 10.704 ; 10.496 ; 10.313 ; 10.189 ; 10.068 ; 9.945 ; 9.763 ; 9.588 ; 9.447 ; 9.288 ; 9.135 ; 8.962 ; 8.613 ; 8.279 ; 8.167 ; 8.121 ; 8.060 ; 7.952 ; 7.856 ; 7.753 ; 7.638 ; 7.534 ; 7.411 ; 7.305 ; 7.191 ; 7.098 ; 6.973 ; 
44.752 ; 44.447 ; 43.791 ; 43.401 ; 42.725 ; 41.946 ; 41.119 ; 40.303 ; 39.554 ; 38.740 ; 37.991 ; 37.163 ; 36.322 ; 35.510 ; 35.185 ; 33.926 ; 32.797 ; 31.997 ; 31.372 ; 30.642 ; 29.993 ; 29.402 ; 28.766 ; 28.234 ; 27.703 ; 27.145 ; 26.544 ; 25.969 ; 25.438 ; 24.830 ; 24.174 ; 23.660 ; 23.197 ; 22.658 ; 22.014 ; 21.717 ; 21.908 ; 22.086 ; 22.131 ; 21.654 ; 20.717 ; 20.141 ; 19.763 ; 19.273 ; 18.822 ; 18.500 ; 17.996 ; 17.650 ; 17.306 ; 16.877 ; 16.432 ; 16.052 ; 15.653 ; 15.313 ; 14.984 ; 14.743 ; 14.555 ; 14.361 ; 14.137 ; 13.810 ; 13.535 ; 13.291 ; 13.093 ; 12.890 ; 12.683 ; 12.461 ; 12.250 ; 12.039 ; 11.853 ; 11.642 ; 11.447 ; 11.243 ; 11.068 ; 10.872 ; 10.648 ; 10.488 ; 10.349 ; 10.219 ; 10.073 ; 9.880 ; 9.683 ; 9.511 ; 9.354 ; 9.218 ; 8.834 ; 8.447 ; 8.242 ; 8.156 ; 8.109 ; 8.035 ; 7.922 ; 7.811 ; 7.676 ; 7.560 ; 7.444 ; 7.321 ; 7.174 ; 7.031 ; 6.928 ; 6.829 ; 
44.473 ; 44.159 ; 43.594 ; 42.906 ; 42.261 ; 41.613 ; 40.893 ; 40.114 ; 39.379 ; 38.520 ; 37.725 ; 36.834 ; 36.064 ; 35.288 ; 34.600 ; 33.531 ; 32.492 ; 31.721 ; 31.102 ; 30.363 ; 29.697 ; 29.056 ; 28.498 ; 27.937 ; 27.381 ; 26.815 ; 26.248 ; 25.667 ; 25.109 ; 24.408 ; 23.801 ; 23.283 ; 22.800 ; 22.254 ; 21.626 ; 21.565 ; 21.809 ; 21.815 ; 21.540 ; 21.040 ; 20.192 ; 19.722 ; 19.375 ; 18.997 ; 18.502 ; 18.146 ; 17.732 ; 17.129 ; 16.794 ; 16.424 ; 15.927 ; 15.495 ; 15.090 ; 14.718 ; 14.461 ; 14.227 ; 14.030 ; 13.807 ; 13.541 ; 13.248 ; 12.996 ; 12.791 ; 12.609 ; 12.403 ; 12.170 ; 11.977 ; 11.784 ; 11.552 ; 11.376 ; 11.123 ; 10.896 ; 10.690 ; 10.533 ; 10.352 ; 10.154 ; 9.981 ; 9.843 ; 9.720 ; 9.594 ; 9.401 ; 9.216 ; 9.069 ; 8.887 ; 8.635 ; 8.247 ; 7.962 ; 7.864 ; 7.844 ; 7.794 ; 7.672 ; 7.563 ; 7.471 ; 7.368 ; 7.240 ; 7.127 ; 6.994 ; 6.874 ; 6.760 ; 6.693 ; 6.582 ; 
44.445 ; 44.159 ; 43.533 ; 42.847 ; 42.197 ; 41.558 ; 40.913 ; 40.187 ; 39.502 ; 38.739 ; 37.952 ; 37.113 ; 36.269 ; 35.498 ; 34.848 ; 33.975 ; 32.834 ; 31.935 ; 31.262 ; 30.535 ; 29.922 ; 29.398 ; 28.871 ; 28.315 ; 27.789 ; 27.214 ; 26.678 ; 26.083 ; 25.513 ; 24.822 ; 24.380 ; 23.880 ; 23.413 ; 23.319 ; 23.164 ; 22.871 ; 22.472 ; 22.325 ; 22.053 ; 21.663 ; 21.198 ; 20.456 ; 19.943 ; 19.623 ; 19.121 ; 18.612 ; 18.158 ; 17.764 ; 17.468 ; 17.156 ; 16.775 ; 16.339 ; 15.917 ; 15.579 ; 15.336 ; 15.100 ; 14.866 ; 14.633 ; 14.417 ; 14.166 ; 13.952 ; 13.750 ; 13.561 ; 13.368 ; 13.135 ; 12.927 ; 12.736 ; 12.535 ; 12.314 ; 12.081 ; 11.854 ; 11.657 ; 11.488 ; 11.322 ; 11.145 ; 10.975 ; 10.810 ; 10.668 ; 10.556 ; 10.368 ; 10.174 ; 10.010 ; 9.782 ; 9.487 ; 9.083 ; 8.837 ; 8.739 ; 8.671 ; 8.570 ; 8.445 ; 8.351 ; 8.240 ; 8.120 ; 8.004 ; 7.878 ; 7.750 ; 7.633 ; 7.503 ; 7.414 ; 7.304 ; 
44.613 ; 44.355 ; 43.662 ; 42.857 ; 42.178 ; 41.537 ; 40.895 ; 40.219 ; 39.562 ; 38.731 ; 37.792 ; 37.019 ; 36.220 ; 35.416 ; 34.782 ; 34.073 ; 33.121 ; 31.990 ; 31.249 ; 30.473 ; 29.875 ; 29.347 ; 28.735 ; 28.198 ; 27.661 ; 27.067 ; 26.506 ; 25.886 ; 25.356 ; 24.834 ; 24.343 ; 23.708 ; 23.683 ; 23.894 ; 23.879 ; 23.473 ; 22.941 ; 22.470 ; 21.977 ; 21.473 ; 21.191 ; 20.538 ; 19.898 ; 19.446 ; 18.973 ; 18.463 ; 17.953 ; 17.607 ; 17.365 ; 17.063 ; 16.655 ; 16.278 ; 15.878 ; 15.519 ; 15.203 ; 14.961 ; 14.746 ; 14.525 ; 14.315 ; 14.073 ; 13.893 ; 13.698 ; 13.502 ; 13.296 ; 13.050 ; 12.824 ; 12.621 ; 12.413 ; 12.196 ; 11.940 ; 11.736 ; 11.547 ; 11.376 ; 11.222 ; 11.075 ; 10.914 ; 10.768 ; 10.580 ; 10.428 ; 10.245 ; 10.072 ; 9.861 ; 9.652 ; 9.327 ; 8.917 ; 8.739 ; 8.662 ; 8.592 ; 8.482 ; 8.367 ; 8.250 ; 8.156 ; 8.059 ; 7.941 ; 7.843 ; 7.721 ; 7.599 ; 7.499 ; 7.414 ; 7.286 ; 
45.065 ; 44.678 ; 44.012 ; 43.320 ; 42.605 ; 41.941 ; 41.278 ; 40.568 ; 39.872 ; 39.054 ; 38.230 ; 37.527 ; 36.786 ; 35.940 ; 35.118 ; 34.490 ; 33.863 ; 33.245 ; 31.910 ; 31.014 ; 30.421 ; 29.854 ; 29.304 ; 28.803 ; 28.381 ; 27.945 ; 27.527 ; 26.963 ; 26.417 ; 25.898 ; 25.433 ; 25.125 ; 24.863 ; 24.989 ; 24.967 ; 24.557 ; 23.825 ; 23.138 ; 22.570 ; 22.161 ; 21.603 ; 21.110 ; 20.624 ; 20.118 ; 19.637 ; 19.133 ; 18.610 ; 18.185 ; 17.855 ; 17.603 ; 17.311 ; 16.887 ; 16.470 ; 16.127 ; 15.849 ; 15.596 ; 15.363 ; 15.178 ; 14.958 ; 14.734 ; 14.556 ; 14.371 ; 14.168 ; 13.927 ; 13.714 ; 13.480 ; 13.251 ; 13.042 ; 12.812 ; 12.576 ; 12.385 ; 12.200 ; 12.025 ; 11.845 ; 11.662 ; 11.506 ; 11.350 ; 11.185 ; 11.038 ; 10.878 ; 10.663 ; 10.435 ; 10.196 ; 9.895 ; 9.509 ; 9.251 ; 9.157 ; 9.076 ; 8.990 ; 8.870 ; 8.737 ; 8.633 ; 8.542 ; 8.425 ; 8.299 ; 8.186 ; 8.065 ; 7.948 ; 7.836 ; 7.728 ; 
43.645 ; 43.413 ; 42.979 ; 42.492 ; 41.807 ; 41.176 ; 40.679 ; 40.014 ; 39.163 ; 38.311 ; 37.657 ; 37.003 ; 36.265 ; 35.546 ; 34.903 ; 34.391 ; 33.778 ; 32.805 ; 31.929 ; 31.017 ; 30.337 ; 29.836 ; 29.369 ; 28.845 ; 28.296 ; 27.859 ; 27.347 ; 26.808 ; 26.331 ; 25.894 ; 25.397 ; 25.349 ; 25.593 ; 25.628 ; 25.278 ; 24.567 ; 24.014 ; 23.655 ; 23.081 ; 22.371 ; 21.809 ; 21.288 ; 20.762 ; 20.289 ; 19.796 ; 19.296 ; 18.827 ; 18.392 ; 18.082 ; 17.845 ; 17.588 ; 17.186 ; 16.781 ; 16.433 ; 16.174 ; 15.906 ; 15.710 ; 15.528 ; 15.298 ; 15.127 ; 14.958 ; 14.799 ; 14.623 ; 14.361 ; 14.116 ; 13.914 ; 13.688 ; 13.531 ; 13.291 ; 13.060 ; 12.857 ; 12.683 ; 12.511 ; 12.286 ; 12.117 ; 11.963 ; 11.799 ; 11.663 ; 11.521 ; 11.365 ; 11.116 ; 10.835 ; 10.565 ; 10.275 ; 9.828 ; 9.648 ; 9.552 ; 9.472 ; 9.395 ; 9.290 ; 9.173 ; 9.066 ; 8.965 ; 8.863 ; 8.734 ; 8.611 ; 8.518 ; 8.376 ; 8.228 ; 8.117 ; 
45.541 ; 45.230 ; 44.597 ; 43.888 ; 43.198 ; 42.512 ; 41.801 ; 41.048 ; 40.339 ; 39.531 ; 38.689 ; 37.967 ; 37.206 ; 36.442 ; 35.649 ; 35.014 ; 34.363 ; 33.944 ; 33.828 ; 33.686 ; 31.679 ; 30.528 ; 29.817 ; 29.375 ; 28.939 ; 28.317 ; 27.687 ; 27.173 ; 26.669 ; 26.199 ; 25.820 ; 25.918 ; 26.160 ; 26.019 ; 25.767 ; 25.156 ; 24.501 ; 24.139 ; 23.519 ; 22.689 ; 22.038 ; 21.505 ; 21.023 ; 20.538 ; 20.033 ; 19.556 ; 19.066 ; 18.612 ; 18.243 ; 18.078 ; 17.763 ; 17.364 ; 16.997 ; 16.670 ; 16.396 ; 16.121 ; 15.934 ; 15.799 ; 15.571 ; 15.389 ; 15.215 ; 15.059 ; 14.903 ; 14.599 ; 14.404 ; 14.222 ; 13.962 ; 13.811 ; 13.595 ; 13.368 ; 13.179 ; 12.986 ; 12.855 ; 12.596 ; 12.440 ; 12.290 ; 12.105 ; 11.980 ; 11.841 ; 11.666 ; 11.429 ; 11.135 ; 10.846 ; 10.565 ; 10.139 ; 9.857 ; 9.741 ; 9.675 ; 9.609 ; 9.491 ; 9.379 ; 9.270 ; 9.162 ; 9.054 ; 8.918 ; 8.795 ; 8.691 ; 8.569 ; 8.444 ; 8.323 ; 
45.861 ; 45.598 ; 44.947 ; 44.164 ; 43.480 ; 42.851 ; 42.080 ; 41.305 ; 40.592 ; 39.870 ; 38.966 ; 38.199 ; 37.406 ; 36.687 ; 36.014 ; 35.373 ; 34.760 ; 34.163 ; 33.408 ; 32.549 ; 31.806 ; 31.032 ; 30.264 ; 29.684 ; 29.156 ; 28.676 ; 28.190 ; 27.502 ; 26.878 ; 26.424 ; 26.086 ; 26.049 ; 26.140 ; 26.046 ; 25.767 ; 25.164 ; 24.714 ; 24.331 ; 23.590 ; 22.966 ; 22.375 ; 21.831 ; 21.325 ; 20.818 ; 20.319 ; 19.767 ; 19.380 ; 18.950 ; 18.570 ; 18.221 ; 17.907 ; 17.475 ; 17.156 ; 16.992 ; 16.791 ; 16.550 ; 16.269 ; 16.056 ; 15.858 ; 15.709 ; 15.528 ; 15.377 ; 15.279 ; 15.130 ; 14.875 ; 14.659 ; 14.386 ; 14.214 ; 14.049 ; 13.822 ; 13.600 ; 13.373 ; 13.141 ; 12.884 ; 12.779 ; 12.667 ; 12.545 ; 12.393 ; 12.173 ; 11.947 ; 11.560 ; 11.238 ; 10.917 ; 10.647 ; 10.196 ; 9.894 ; 9.765 ; 9.698 ; 9.610 ; 9.497 ; 9.380 ; 9.257 ; 9.120 ; 9.028 ; 8.894 ; 8.766 ; 8.643 ; 8.539 ; 8.431 ; 8.281 ; 
45.544 ; 45.278 ; 44.541 ; 43.812 ; 43.173 ; 42.491 ; 41.724 ; 40.914 ; 40.165 ; 39.381 ; 38.572 ; 37.774 ; 37.013 ; 36.331 ; 35.708 ; 35.018 ; 34.416 ; 33.786 ; 33.123 ; 32.484 ; 32.081 ; 31.906 ; 31.799 ; 31.720 ; 31.655 ; 30.961 ; 28.317 ; 27.100 ; 26.514 ; 26.127 ; 25.657 ; 25.585 ; 25.888 ; 25.932 ; 25.501 ; 24.923 ; 24.404 ; 23.818 ; 23.194 ; 22.623 ; 22.055 ; 21.545 ; 21.043 ; 20.533 ; 20.054 ; 19.596 ; 19.067 ; 18.581 ; 18.182 ; 17.949 ; 17.613 ; 17.385 ; 17.139 ; 16.788 ; 16.480 ; 16.290 ; 16.076 ; 15.836 ; 15.649 ; 15.493 ; 15.334 ; 15.215 ; 15.108 ; 14.948 ; 14.750 ; 14.576 ; 14.375 ; 14.159 ; 14.003 ; 13.803 ; 13.579 ; 13.348 ; 13.148 ; 12.987 ; 12.823 ; 12.707 ; 12.548 ; 12.385 ; 12.189 ; 12.000 ; 11.761 ; 11.500 ; 11.194 ; 10.886 ; 10.513 ; 10.061 ; 9.855 ; 9.798 ; 9.720 ; 9.617 ; 9.509 ; 9.362 ; 9.244 ; 9.164 ; 9.075 ; 8.955 ; 8.833 ; 8.742 ; 8.629 ; 8.514 ; 
46.296 ; 46.033 ; 45.406 ; 44.688 ; 43.988 ; 43.312 ; 42.563 ; 41.782 ; 41.070 ; 40.219 ; 39.394 ; 38.611 ; 37.825 ; 37.106 ; 36.447 ; 35.787 ; 35.145 ; 34.565 ; 33.957 ; 33.372 ; 32.805 ; 32.342 ; 31.974 ; 31.680 ; 31.490 ; 31.340 ; 31.200 ; 31.081 ; 30.990 ; 27.944 ; 26.326 ; 26.222 ; 26.713 ; 26.876 ; 26.601 ; 26.102 ; 25.456 ; 24.787 ; 24.149 ; 23.487 ; 22.955 ; 22.389 ; 21.862 ; 21.349 ; 20.900 ; 20.392 ; 19.924 ; 19.460 ; 19.020 ; 18.770 ; 18.353 ; 18.030 ; 17.735 ; 17.517 ; 17.307 ; 17.090 ; 16.861 ; 16.557 ; 16.351 ; 16.213 ; 16.064 ; 15.943 ; 15.851 ; 15.647 ; 15.474 ; 15.290 ; 15.101 ; 14.933 ; 14.744 ; 14.561 ; 14.366 ; 14.110 ; 13.849 ; 13.681 ; 13.534 ; 13.379 ; 13.185 ; 13.007 ; 12.780 ; 12.603 ; 12.397 ; 12.106 ; 11.789 ; 11.509 ; 11.276 ; 10.877 ; 10.417 ; 10.215 ; 10.169 ; 10.064 ; 9.901 ; 9.746 ; 9.619 ; 9.494 ; 9.409 ; 9.298 ; 9.174 ; 9.057 ; 8.946 ; 8.830 ; 
46.446 ; 46.213 ; 45.609 ; 44.903 ; 44.269 ; 43.540 ; 42.724 ; 41.960 ; 41.209 ; 40.453 ; 39.689 ; 38.857 ; 38.084 ; 37.430 ; 36.710 ; 36.068 ; 35.358 ; 34.719 ; 34.120 ; 33.687 ; 33.083 ; 32.415 ; 31.783 ; 31.357 ; 31.086 ; 29.645 ; 28.653 ; 27.918 ; 27.323 ; 26.868 ; 26.435 ; 26.722 ; 27.135 ; 27.237 ; 26.893 ; 26.252 ; 25.662 ; 24.979 ; 24.341 ; 23.715 ; 23.107 ; 22.560 ; 22.012 ; 21.506 ; 21.095 ; 20.554 ; 20.072 ; 19.589 ; 19.138 ; 18.755 ; 18.490 ; 18.104 ; 17.884 ; 17.632 ; 17.372 ; 17.156 ; 16.882 ; 16.619 ; 16.444 ; 16.330 ; 16.219 ; 16.089 ; 15.947 ; 15.749 ; 15.556 ; 15.382 ; 15.235 ; 15.075 ; 14.914 ; 14.724 ; 14.481 ; 14.269 ; 14.053 ; 13.873 ; 13.690 ; 13.517 ; 13.285 ; 13.079 ; 12.885 ; 12.722 ; 12.527 ; 12.245 ; 11.942 ; 11.652 ; 11.434 ; 11.243 ; 10.777 ; 10.352 ; 10.159 ; 10.031 ; 9.876 ; 9.702 ; 9.575 ; 9.471 ; 9.373 ; 9.290 ; 9.164 ; 9.048 ; 8.930 ; 8.803 ; 
45.810 ; 45.510 ; 44.852 ; 44.161 ; 43.424 ; 42.632 ; 41.869 ; 41.133 ; 40.428 ; 39.609 ; 38.851 ; 38.218 ; 37.430 ; 36.680 ; 35.946 ; 35.243 ; 34.547 ; 33.951 ; 33.397 ; 32.800 ; 32.255 ; 31.660 ; 31.127 ; 30.536 ; 29.940 ; 29.210 ; 28.394 ; 27.557 ; 26.934 ; 26.422 ; 25.825 ; 26.111 ; 26.549 ; 26.602 ; 26.361 ; 25.930 ; 25.376 ; 24.708 ; 24.075 ; 23.431 ; 22.771 ; 22.179 ; 21.643 ; 21.094 ; 20.607 ; 20.049 ; 19.559 ; 18.997 ; 18.498 ; 18.036 ; 17.699 ; 17.466 ; 17.218 ; 16.978 ; 16.722 ; 16.482 ; 16.266 ; 16.073 ; 15.917 ; 15.772 ; 15.658 ; 15.531 ; 15.371 ; 15.195 ; 15.004 ; 14.832 ; 14.678 ; 14.505 ; 14.315 ; 14.098 ; 13.892 ; 13.715 ; 13.539 ; 13.356 ; 13.172 ; 12.974 ; 12.756 ; 12.524 ; 12.317 ; 12.137 ; 11.946 ; 11.687 ; 11.433 ; 11.201 ; 10.986 ; 10.764 ; 10.590 ; 10.107 ; 9.646 ; 9.359 ; 9.186 ; 9.059 ; 8.936 ; 8.795 ; 8.682 ; 8.637 ; 8.483 ; 8.335 ; 8.220 ; 8.100 ; 
44.846 ; 44.472 ; 43.827 ; 43.048 ; 42.248 ; 41.471 ; 40.740 ; 40.040 ; 39.295 ; 38.506 ; 37.767 ; 37.098 ; 36.434 ; 35.682 ; 34.939 ; 34.206 ; 33.533 ; 32.875 ; 32.299 ; 31.735 ; 31.156 ; 30.556 ; 29.966 ; 29.390 ; 28.686 ; 28.049 ; 27.501 ; 26.739 ; 25.877 ; 25.091 ; 24.843 ; 24.961 ; 25.157 ; 25.313 ; 25.048 ; 24.588 ; 24.062 ; 23.421 ; 22.757 ; 22.094 ; 21.485 ; 20.919 ; 20.383 ; 19.878 ; 19.399 ; 18.803 ; 18.267 ; 17.783 ; 17.171 ; 16.635 ; 16.329 ; 16.143 ; 15.886 ; 15.620 ; 15.345 ; 15.125 ; 14.988 ; 14.810 ; 14.653 ; 14.519 ; 14.420 ; 14.277 ; 14.101 ; 13.921 ; 13.746 ; 13.589 ; 13.441 ; 13.244 ; 13.055 ; 12.843 ; 12.659 ; 12.489 ; 12.318 ; 12.140 ; 11.945 ; 11.802 ; 11.629 ; 11.424 ; 11.198 ; 11.001 ; 10.800 ; 10.567 ; 10.341 ; 10.156 ; 9.984 ; 9.761 ; 9.556 ; 9.362 ; 9.113 ; 8.993 ; 8.904 ; 8.705 ; 7.866 ; 7.573 ; 7.468 ; 7.430 ; 7.303 ; 7.191 ; 7.086 ; 6.996 ; 
44.313 ; 43.975 ; 43.265 ; 42.490 ; 41.751 ; 41.023 ; 40.324 ; 39.640 ; 38.872 ; 38.063 ; 37.393 ; 36.747 ; 36.019 ; 35.284 ; 34.581 ; 33.831 ; 33.080 ; 32.368 ; 31.813 ; 31.237 ; 30.653 ; 30.045 ; 29.449 ; 28.846 ; 28.357 ; 27.889 ; 27.337 ; 26.681 ; 25.780 ; 24.994 ; 24.523 ; 25.380 ; 25.724 ; 25.597 ; 25.192 ; 24.548 ; 23.784 ; 23.000 ; 22.374 ; 21.756 ; 21.214 ; 20.766 ; 20.477 ; 19.916 ; 19.265 ; 18.804 ; 18.169 ; 17.607 ; 17.008 ; 16.416 ; 16.044 ; 15.798 ; 15.528 ; 15.279 ; 15.046 ; 14.854 ; 14.701 ; 14.527 ; 14.363 ; 14.230 ; 14.145 ; 13.985 ; 13.798 ; 13.596 ; 13.417 ; 13.283 ; 13.135 ; 12.951 ; 12.745 ; 12.545 ; 12.369 ; 12.179 ; 11.986 ; 11.833 ; 11.645 ; 11.516 ; 11.361 ; 11.165 ; 10.949 ; 10.736 ; 10.493 ; 10.260 ; 10.029 ; 9.847 ; 9.660 ; 9.458 ; 9.259 ; 9.021 ; 8.805 ; 8.636 ; 8.315 ; 7.784 ; 7.372 ; 7.169 ; 7.144 ; 7.065 ; 6.879 ; 6.718 ; 6.602 ; 6.476 ; 
43.565 ; 43.299 ; 42.596 ; 41.844 ; 41.138 ; 40.421 ; 39.733 ; 39.035 ; 38.294 ; 37.546 ; 36.907 ; 36.385 ; 35.746 ; 34.868 ; 34.098 ; 33.330 ; 32.603 ; 31.907 ; 31.326 ; 30.747 ; 30.196 ; 29.580 ; 28.903 ; 28.391 ; 27.952 ; 27.467 ; 26.875 ; 26.396 ; 26.421 ; 26.576 ; 26.469 ; 26.071 ; 25.522 ; 24.893 ; 24.305 ; 23.653 ; 23.083 ; 22.544 ; 22.033 ; 21.404 ; 20.908 ; 20.380 ; 19.916 ; 19.544 ; 19.348 ; 19.167 ; 18.884 ; 17.949 ; 16.762 ; 16.022 ; 15.686 ; 15.481 ; 15.247 ; 14.984 ; 14.769 ; 14.609 ; 14.478 ; 14.291 ; 14.151 ; 14.008 ; 13.891 ; 13.732 ; 13.563 ; 13.402 ; 13.271 ; 13.122 ; 12.943 ; 12.761 ; 12.588 ; 12.430 ; 12.219 ; 12.023 ; 11.865 ; 11.700 ; 11.538 ; 11.375 ; 11.212 ; 11.026 ; 10.863 ; 10.643 ; 10.405 ; 10.139 ; 9.908 ; 9.678 ; 9.514 ; 9.329 ; 9.161 ; 8.959 ; 8.737 ; 8.530 ; 8.324 ; 8.145 ; 7.777 ; 7.293 ; 6.965 ; 6.859 ; 6.702 ; 6.562 ; 6.468 ; 6.318 ; 
43.369 ; 43.047 ; 42.374 ; 41.675 ; 40.974 ; 40.239 ; 39.602 ; 38.908 ; 38.184 ; 37.473 ; 36.802 ; 36.133 ; 35.382 ; 34.615 ; 33.882 ; 33.162 ; 32.365 ; 31.660 ; 31.053 ; 30.540 ; 29.994 ; 29.553 ; 28.899 ; 28.289 ; 27.873 ; 27.442 ; 27.007 ; 26.723 ; 26.865 ; 27.081 ; 26.936 ; 26.354 ; 25.503 ; 24.747 ; 24.064 ; 23.408 ; 22.854 ; 22.315 ; 21.705 ; 21.122 ; 20.530 ; 20.007 ; 19.593 ; 19.172 ; 18.779 ; 18.547 ; 18.412 ; 17.599 ; 16.281 ; 15.751 ; 15.519 ; 15.259 ; 14.989 ; 14.785 ; 14.589 ; 14.458 ; 14.307 ; 14.132 ; 13.973 ; 13.841 ; 13.708 ; 13.567 ; 13.395 ; 13.259 ; 13.094 ; 12.946 ; 12.812 ; 12.628 ; 12.425 ; 12.244 ; 12.059 ; 11.906 ; 11.749 ; 11.582 ; 11.437 ; 11.286 ; 11.123 ; 10.951 ; 10.747 ; 10.579 ; 10.366 ; 10.094 ; 9.847 ; 9.636 ; 9.458 ; 9.287 ; 9.119 ; 8.969 ; 8.739 ; 8.519 ; 8.358 ; 8.186 ; 8.025 ; 7.835 ; 7.477 ; 6.935 ; 6.634 ; 6.436 ; 6.322 ; 6.208 ; 
43.682 ; 43.339 ; 42.662 ; 42.035 ; 41.344 ; 40.589 ; 39.885 ; 39.124 ; 38.374 ; 37.631 ; 36.983 ; 36.266 ; 35.572 ; 34.833 ; 34.062 ; 33.354 ; 32.567 ; 31.862 ; 31.275 ; 30.712 ; 30.135 ; 29.521 ; 29.067 ; 28.612 ; 28.188 ; 28.122 ; 28.343 ; 28.409 ; 28.244 ; 27.768 ; 27.023 ; 26.389 ; 25.716 ; 25.047 ; 24.327 ; 23.636 ; 23.059 ; 22.531 ; 21.916 ; 21.351 ; 20.643 ; 20.167 ; 19.822 ; 19.325 ; 18.906 ; 18.794 ; 18.805 ; 18.871 ; 18.928 ; 18.924 ; 18.845 ; 17.377 ; 15.142 ; 14.578 ; 14.472 ; 14.409 ; 14.306 ; 14.134 ; 13.983 ; 13.838 ; 13.714 ; 13.569 ; 13.417 ; 13.281 ; 13.086 ; 12.955 ; 12.803 ; 12.639 ; 12.432 ; 12.238 ; 12.065 ; 11.884 ; 11.728 ; 11.584 ; 11.441 ; 11.302 ; 11.120 ; 10.939 ; 10.758 ; 10.577 ; 10.352 ; 10.088 ; 9.834 ; 9.613 ; 9.411 ; 9.242 ; 9.063 ; 8.893 ; 8.688 ; 8.484 ; 8.280 ; 8.142 ; 7.973 ; 7.786 ; 7.578 ; 7.426 ; 7.278 ; 6.897 ; 6.413 ; 6.134 ; 
43.559 ; 43.134 ; 42.473 ; 41.820 ; 41.146 ; 40.328 ; 39.655 ; 38.912 ; 38.229 ; 37.487 ; 36.798 ; 36.055 ; 35.378 ; 34.618 ; 33.812 ; 33.117 ; 32.335 ; 31.673 ; 31.097 ; 30.516 ; 29.936 ; 29.425 ; 28.942 ; 28.395 ; 28.168 ; 28.435 ; 28.727 ; 28.631 ; 28.228 ; 27.497 ; 26.722 ; 26.044 ; 25.413 ; 24.699 ; 24.096 ; 23.442 ; 22.798 ; 22.209 ; 21.525 ; 20.959 ; 20.372 ; 19.830 ; 19.485 ; 19.126 ; 18.942 ; 18.930 ; 18.949 ; 18.993 ; 18.986 ; 18.942 ; 18.926 ; 18.805 ; 16.790 ; 14.632 ; 14.174 ; 14.119 ; 14.064 ; 13.962 ; 13.815 ; 13.655 ; 13.521 ; 13.361 ; 13.214 ; 13.060 ; 12.916 ; 12.774 ; 12.610 ; 12.447 ; 12.289 ; 12.086 ; 11.900 ; 11.743 ; 11.582 ; 11.421 ; 11.289 ; 11.147 ; 10.968 ; 10.784 ; 10.602 ; 10.412 ; 10.194 ; 9.935 ; 9.710 ; 9.486 ; 9.306 ; 9.125 ; 8.954 ; 8.774 ; 8.561 ; 8.324 ; 8.142 ; 7.968 ; 7.830 ; 7.638 ; 7.419 ; 7.293 ; 7.153 ; 7.001 ; 6.836 ; 6.474 ; 
43.232 ; 42.948 ; 42.396 ; 41.807 ; 41.098 ; 40.351 ; 39.629 ; 38.888 ; 38.187 ; 37.401 ; 36.733 ; 36.020 ; 35.280 ; 34.558 ; 33.758 ; 33.046 ; 32.342 ; 31.715 ; 31.182 ; 30.655 ; 30.053 ; 29.565 ; 29.073 ; 28.665 ; 28.668 ; 29.082 ; 29.272 ; 28.974 ; 28.369 ; 27.697 ; 26.870 ; 26.203 ; 25.583 ; 24.893 ; 24.183 ; 23.538 ; 22.945 ; 22.329 ; 21.566 ; 20.870 ; 20.297 ; 19.918 ; 19.692 ; 19.583 ; 19.554 ; 19.488 ; 19.468 ; 19.596 ; 19.711 ; 19.737 ; 19.719 ; 19.666 ; 19.581 ; 19.491 ; 18.739 ; 14.969 ; 13.993 ; 13.902 ; 13.883 ; 13.841 ; 13.737 ; 13.539 ; 13.398 ; 13.283 ; 13.181 ; 13.051 ; 12.892 ; 12.722 ; 12.552 ; 12.380 ; 12.221 ; 12.033 ; 11.879 ; 11.722 ; 11.595 ; 11.467 ; 11.275 ; 11.092 ; 10.926 ; 10.705 ; 10.485 ; 10.270 ; 10.039 ; 9.814 ; 9.610 ; 9.438 ; 9.272 ; 9.097 ; 8.906 ; 8.684 ; 8.488 ; 8.333 ; 8.166 ; 7.970 ; 7.758 ; 7.608 ; 7.491 ; 7.351 ; 7.222 ; 7.084 ; 
43.677 ; 43.444 ; 42.907 ; 42.325 ; 41.648 ; 40.803 ; 40.115 ; 39.451 ; 38.707 ; 37.978 ; 37.288 ; 36.496 ; 35.742 ; 35.006 ; 34.238 ; 33.555 ; 32.848 ; 32.229 ; 31.670 ; 31.146 ; 30.565 ; 30.056 ; 29.467 ; 29.238 ; 29.615 ; 30.001 ; 29.874 ; 29.324 ; 28.743 ; 28.140 ; 27.392 ; 26.611 ; 25.964 ; 25.352 ; 24.622 ; 23.917 ; 23.385 ; 22.726 ; 21.907 ; 21.161 ; 20.477 ; 20.024 ; 19.890 ; 20.437 ; 20.724 ; 20.849 ; 20.914 ; 20.901 ; 20.796 ; 20.639 ; 20.435 ; 20.060 ; 16.231 ; 14.748 ; 14.598 ; 14.596 ; 14.527 ; 14.414 ; 14.280 ; 14.160 ; 14.014 ; 13.816 ; 13.663 ; 13.555 ; 13.435 ; 13.269 ; 13.131 ; 12.971 ; 12.822 ; 12.643 ; 12.444 ; 12.258 ; 12.085 ; 11.926 ; 11.785 ; 11.656 ; 11.498 ; 11.304 ; 11.133 ; 10.914 ; 10.691 ; 10.506 ; 10.275 ; 10.085 ; 9.886 ; 9.663 ; 9.460 ; 9.281 ; 9.118 ; 8.920 ; 8.731 ; 8.548 ; 8.379 ; 8.171 ; 7.983 ; 7.825 ; 7.683 ; 7.525 ; 7.411 ; 7.316 ; 
44.229 ; 43.935 ; 43.339 ; 42.756 ; 42.053 ; 41.220 ; 40.517 ; 39.840 ; 39.138 ; 38.558 ; 38.341 ; 38.237 ; 36.999 ; 35.673 ; 34.680 ; 33.951 ; 33.235 ; 32.687 ; 32.158 ; 31.643 ; 31.213 ; 30.698 ; 30.107 ; 30.110 ; 30.325 ; 30.240 ; 30.040 ; 29.881 ; 29.393 ; 28.770 ; 27.987 ; 27.173 ; 26.446 ; 25.765 ; 25.090 ; 24.385 ; 23.776 ; 23.049 ; 22.283 ; 21.540 ; 20.815 ; 20.345 ; 20.196 ; 20.760 ; 21.081 ; 21.196 ; 21.177 ; 21.111 ; 21.072 ; 21.036 ; 20.938 ; 20.808 ; 20.688 ; 19.061 ; 15.563 ; 14.727 ; 14.635 ; 14.597 ; 14.501 ; 14.409 ; 14.284 ; 14.122 ; 13.954 ; 13.849 ; 13.742 ; 13.607 ; 13.486 ; 13.333 ; 13.155 ; 12.969 ; 12.788 ; 12.594 ; 12.440 ; 12.254 ; 12.096 ; 11.950 ; 11.795 ; 11.587 ; 11.390 ; 11.198 ; 11.007 ; 10.797 ; 10.565 ; 10.343 ; 10.139 ; 9.951 ; 9.766 ; 9.570 ; 9.374 ; 9.175 ; 8.998 ; 8.811 ; 8.627 ; 8.421 ; 8.225 ; 8.099 ; 7.946 ; 7.786 ; 7.646 ; 7.561 ; 
44.072 ; 43.779 ; 43.215 ; 42.587 ; 41.811 ; 40.982 ; 40.239 ; 39.520 ; 38.814 ; 38.310 ; 38.101 ; 37.774 ; 36.549 ; 35.385 ; 34.452 ; 33.706 ; 33.011 ; 32.539 ; 32.016 ; 31.528 ; 30.995 ; 30.331 ; 30.012 ; 30.292 ; 30.495 ; 30.432 ; 30.186 ; 29.553 ; 28.736 ; 27.984 ; 27.286 ; 26.501 ; 25.840 ; 25.297 ; 24.621 ; 24.082 ; 23.588 ; 22.802 ; 22.033 ; 21.254 ; 20.590 ; 20.069 ; 19.695 ; 20.342 ; 21.130 ; 21.377 ; 21.387 ; 21.296 ; 21.218 ; 21.089 ; 20.933 ; 20.766 ; 20.579 ; 20.262 ; 19.769 ; 19.380 ; 19.101 ; 18.918 ; 18.887 ; 19.028 ; 19.072 ; 18.982 ; 18.780 ; 18.522 ; 18.234 ; 18.000 ; 17.770 ; 17.606 ; 17.478 ; 17.478 ; 13.220 ; 11.749 ; 11.645 ; 11.662 ; 11.648 ; 11.560 ; 11.440 ; 11.232 ; 11.044 ; 10.834 ; 10.649 ; 10.438 ; 10.236 ; 10.018 ; 9.832 ; 9.647 ; 9.465 ; 9.273 ; 9.084 ; 8.889 ; 8.708 ; 8.556 ; 8.366 ; 8.164 ; 7.977 ; 7.842 ; 7.684 ; 7.517 ; 7.372 ; 7.271 ; 
43.945 ; 43.670 ; 43.136 ; 42.519 ; 41.717 ; 40.904 ; 40.179 ; 39.424 ; 38.961 ; 38.712 ; 38.671 ; 38.647 ; 38.610 ; 38.648 ; 38.505 ; 36.053 ; 33.679 ; 32.659 ; 32.029 ; 31.505 ; 30.996 ; 30.543 ; 30.372 ; 30.481 ; 30.547 ; 30.419 ; 30.159 ; 29.756 ; 29.186 ; 28.315 ; 27.602 ; 26.847 ; 25.935 ; 25.187 ; 24.509 ; 23.907 ; 23.496 ; 22.670 ; 21.803 ; 21.060 ; 20.465 ; 19.821 ; 19.357 ; 20.099 ; 21.220 ; 21.625 ; 21.619 ; 21.537 ; 21.399 ; 21.248 ; 21.106 ; 20.935 ; 20.723 ; 20.324 ; 19.878 ; 19.509 ; 19.252 ; 19.093 ; 19.001 ; 18.994 ; 19.023 ; 19.055 ; 19.058 ; 19.062 ; 19.066 ; 19.017 ; 18.911 ; 18.755 ; 18.625 ; 18.497 ; 18.346 ; 18.214 ; 18.142 ; 18.086 ; 17.987 ; 17.870 ; 17.765 ; 17.667 ; 17.552 ; 17.444 ; 17.321 ; 17.198 ; 17.102 ; 17.017 ; 16.931 ; 16.865 ; 16.825 ; 16.736 ; 16.627 ; 16.495 ; 16.340 ; 16.161 ; 15.977 ; 15.794 ; 15.627 ; 15.477 ; 15.315 ; 15.151 ; 14.969 ; 14.816 ; 
42.743 ; 42.398 ; 41.809 ; 41.178 ; 40.327 ; 39.476 ; 38.870 ; 38.623 ; 38.535 ; 38.390 ; 38.241 ; 38.090 ; 37.909 ; 37.416 ; 37.028 ; 36.769 ; 34.814 ; 32.036 ; 30.765 ; 30.043 ; 29.494 ; 29.515 ; 30.080 ; 30.485 ; 30.187 ; 29.580 ; 28.841 ; 28.110 ; 27.390 ; 26.547 ; 25.786 ; 25.100 ; 24.379 ; 23.715 ; 23.093 ; 22.501 ; 22.186 ; 22.147 ; 21.989 ; 20.251 ; 19.079 ; 18.184 ; 17.655 ; 18.645 ; 20.041 ; 20.337 ; 20.081 ; 19.780 ; 19.593 ; 19.410 ; 19.246 ; 19.103 ; 18.956 ; 18.790 ; 18.633 ; 18.495 ; 18.362 ; 18.230 ; 18.102 ; 17.969 ; 17.834 ; 17.653 ; 17.469 ; 17.286 ; 17.084 ; 16.880 ; 16.672 ; 16.463 ; 16.246 ; 16.046 ; 15.845 ; 15.651 ; 15.458 ; 15.291 ; 15.133 ; 14.992 ; 14.837 ; 14.675 ; 14.501 ; 14.314 ; 14.141 ; 13.967 ; 13.779 ; 13.592 ; 13.375 ; 13.142 ; 12.929 ; 12.722 ; 12.514 ; 12.319 ; 12.139 ; 11.959 ; 11.790 ; 11.652 ; 11.488 ; 11.307 ; 11.112 ; 10.935 ; 10.728 ; 10.540 ; 
41.909 ; 41.590 ; 41.022 ; 40.395 ; 39.585 ; 38.773 ; 38.034 ; 37.592 ; 37.388 ; 37.319 ; 37.277 ; 37.128 ; 36.929 ; 36.571 ; 35.961 ; 34.897 ; 32.073 ; 30.761 ; 29.987 ; 29.429 ; 29.408 ; 29.549 ; 29.511 ; 29.355 ; 29.048 ; 28.566 ; 27.876 ; 27.132 ; 26.604 ; 26.104 ; 25.344 ; 24.525 ; 23.689 ; 23.015 ; 22.474 ; 21.905 ; 21.456 ; 21.270 ; 21.103 ; 19.625 ; 17.568 ; 16.662 ; 16.384 ; 16.403 ; 17.107 ; 17.652 ; 17.681 ; 17.454 ; 17.137 ; 16.968 ; 16.843 ; 16.662 ; 16.370 ; 16.033 ; 15.659 ; 13.235 ; 12.270 ; 12.068 ; 11.979 ; 11.859 ; 11.734 ; 11.596 ; 11.422 ; 11.201 ; 11.005 ; 10.952 ; 10.902 ; 10.782 ; 10.606 ; 10.398 ; 10.225 ; 10.067 ; 9.881 ; 9.740 ; 9.601 ; 9.469 ; 9.292 ; 9.095 ; 8.879 ; 8.660 ; 8.488 ; 8.281 ; 8.087 ; 7.900 ; 7.679 ; 7.461 ; 7.271 ; 7.071 ; 6.894 ; 6.742 ; 6.659 ; 6.410 ; 6.228 ; 6.060 ; 5.935 ; 5.793 ; 5.619 ; 5.472 ; 5.350 ; 5.233 ; 
41.948 ; 41.634 ; 41.041 ; 40.457 ; 39.645 ; 38.715 ; 38.045 ; 37.467 ; 37.017 ; 36.785 ; 36.523 ; 35.323 ; 34.212 ; 33.677 ; 32.949 ; 31.838 ; 31.089 ; 30.396 ; 29.945 ; 30.044 ; 30.423 ; 30.696 ; 30.479 ; 30.086 ; 29.603 ; 28.736 ; 27.934 ; 27.170 ; 26.600 ; 25.950 ; 25.305 ; 24.586 ; 23.910 ; 23.249 ; 22.640 ; 21.994 ; 21.551 ; 21.340 ; 21.285 ; 21.211 ; 21.072 ; 20.725 ; 18.164 ; 16.726 ; 17.796 ; 18.900 ; 19.052 ; 18.748 ; 18.325 ; 17.888 ; 17.469 ; 17.002 ; 16.660 ; 16.441 ; 16.317 ; 16.237 ; 16.105 ; 15.930 ; 15.732 ; 15.505 ; 15.301 ; 15.078 ; 14.855 ; 14.633 ; 14.384 ; 14.144 ; 13.915 ; 13.698 ; 13.514 ; 13.316 ; 13.106 ; 12.932 ; 12.759 ; 12.564 ; 12.329 ; 12.090 ; 11.807 ; 11.515 ; 11.218 ; 10.884 ; 10.552 ; 10.227 ; 9.902 ; 9.591 ; 9.280 ; 8.966 ; 8.642 ; 8.346 ; 8.035 ; 7.768 ; 7.499 ; 7.247 ; 6.989 ; 6.771 ; 6.562 ; 6.387 ; 6.222 ; 6.061 ; 5.920 ; 5.774 ; 
42.595 ; 42.313 ; 41.680 ; 41.106 ; 40.231 ; 39.483 ; 38.836 ; 38.129 ; 37.610 ; 37.382 ; 36.180 ; 35.314 ; 34.617 ; 34.050 ; 33.604 ; 33.328 ; 32.351 ; 31.333 ; 31.123 ; 31.258 ; 31.483 ; 31.457 ; 30.994 ; 30.403 ; 29.861 ; 29.318 ; 28.725 ; 28.053 ; 27.437 ; 27.056 ; 26.709 ; 25.720 ; 24.756 ; 24.072 ; 23.787 ; 23.677 ; 23.236 ; 22.602 ; 22.220 ; 22.003 ; 21.792 ; 21.402 ; 21.057 ; 20.754 ; 20.485 ; 20.246 ; 20.012 ; 19.791 ; 19.613 ; 19.452 ; 17.900 ; 17.236 ; 16.940 ; 16.671 ; 16.518 ; 16.422 ; 16.286 ; 16.128 ; 15.978 ; 15.897 ; 15.831 ; 15.718 ; 15.560 ; 15.427 ; 15.261 ; 15.046 ; 14.792 ; 14.525 ; 14.227 ; 13.883 ; 12.344 ; 10.292 ; 9.922 ; 9.933 ; 9.923 ; 9.833 ; 9.665 ; 9.462 ; 9.238 ; 9.082 ; 8.947 ; 8.713 ; 8.463 ; 8.284 ; 8.102 ; 7.896 ; 7.708 ; 7.492 ; 7.310 ; 7.107 ; 6.929 ; 6.758 ; 6.645 ; 6.470 ; 6.343 ; 6.204 ; 6.056 ; 5.908 ; 5.803 ; 5.757 ; 
42.545 ; 42.234 ; 41.641 ; 40.999 ; 40.298 ; 39.679 ; 38.855 ; 38.061 ; 37.633 ; 36.663 ; 35.818 ; 35.092 ; 34.553 ; 34.048 ; 33.484 ; 32.914 ; 32.364 ; 31.592 ; 31.327 ; 31.400 ; 31.384 ; 31.112 ; 30.584 ; 30.202 ; 29.429 ; 28.680 ; 27.983 ; 27.240 ; 26.594 ; 26.010 ; 25.364 ; 24.734 ; 24.094 ; 23.512 ; 23.035 ; 22.656 ; 22.351 ; 22.057 ; 21.590 ; 21.359 ; 21.224 ; 21.097 ; 20.937 ; 20.769 ; 20.589 ; 20.418 ; 20.174 ; 19.920 ; 19.670 ; 19.459 ; 19.270 ; 19.099 ; 18.881 ; 18.673 ; 18.453 ; 18.208 ; 17.974 ; 17.715 ; 17.460 ; 17.215 ; 16.978 ; 16.797 ; 16.680 ; 16.615 ; 15.964 ; 13.068 ; 11.506 ; 11.292 ; 11.589 ; 11.787 ; 11.680 ; 10.567 ; 10.114 ; 9.968 ; 9.899 ; 9.770 ; 9.601 ; 9.411 ; 9.171 ; 9.020 ; 8.880 ; 8.598 ; 8.367 ; 8.229 ; 8.058 ; 7.835 ; 7.663 ; 7.487 ; 7.285 ; 7.089 ; 6.922 ; 6.755 ; 6.619 ; 6.460 ; 6.351 ; 6.226 ; 6.062 ; 5.956 ; 5.895 ; 5.860 ; 
42.642 ; 42.402 ; 41.798 ; 41.070 ; 40.471 ; 39.668 ; 38.753 ; 38.210 ; 38.089 ; 38.040 ; 37.952 ; 37.883 ; 36.540 ; 34.758 ; 33.827 ; 33.358 ; 32.604 ; 31.729 ; 31.671 ; 31.888 ; 31.823 ; 31.516 ; 30.786 ; 29.923 ; 29.067 ; 28.466 ; 27.934 ; 27.239 ; 26.638 ; 26.108 ; 25.382 ; 24.701 ; 24.065 ; 23.510 ; 22.909 ; 22.317 ; 21.881 ; 21.316 ; 20.917 ; 20.718 ; 20.579 ; 20.435 ; 20.222 ; 19.976 ; 19.719 ; 19.449 ; 19.146 ; 18.803 ; 18.430 ; 18.082 ; 17.741 ; 17.429 ; 17.161 ; 16.893 ; 16.648 ; 16.424 ; 16.226 ; 16.047 ; 15.894 ; 15.752 ; 15.653 ; 15.559 ; 15.437 ; 15.366 ; 15.341 ; 15.399 ; 15.489 ; 15.591 ; 15.721 ; 15.835 ; 15.950 ; 16.069 ; 16.155 ; 16.249 ; 16.314 ; 16.366 ; 16.429 ; 16.498 ; 16.556 ; 12.348 ; 8.555 ; 7.913 ; 7.919 ; 7.922 ; 7.804 ; 7.661 ; 7.488 ; 7.344 ; 7.188 ; 6.994 ; 6.831 ; 6.684 ; 6.578 ; 6.401 ; 6.298 ; 6.203 ; 6.045 ; 5.929 ; 5.870 ; 5.915 ; 
42.814 ; 42.679 ; 42.128 ; 41.321 ; 40.530 ; 39.619 ; 39.071 ; 39.071 ; 38.891 ; 38.596 ; 38.509 ; 38.516 ; 38.556 ; 38.580 ; 38.567 ; 38.510 ; 38.381 ; 38.360 ; 38.492 ; 34.341 ; 30.868 ; 28.886 ; 28.575 ; 29.211 ; 29.092 ; 28.766 ; 28.100 ; 27.220 ; 26.580 ; 25.961 ; 25.192 ; 24.486 ; 23.849 ; 23.222 ; 22.595 ; 22.049 ; 21.554 ; 21.017 ; 20.459 ; 20.025 ; 19.830 ; 19.728 ; 19.643 ; 19.545 ; 19.418 ; 19.252 ; 19.053 ; 18.859 ; 18.679 ; 18.491 ; 18.307 ; 18.146 ; 18.013 ; 17.895 ; 17.804 ; 17.727 ; 17.629 ; 17.513 ; 17.399 ; 17.309 ; 17.294 ; 17.264 ; 17.290 ; 17.330 ; 17.398 ; 17.474 ; 17.534 ; 17.597 ; 17.671 ; 17.765 ; 17.898 ; 17.976 ; 12.713 ; 8.716 ; 9.153 ; 9.468 ; 9.429 ; 9.298 ; 9.090 ; 8.932 ; 8.709 ; 8.414 ; 8.192 ; 8.020 ; 7.837 ; 7.645 ; 7.460 ; 7.338 ; 7.162 ; 7.007 ; 6.851 ; 6.706 ; 6.553 ; 6.402 ; 6.319 ; 6.198 ; 6.054 ; 5.963 ; 5.922 ; 6.002 ; 
43.268 ; 43.038 ; 42.425 ; 41.585 ; 40.746 ; 40.063 ; 39.863 ; 39.551 ; 38.774 ; 38.052 ; 37.435 ; 36.964 ; 36.563 ; 36.231 ; 35.947 ; 35.707 ; 35.464 ; 35.240 ; 35.016 ; 34.773 ; 34.534 ; 34.297 ; 34.068 ; 33.833 ; 33.611 ; 33.376 ; 33.150 ; 32.941 ; 32.746 ; 32.563 ; 32.396 ; 31.929 ; 26.019 ; 23.608 ; 23.272 ; 22.441 ; 21.639 ; 21.138 ; 20.540 ; 19.996 ; 19.587 ; 19.288 ; 19.084 ; 18.936 ; 18.814 ; 18.704 ; 18.605 ; 18.484 ; 18.406 ; 18.341 ; 18.289 ; 18.197 ; 18.128 ; 18.056 ; 18.049 ; 18.076 ; 18.145 ; 18.232 ; 18.328 ; 18.435 ; 18.515 ; 18.060 ; 15.050 ; 14.177 ; 13.966 ; 13.905 ; 13.854 ; 13.735 ; 13.531 ; 13.217 ; 12.917 ; 12.643 ; 12.429 ; 12.192 ; 12.002 ; 11.827 ; 11.632 ; 11.479 ; 11.307 ; 11.068 ; 10.846 ; 10.654 ; 10.503 ; 10.368 ; 10.325 ; 10.378 ; 8.977 ; 7.095 ; 6.696 ; 6.683 ; 6.645 ; 6.560 ; 6.457 ; 6.340 ; 6.263 ; 6.165 ; 5.996 ; 5.901 ; 5.895 ; 6.008 ; 
43.421 ; 43.157 ; 42.504 ; 41.618 ; 40.920 ; 40.488 ; 40.279 ; 39.774 ; 38.886 ; 38.219 ; 37.672 ; 37.181 ; 36.847 ; 36.547 ; 35.550 ; 35.001 ; 34.717 ; 34.326 ; 33.553 ; 32.720 ; 32.007 ; 31.211 ; 30.492 ; 29.783 ; 29.119 ; 28.469 ; 27.795 ; 27.115 ; 26.519 ; 25.951 ; 25.172 ; 24.415 ; 23.965 ; 23.149 ; 22.501 ; 22.100 ; 21.588 ; 20.960 ; 20.465 ; 20.097 ; 19.640 ; 19.192 ; 18.838 ; 18.648 ; 18.522 ; 18.448 ; 18.455 ; 18.469 ; 18.452 ; 18.457 ; 18.494 ; 18.559 ; 18.651 ; 18.644 ; 18.403 ; 16.593 ; 15.683 ; 15.378 ; 15.215 ; 15.104 ; 14.970 ; 14.856 ; 14.669 ; 14.494 ; 14.399 ; 14.327 ; 14.266 ; 14.102 ; 13.803 ; 13.571 ; 13.411 ; 13.233 ; 12.952 ; 12.712 ; 12.572 ; 12.417 ; 12.214 ; 11.999 ; 11.775 ; 11.587 ; 11.379 ; 11.130 ; 10.865 ; 10.580 ; 10.318 ; 10.115 ; 9.910 ; 9.695 ; 9.458 ; 9.169 ; 8.866 ; 8.554 ; 8.271 ; 8.077 ; 8.027 ; 7.958 ; 7.806 ; 7.557 ; 7.261 ; 6.929 ; 
44.131 ; 44.064 ; 43.882 ; 42.755 ; 41.686 ; 41.273 ; 40.865 ; 40.438 ; 40.007 ; 39.561 ; 39.096 ; 38.665 ; 38.162 ; 37.629 ; 37.097 ; 36.626 ; 36.190 ; 35.703 ; 35.180 ; 34.630 ; 34.058 ; 33.450 ; 32.826 ; 32.202 ; 31.587 ; 30.983 ; 30.412 ; 29.884 ; 29.457 ; 29.616 ; 26.074 ; 24.186 ; 23.284 ; 22.590 ; 22.033 ; 21.696 ; 21.395 ; 20.865 ; 20.330 ; 19.842 ; 19.440 ; 19.054 ; 18.713 ; 18.405 ; 18.360 ; 18.256 ; 18.200 ; 18.205 ; 18.236 ; 18.362 ; 18.564 ; 18.727 ; 18.397 ; 16.960 ; 16.118 ; 15.744 ; 15.561 ; 15.371 ; 15.170 ; 14.998 ; 14.834 ; 14.668 ; 14.524 ; 14.339 ; 14.162 ; 13.985 ; 13.848 ; 13.713 ; 13.536 ; 13.368 ; 13.205 ; 12.969 ; 12.734 ; 12.544 ; 12.387 ; 12.309 ; 12.207 ; 12.098 ; 11.974 ; 11.797 ; 11.572 ; 11.439 ; 11.337 ; 11.274 ; 11.230 ; 11.166 ; 11.086 ; 11.029 ; 10.998 ; 10.952 ; 10.826 ; 10.653 ; 10.467 ; 10.274 ; 10.079 ; 9.910 ; 9.726 ; 9.580 ; 9.425 ; 9.292 ; 
44.936 ; 45.003 ; 45.116 ; 44.969 ; 44.809 ; 44.637 ; 44.412 ; 44.177 ; 43.965 ; 43.756 ; 43.565 ; 43.466 ; 43.295 ; 43.073 ; 42.649 ; 42.240 ; 41.927 ; 41.620 ; 41.287 ; 40.968 ; 40.606 ; 40.189 ; 39.750 ; 39.285 ; 38.819 ; 38.358 ; 37.916 ; 37.517 ; 37.143 ; 36.773 ; 36.389 ; 35.975 ; 35.551 ; 35.140 ; 34.722 ; 34.326 ; 33.926 ; 33.522 ; 33.117 ; 32.734 ; 32.329 ; 31.941 ; 31.537 ; 31.154 ; 30.814 ; 30.542 ; 30.382 ; 24.735 ; 18.159 ; 16.842 ; 16.721 ; 16.561 ; 16.148 ; 16.113 ; 15.850 ; 15.351 ; 15.086 ; 14.880 ; 14.696 ; 14.552 ; 14.383 ; 14.227 ; 14.043 ; 13.867 ; 13.745 ; 13.621 ; 13.570 ; 13.345 ; 13.056 ; 12.828 ; 12.762 ; 12.608 ; 12.352 ; 12.297 ; 12.197 ; 12.077 ; 12.077 ; 12.067 ; 12.002 ; 11.910 ; 11.771 ; 11.603 ; 11.435 ; 11.275 ; 11.141 ; 11.026 ; 10.964 ; 10.888 ; 10.779 ; 10.675 ; 10.595 ; 10.500 ; 10.399 ; 10.320 ; 10.319 ; 10.300 ; 10.260 ; 10.172 ; 10.113 ; 10.022 ; 
46.108 ; 45.905 ; 45.455 ; 44.853 ; 44.141 ; 43.386 ; 42.940 ; 42.709 ; 42.527 ; 42.371 ; 42.210 ; 42.028 ; 41.860 ; 41.702 ; 41.264 ; 40.716 ; 40.262 ; 39.887 ; 39.568 ; 39.248 ; 38.908 ; 38.591 ; 38.245 ; 37.867 ; 37.451 ; 37.018 ; 36.598 ; 36.216 ; 35.882 ; 35.572 ; 35.283 ; 35.017 ; 34.773 ; 34.541 ; 34.307 ; 34.115 ; 33.927 ; 33.729 ; 33.520 ; 33.317 ; 33.153 ; 32.999 ; 32.902 ; 32.834 ; 32.784 ; 32.750 ; 32.776 ; 25.984 ; 18.254 ; 16.686 ; 16.505 ; 16.234 ; 15.823 ; 15.505 ; 15.351 ; 15.197 ; 15.062 ; 14.861 ; 14.709 ; 14.522 ; 14.355 ; 14.208 ; 14.034 ; 13.895 ; 13.752 ; 13.614 ; 13.434 ; 13.233 ; 12.994 ; 12.796 ; 12.590 ; 12.401 ; 12.247 ; 12.102 ; 11.903 ; 11.723 ; 11.687 ; 11.658 ; 11.631 ; 11.559 ; 11.440 ; 11.269 ; 11.083 ; 10.911 ; 10.741 ; 10.581 ; 10.483 ; 10.471 ; 10.441 ; 10.389 ; 10.323 ; 10.274 ; 10.212 ; 10.139 ; 10.058 ; 9.962 ; 9.859 ; 9.785 ; 9.703 ; 9.598 ; 
46.417 ; 46.203 ; 45.636 ; 44.921 ; 44.332 ; 43.567 ; 42.865 ; 42.510 ; 42.310 ; 42.150 ; 41.985 ; 41.816 ; 41.629 ; 41.433 ; 41.208 ; 40.973 ; 40.751 ; 40.497 ; 40.067 ; 39.608 ; 39.125 ; 38.645 ; 38.175 ; 37.715 ; 37.277 ; 36.866 ; 36.481 ; 36.105 ; 35.719 ; 35.357 ; 35.026 ; 34.727 ; 34.435 ; 34.176 ; 33.932 ; 33.715 ; 33.507 ; 33.341 ; 33.156 ; 32.979 ; 32.855 ; 32.748 ; 32.679 ; 32.745 ; 33.036 ; 33.655 ; 34.504 ; 27.202 ; 18.636 ; 16.643 ; 16.210 ; 15.907 ; 15.639 ; 15.353 ; 15.136 ; 15.049 ; 14.960 ; 14.774 ; 14.591 ; 14.437 ; 14.289 ; 14.137 ; 14.008 ; 13.865 ; 13.698 ; 13.537 ; 13.342 ; 13.143 ; 12.934 ; 12.737 ; 12.527 ; 12.305 ; 12.152 ; 12.074 ; 11.970 ; 11.799 ; 11.652 ; 11.588 ; 11.525 ; 11.417 ; 11.264 ; 11.112 ; 10.957 ; 10.856 ; 10.771 ; 10.704 ; 10.635 ; 10.583 ; 10.538 ; 10.498 ; 10.429 ; 10.392 ; 10.313 ; 10.244 ; 10.164 ; 10.101 ; 10.023 ; 9.923 ; 9.830 ; 9.724 ; 
45.663 ; 45.488 ; 45.007 ; 44.434 ; 43.693 ; 43.001 ; 42.184 ; 41.600 ; 41.281 ; 41.104 ; 40.901 ; 40.673 ; 40.421 ; 40.120 ; 39.795 ; 39.475 ; 39.119 ; 36.751 ; 32.493 ; 30.575 ; 29.650 ; 28.996 ; 28.453 ; 27.975 ; 27.381 ; 26.717 ; 26.132 ; 25.556 ; 24.819 ; 24.223 ; 23.372 ; 22.700 ; 22.123 ; 21.518 ; 21.082 ; 20.749 ; 20.237 ; 19.704 ; 19.263 ; 18.950 ; 18.518 ; 18.165 ; 17.763 ; 17.440 ; 17.606 ; 18.012 ; 18.018 ; 17.718 ; 17.368 ; 16.969 ; 16.346 ; 15.769 ; 15.341 ; 15.098 ; 14.905 ; 14.765 ; 14.595 ; 14.432 ; 14.344 ; 14.236 ; 14.101 ; 13.981 ; 13.805 ; 13.645 ; 13.473 ; 13.264 ; 13.033 ; 12.791 ; 12.534 ; 12.386 ; 12.203 ; 11.995 ; 11.765 ; 11.614 ; 11.565 ; 11.497 ; 11.294 ; 10.999 ; 10.848 ; 10.708 ; 10.569 ; 10.422 ; 10.310 ; 10.196 ; 10.070 ; 9.933 ; 9.782 ; 9.652 ; 9.543 ; 9.431 ; 9.305 ; 9.180 ; 9.057 ; 8.926 ; 8.796 ; 8.664 ; 8.542 ; 8.407 ; 8.234 ; 8.075 ; 
45.487 ; 45.243 ; 44.661 ; 43.929 ; 43.177 ; 42.434 ; 41.770 ; 40.953 ; 40.017 ; 39.250 ; 38.715 ; 38.486 ; 38.501 ; 38.494 ; 38.329 ; 37.171 ; 36.714 ; 36.598 ; 36.610 ; 36.693 ; 36.724 ; 36.713 ; 36.682 ; 33.990 ; 28.554 ; 26.538 ; 25.608 ; 24.957 ; 24.257 ; 23.640 ; 22.941 ; 22.243 ; 21.804 ; 21.412 ; 20.934 ; 20.524 ; 19.932 ; 19.393 ; 18.980 ; 18.618 ; 18.215 ; 17.777 ; 17.348 ; 17.119 ; 17.665 ; 17.925 ; 17.766 ; 17.327 ; 16.897 ; 16.304 ; 15.716 ; 15.327 ; 14.953 ; 14.724 ; 14.534 ; 14.302 ; 14.064 ; 13.970 ; 13.936 ; 13.921 ; 13.862 ; 13.714 ; 13.438 ; 13.273 ; 13.121 ; 12.965 ; 12.756 ; 12.502 ; 12.234 ; 11.980 ; 11.748 ; 11.501 ; 11.323 ; 11.208 ; 11.142 ; 11.058 ; 10.952 ; 10.755 ; 10.466 ; 10.150 ; 9.820 ; 9.539 ; 9.213 ; 7.605 ; 6.307 ; 5.835 ; 5.690 ; 5.569 ; 5.466 ; 5.425 ; 5.306 ; 5.220 ; 5.125 ; 5.017 ; 5.072 ; 5.199 ; 5.355 ; 5.410 ; 5.391 ; 5.388 ; 
44.567 ; 44.336 ; 43.842 ; 43.306 ; 42.609 ; 41.718 ; 40.923 ; 40.071 ; 39.176 ; 38.393 ; 37.823 ; 37.350 ; 37.190 ; 37.071 ; 36.474 ; 35.609 ; 34.908 ; 31.572 ; 29.822 ; 28.966 ; 28.370 ; 27.780 ; 27.218 ; 26.635 ; 25.969 ; 25.347 ; 24.673 ; 24.045 ; 23.401 ; 22.922 ; 22.163 ; 21.580 ; 21.014 ; 20.572 ; 20.116 ; 19.629 ; 19.292 ; 18.852 ; 18.285 ; 17.814 ; 17.421 ; 17.091 ; 16.813 ; 16.719 ; 17.066 ; 17.189 ; 16.912 ; 16.501 ; 16.081 ; 15.522 ; 15.000 ; 14.617 ; 14.208 ; 13.989 ; 13.811 ; 13.590 ; 13.368 ; 13.257 ; 13.303 ; 13.314 ; 13.233 ; 13.113 ; 12.917 ; 12.708 ; 12.465 ; 12.227 ; 11.988 ; 11.741 ; 11.583 ; 11.350 ; 11.166 ; 10.994 ; 10.886 ; 10.808 ; 10.659 ; 10.381 ; 10.035 ; 9.699 ; 9.472 ; 9.383 ; 9.255 ; 9.089 ; 8.917 ; 8.754 ; 8.618 ; 8.484 ; 8.335 ; 8.183 ; 8.010 ; 7.756 ; 7.449 ; 7.117 ; 6.786 ; 6.456 ; 6.114 ; 5.763 ; 5.410 ; 5.047 ; 4.685 ; 4.338 ; 
43.864 ; 43.663 ; 43.245 ; 42.680 ; 41.882 ; 41.055 ; 40.235 ; 39.456 ; 38.603 ; 37.788 ; 37.184 ; 36.635 ; 36.299 ; 36.072 ; 35.428 ; 34.361 ; 31.600 ; 29.862 ; 28.964 ; 28.308 ; 27.700 ; 27.111 ; 26.532 ; 25.936 ; 25.215 ; 24.613 ; 24.019 ; 23.451 ; 22.891 ; 22.579 ; 21.887 ; 20.960 ; 20.472 ; 20.125 ; 19.799 ; 19.478 ; 19.324 ; 18.651 ; 17.669 ; 17.313 ; 17.571 ; 17.804 ; 17.681 ; 17.302 ; 16.952 ; 16.549 ; 16.134 ; 15.766 ; 15.274 ; 14.645 ; 14.203 ; 13.870 ; 13.638 ; 13.461 ; 13.290 ; 13.070 ; 12.812 ; 12.714 ; 12.781 ; 12.814 ; 12.741 ; 12.610 ; 12.429 ; 12.158 ; 11.884 ; 11.657 ; 11.489 ; 11.298 ; 11.015 ; 10.696 ; 10.420 ; 10.212 ; 10.141 ; 9.990 ; 9.782 ; 9.624 ; 9.407 ; 9.091 ; 8.911 ; 8.817 ; 8.720 ; 8.547 ; 8.381 ; 8.257 ; 8.080 ; 7.922 ; 7.745 ; 7.575 ; 7.402 ; 7.211 ; 6.977 ; 6.708 ; 6.417 ; 6.092 ; 5.797 ; 5.122 ; 4.800 ; 4.548 ; 4.252 ; 4.160 ; 
43.624 ; 43.541 ; 43.025 ; 42.277 ; 41.534 ; 40.845 ; 40.034 ; 39.195 ; 38.290 ; 37.611 ; 36.988 ; 36.468 ; 35.921 ; 35.618 ; 34.017 ; 31.437 ; 30.295 ; 29.371 ; 28.661 ; 28.067 ; 27.430 ; 26.869 ; 26.288 ; 25.675 ; 24.960 ; 24.398 ; 24.182 ; 24.161 ; 24.105 ; 23.232 ; 22.746 ; 22.562 ; 21.806 ; 20.387 ; 19.964 ; 19.785 ; 19.804 ; 19.877 ; 20.014 ; 20.096 ; 20.042 ; 18.821 ; 17.597 ; 17.029 ; 16.705 ; 16.398 ; 16.047 ; 15.633 ; 15.076 ; 14.544 ; 14.148 ; 13.878 ; 13.706 ; 13.511 ; 13.301 ; 13.082 ; 12.845 ; 12.833 ; 12.909 ; 12.911 ; 12.837 ; 12.682 ; 12.518 ; 12.289 ; 12.037 ; 11.811 ; 11.618 ; 11.482 ; 11.188 ; 10.906 ; 10.696 ; 10.522 ; 10.426 ; 10.292 ; 9.986 ; 9.620 ; 9.391 ; 9.268 ; 9.261 ; 9.223 ; 9.029 ; 8.745 ; 8.606 ; 8.400 ; 8.207 ; 7.885 ; 7.557 ; 7.260 ; 6.920 ; 6.100 ; 5.475 ; 5.067 ; 4.799 ; 4.602 ; 4.478 ; 4.423 ; 4.495 ; 4.706 ; 4.467 ; 4.434 ; 
43.872 ; 43.763 ; 43.118 ; 42.347 ; 41.606 ; 40.770 ; 40.036 ; 39.292 ; 38.470 ; 37.659 ; 37.003 ; 36.371 ; 36.027 ; 35.735 ; 34.909 ; 31.931 ; 30.482 ; 29.539 ; 28.849 ; 28.285 ; 27.662 ; 27.066 ; 26.466 ; 25.693 ; 25.123 ; 24.748 ; 24.511 ; 24.369 ; 23.885 ; 23.166 ; 22.826 ; 22.167 ; 21.204 ; 20.706 ; 20.622 ; 20.309 ; 20.164 ; 20.189 ; 20.208 ; 20.213 ; 20.148 ; 20.038 ; 19.906 ; 19.741 ; 19.546 ; 19.331 ; 19.083 ; 18.375 ; 15.345 ; 14.481 ; 13.913 ; 13.588 ; 13.417 ; 13.310 ; 13.143 ; 12.951 ; 12.736 ; 12.736 ; 12.808 ; 12.822 ; 12.707 ; 12.535 ; 12.364 ; 12.097 ; 11.860 ; 11.656 ; 11.421 ; 11.214 ; 10.995 ; 10.826 ; 10.633 ; 10.482 ; 10.324 ; 10.078 ; 9.766 ; 9.460 ; 9.219 ; 9.073 ; 8.932 ; 8.766 ; 8.533 ; 8.404 ; 8.348 ; 8.268 ; 8.088 ; 7.873 ; 7.627 ; 7.381 ; 7.138 ; 6.898 ; 6.685 ; 6.528 ; 6.356 ; 6.235 ; 6.184 ; 5.817 ; 5.315 ; 4.855 ; 4.422 ; 4.372 ; 
44.109 ; 43.799 ; 43.203 ; 42.538 ; 41.826 ; 41.073 ; 40.266 ; 39.403 ; 38.601 ; 37.929 ; 37.270 ; 36.670 ; 35.941 ; 35.195 ; 33.660 ; 31.598 ; 30.497 ; 29.794 ; 29.178 ; 28.598 ; 27.959 ; 27.282 ; 26.575 ; 25.967 ; 25.544 ; 25.114 ; 24.701 ; 24.073 ; 23.471 ; 22.853 ; 22.413 ; 21.657 ; 21.256 ; 21.406 ; 21.592 ; 21.505 ; 20.854 ; 20.426 ; 20.087 ; 19.529 ; 19.022 ; 18.592 ; 18.132 ; 17.716 ; 17.408 ; 17.096 ; 16.736 ; 16.335 ; 15.621 ; 15.144 ; 14.699 ; 14.472 ; 14.309 ; 14.132 ; 13.928 ; 13.749 ; 13.558 ; 13.566 ; 13.598 ; 13.541 ; 13.481 ; 13.344 ; 13.172 ; 12.923 ; 12.707 ; 12.509 ; 12.226 ; 11.964 ; 11.781 ; 11.652 ; 11.490 ; 11.306 ; 11.099 ; 10.877 ; 10.622 ; 10.318 ; 10.088 ; 9.863 ; 9.686 ; 9.471 ; 9.282 ; 9.098 ; 9.004 ; 8.867 ; 8.686 ; 8.470 ; 8.261 ; 8.095 ; 7.950 ; 7.799 ; 7.602 ; 7.371 ; 7.104 ; 6.841 ; 6.513 ; 6.148 ; 5.785 ; 5.406 ; 5.178 ; 4.999 ; 
44.419 ; 44.199 ; 43.692 ; 43.006 ; 42.202 ; 41.381 ; 40.517 ; 39.817 ; 39.048 ; 38.366 ; 37.651 ; 36.705 ; 35.665 ; 35.276 ; 34.150 ; 32.004 ; 30.871 ; 30.217 ; 29.634 ; 29.052 ; 28.387 ; 27.655 ; 26.965 ; 26.477 ; 26.018 ; 25.509 ; 24.949 ; 24.382 ; 23.854 ; 23.305 ; 22.921 ; 22.736 ; 22.541 ; 22.298 ; 22.013 ; 21.696 ; 21.248 ; 20.700 ; 20.131 ; 19.596 ; 19.116 ; 18.669 ; 18.395 ; 18.083 ; 17.672 ; 17.267 ; 16.901 ; 16.520 ; 16.140 ; 15.446 ; 14.817 ; 14.591 ; 14.445 ; 14.283 ; 14.128 ; 13.942 ; 13.834 ; 13.835 ; 13.793 ; 13.695 ; 13.592 ; 13.445 ; 13.219 ; 12.982 ; 12.773 ; 12.566 ; 12.361 ; 12.168 ; 11.965 ; 11.814 ; 11.656 ; 11.451 ; 11.269 ; 11.062 ; 10.869 ; 10.624 ; 10.365 ; 10.157 ; 9.941 ; 9.692 ; 9.482 ; 9.399 ; 9.273 ; 9.138 ; 8.946 ; 8.744 ; 8.587 ; 8.316 ; 8.087 ; 7.915 ; 7.724 ; 7.503 ; 7.291 ; 7.069 ; 6.842 ; 6.426 ; 5.964 ; 5.681 ; 5.643 ; 5.687 ; 
44.690 ; 44.463 ; 43.957 ; 43.299 ; 42.526 ; 41.697 ; 40.887 ; 40.210 ; 39.498 ; 38.796 ; 37.713 ; 36.579 ; 35.772 ; 34.945 ; 32.932 ; 31.830 ; 31.132 ; 30.562 ; 29.895 ; 29.347 ; 28.714 ; 28.039 ; 27.492 ; 26.954 ; 26.371 ; 25.981 ; 25.924 ; 25.968 ; 25.953 ; 25.800 ; 25.487 ; 25.237 ; 25.055 ; 24.935 ; 24.772 ; 24.532 ; 24.244 ; 23.961 ; 23.684 ; 23.479 ; 23.246 ; 23.111 ; 23.020 ; 22.851 ; 22.595 ; 22.284 ; 21.944 ; 21.693 ; 21.577 ; 18.506 ; 15.455 ; 14.853 ; 14.792 ; 14.711 ; 14.578 ; 14.439 ; 14.320 ; 14.321 ; 14.301 ; 14.223 ; 14.100 ; 13.957 ; 13.799 ; 13.612 ; 13.368 ; 13.183 ; 12.946 ; 12.734 ; 12.547 ; 12.351 ; 12.190 ; 11.998 ; 11.802 ; 11.596 ; 11.381 ; 11.178 ; 10.980 ; 10.762 ; 10.537 ; 10.313 ; 10.042 ; 9.943 ; 9.883 ; 9.794 ; 9.689 ; 9.509 ; 9.279 ; 9.108 ; 8.919 ; 8.744 ; 8.542 ; 8.353 ; 8.111 ; 7.814 ; 7.638 ; 7.409 ; 6.964 ; 6.505 ; 6.290 ; 6.328 ; 
45.302 ; 44.994 ; 44.412 ; 43.780 ; 42.992 ; 42.172 ; 41.407 ; 40.677 ; 39.906 ; 39.222 ; 38.237 ; 37.066 ; 35.731 ; 34.424 ; 33.067 ; 32.208 ; 31.580 ; 31.069 ; 30.444 ; 29.903 ; 29.141 ; 28.552 ; 28.055 ; 27.535 ; 26.975 ; 27.318 ; 27.974 ; 27.888 ; 27.402 ; 26.768 ; 25.997 ; 25.294 ; 24.595 ; 24.016 ; 23.367 ; 22.740 ; 22.258 ; 21.812 ; 21.353 ; 20.866 ; 20.300 ; 19.781 ; 19.430 ; 19.091 ; 18.621 ; 18.217 ; 17.830 ; 17.192 ; 16.642 ; 16.262 ; 15.907 ; 15.685 ; 15.504 ; 15.330 ; 15.143 ; 14.985 ; 14.869 ; 14.875 ; 14.823 ; 14.726 ; 14.598 ; 14.430 ; 14.266 ; 14.055 ; 13.867 ; 13.644 ; 13.457 ; 13.262 ; 13.052 ; 12.888 ; 12.704 ; 12.483 ; 12.263 ; 12.082 ; 11.899 ; 11.674 ; 11.424 ; 11.228 ; 10.964 ; 10.740 ; 10.504 ; 10.395 ; 10.281 ; 10.156 ; 10.045 ; 9.896 ; 9.716 ; 9.564 ; 9.397 ; 9.214 ; 8.893 ; 8.570 ; 8.409 ; 8.249 ; 8.064 ; 7.825 ; 7.379 ; 6.893 ; 6.774 ; 6.846 ; 
45.369 ; 45.122 ; 44.547 ; 43.800 ; 43.041 ; 42.264 ; 41.545 ; 40.863 ; 40.137 ; 39.376 ; 38.192 ; 37.117 ; 36.017 ; 35.417 ; 34.196 ; 32.595 ; 31.745 ; 31.180 ; 30.549 ; 30.069 ; 29.294 ; 28.693 ; 28.223 ; 27.661 ; 27.925 ; 28.582 ; 28.813 ; 28.401 ; 27.718 ; 26.931 ; 26.092 ; 25.386 ; 24.734 ; 24.180 ; 23.590 ; 23.017 ; 22.500 ; 21.989 ; 21.496 ; 21.067 ; 20.546 ; 20.112 ; 19.753 ; 19.243 ; 18.790 ; 18.409 ; 18.017 ; 17.266 ; 16.763 ; 16.409 ; 16.132 ; 15.887 ; 15.708 ; 15.517 ; 15.341 ; 15.158 ; 15.029 ; 15.007 ; 14.951 ; 14.865 ; 14.762 ; 14.595 ; 14.408 ; 14.193 ; 14.003 ; 13.822 ; 13.641 ; 13.425 ; 13.214 ; 13.027 ; 12.845 ; 12.681 ; 12.507 ; 12.283 ; 12.087 ; 11.859 ; 11.621 ; 11.449 ; 11.207 ; 10.900 ; 10.655 ; 10.491 ; 10.317 ; 10.116 ; 9.938 ; 9.733 ; 9.562 ; 9.416 ; 9.211 ; 9.022 ; 8.784 ; 8.554 ; 8.344 ; 8.170 ; 8.023 ; 7.916 ; 7.492 ; 7.184 ; 7.115 ; 7.167 ; 
45.425 ; 45.138 ; 44.609 ; 43.921 ; 43.190 ; 42.436 ; 41.761 ; 41.004 ; 40.200 ; 39.398 ; 38.369 ; 37.264 ; 36.130 ; 34.877 ; 33.533 ; 32.546 ; 31.953 ; 31.415 ; 30.812 ; 30.182 ; 29.559 ; 28.956 ; 28.381 ; 28.547 ; 28.938 ; 29.235 ; 29.143 ; 28.704 ; 27.977 ; 27.190 ; 26.504 ; 25.826 ; 25.200 ; 24.478 ; 23.860 ; 23.297 ; 22.769 ; 22.302 ; 21.890 ; 21.416 ; 20.962 ; 20.518 ; 20.017 ; 19.511 ; 19.133 ; 18.771 ; 18.283 ; 17.499 ; 16.993 ; 16.600 ; 16.346 ; 16.114 ; 15.921 ; 15.716 ; 15.538 ; 15.383 ; 15.292 ; 15.246 ; 15.161 ; 15.046 ; 14.951 ; 14.776 ; 14.626 ; 14.431 ; 14.217 ; 14.008 ; 13.813 ; 13.614 ; 13.402 ; 13.174 ; 13.009 ; 12.857 ; 12.664 ; 12.475 ; 12.282 ; 12.057 ; 11.830 ; 11.570 ; 11.296 ; 11.069 ; 10.853 ; 10.699 ; 10.501 ; 10.335 ; 10.229 ; 10.010 ; 9.751 ; 9.563 ; 9.356 ; 9.161 ; 8.938 ; 8.710 ; 8.475 ; 8.238 ; 7.900 ; 7.514 ; 7.230 ; 7.166 ; 7.276 ; 7.464 ; 
45.277 ; 45.022 ; 44.462 ; 43.805 ; 43.083 ; 42.392 ; 41.718 ; 40.913 ; 40.163 ; 39.314 ; 38.043 ; 36.916 ; 35.798 ; 34.776 ; 34.292 ; 34.147 ; 34.115 ; 32.176 ; 30.807 ; 30.052 ; 29.596 ; 28.974 ; 28.480 ; 28.471 ; 28.859 ; 29.224 ; 29.062 ; 28.506 ; 27.867 ; 27.096 ; 26.191 ; 25.554 ; 25.018 ; 24.415 ; 23.827 ; 23.235 ; 22.660 ; 22.236 ; 21.757 ; 21.304 ; 20.748 ; 20.219 ; 19.777 ; 19.299 ; 18.868 ; 18.477 ; 17.881 ; 17.230 ; 16.762 ; 16.457 ; 16.194 ; 15.953 ; 15.758 ; 15.555 ; 15.396 ; 15.228 ; 15.135 ; 15.080 ; 14.983 ; 14.899 ; 14.771 ; 14.604 ; 14.400 ; 14.220 ; 14.022 ; 13.827 ; 13.643 ; 13.406 ; 13.161 ; 12.964 ; 12.799 ; 12.638 ; 12.468 ; 12.280 ; 12.072 ; 11.850 ; 11.623 ; 11.355 ; 11.109 ; 10.918 ; 10.706 ; 10.531 ; 10.368 ; 10.206 ; 10.009 ; 9.781 ; 9.564 ; 9.376 ; 9.218 ; 9.042 ; 8.794 ; 8.536 ; 8.287 ; 8.074 ; 7.842 ; 7.476 ; 7.138 ; 7.052 ; 7.151 ; 7.316 ; 
45.259 ; 44.945 ; 44.381 ; 43.766 ; 43.068 ; 42.430 ; 41.735 ; 40.938 ; 40.066 ; 39.097 ; 37.959 ; 36.891 ; 35.744 ; 34.772 ; 33.992 ; 33.574 ; 32.146 ; 31.301 ; 30.603 ; 30.051 ; 29.476 ; 28.922 ; 28.744 ; 29.037 ; 29.584 ; 29.761 ; 29.331 ; 28.610 ; 27.805 ; 27.024 ; 26.350 ; 25.710 ; 25.143 ; 24.566 ; 23.979 ; 23.402 ; 22.805 ; 22.358 ; 21.877 ; 21.408 ; 20.963 ; 20.464 ; 19.959 ; 19.501 ; 19.079 ; 18.703 ; 18.176 ; 17.428 ; 16.900 ; 16.558 ; 16.296 ; 16.076 ; 15.892 ; 15.722 ; 15.549 ; 15.360 ; 15.287 ; 15.201 ; 15.108 ; 15.021 ; 14.874 ; 14.720 ; 14.492 ; 14.320 ; 14.172 ; 13.970 ; 13.745 ; 13.504 ; 13.260 ; 13.119 ; 12.964 ; 12.786 ; 12.628 ; 12.454 ; 12.246 ; 12.000 ; 11.775 ; 11.545 ; 11.300 ; 11.099 ; 10.926 ; 10.752 ; 10.587 ; 10.354 ; 10.146 ; 9.953 ; 9.814 ; 9.652 ; 9.493 ; 9.274 ; 9.008 ; 8.756 ; 8.482 ; 8.273 ; 7.980 ; 7.626 ; 7.353 ; 7.305 ; 7.408 ; 7.590 ; 
45.033 ; 44.760 ; 44.131 ; 43.484 ; 42.815 ; 42.071 ; 41.390 ; 40.623 ; 39.952 ; 39.034 ; 37.761 ; 36.594 ; 35.573 ; 34.578 ; 33.601 ; 33.104 ; 32.107 ; 31.083 ; 30.328 ; 29.883 ; 29.559 ; 29.632 ; 29.607 ; 29.450 ; 29.584 ; 29.588 ; 29.113 ; 28.346 ; 27.583 ; 26.833 ; 26.077 ; 25.507 ; 24.981 ; 24.367 ; 23.789 ; 23.250 ; 22.720 ; 22.311 ; 21.750 ; 21.234 ; 20.720 ; 20.232 ; 19.821 ; 19.363 ; 18.948 ; 18.496 ; 17.851 ; 17.140 ; 16.613 ; 16.337 ; 16.075 ; 15.866 ; 15.684 ; 15.495 ; 15.329 ; 15.104 ; 15.008 ; 14.914 ; 14.792 ; 14.650 ; 14.519 ; 14.361 ; 14.180 ; 13.990 ; 13.811 ; 13.537 ; 13.300 ; 13.084 ; 12.901 ; 12.773 ; 12.570 ; 12.403 ; 12.225 ; 11.999 ; 11.771 ; 11.543 ; 11.311 ; 11.035 ; 10.822 ; 10.635 ; 10.439 ; 10.236 ; 10.029 ; 9.812 ; 9.599 ; 9.423 ; 9.250 ; 9.064 ; 8.873 ; 8.664 ; 8.409 ; 8.150 ; 7.892 ; 7.698 ; 7.440 ; 7.058 ; 6.806 ; 6.822 ; 6.918 ; 7.058 ; 
43.735 ; 43.429 ; 42.889 ; 42.285 ; 41.556 ; 40.938 ; 40.188 ; 39.434 ; 38.518 ; 37.528 ; 36.419 ; 35.358 ; 34.318 ; 33.361 ; 32.386 ; 31.508 ; 30.608 ; 29.748 ; 29.086 ; 28.628 ; 28.600 ; 29.186 ; 29.855 ; 29.865 ; 29.474 ; 28.885 ; 28.113 ; 27.270 ; 26.518 ; 25.935 ; 25.183 ; 24.574 ; 23.961 ; 23.367 ; 22.834 ; 22.227 ; 21.663 ; 21.098 ; 20.544 ; 20.044 ; 19.575 ; 19.121 ; 18.666 ; 18.230 ; 17.802 ; 17.425 ; 17.088 ; 16.636 ; 15.692 ; 15.068 ; 14.769 ; 14.603 ; 14.451 ; 14.301 ; 14.156 ; 13.909 ; 13.735 ; 13.633 ; 13.496 ; 13.327 ; 13.196 ; 13.002 ; 12.846 ; 12.659 ; 12.453 ; 12.215 ; 11.981 ; 11.789 ; 11.611 ; 11.435 ; 11.233 ; 11.074 ; 10.913 ; 10.698 ; 10.509 ; 10.279 ; 10.047 ; 9.785 ; 9.556 ; 9.383 ; 9.245 ; 9.053 ; 8.846 ; 8.629 ; 8.452 ; 8.305 ; 8.161 ; 7.974 ; 7.774 ; 7.559 ; 7.331 ; 7.107 ; 6.866 ; 6.683 ; 6.444 ; 6.130 ; 5.951 ; 5.883 ; 6.006 ; 6.057 ; 
43.386 ; 43.137 ; 42.631 ; 42.047 ; 41.318 ; 40.623 ; 39.892 ; 39.068 ; 38.216 ; 37.209 ; 36.178 ; 35.160 ; 34.215 ; 33.206 ; 32.201 ; 31.400 ; 30.651 ; 29.603 ; 28.902 ; 28.466 ; 28.560 ; 29.379 ; 29.959 ; 29.923 ; 29.454 ; 28.738 ; 28.066 ; 27.246 ; 26.452 ; 25.747 ; 25.109 ; 24.452 ; 23.850 ; 23.266 ; 22.694 ; 22.114 ; 21.519 ; 20.953 ; 20.434 ; 19.938 ; 19.509 ; 19.085 ; 18.670 ; 18.227 ; 17.765 ; 17.347 ; 16.883 ; 16.260 ; 15.470 ; 15.052 ; 14.757 ; 14.541 ; 14.401 ; 14.227 ; 14.032 ; 13.786 ; 13.699 ; 13.621 ; 13.508 ; 13.355 ; 13.196 ; 13.030 ; 12.900 ; 12.702 ; 12.514 ; 12.268 ; 12.050 ; 11.875 ; 11.731 ; 11.541 ; 11.373 ; 11.202 ; 11.009 ; 10.783 ; 10.581 ; 10.385 ; 10.140 ; 9.899 ; 9.692 ; 9.514 ; 9.358 ; 9.186 ; 9.004 ; 8.789 ; 8.596 ; 8.434 ; 8.266 ; 8.058 ; 7.845 ; 7.632 ; 7.399 ; 7.124 ; 6.894 ; 6.693 ; 6.431 ; 6.183 ; 6.039 ; 6.013 ; 6.048 ; 6.007 ; 
42.565 ; 42.298 ; 41.641 ; 40.975 ; 40.281 ; 39.563 ; 38.813 ; 38.064 ; 37.227 ; 36.289 ; 35.281 ; 34.276 ; 33.405 ; 32.420 ; 31.488 ; 30.535 ; 29.793 ; 29.038 ; 28.269 ; 27.779 ; 28.048 ; 28.899 ; 29.441 ; 29.197 ; 28.628 ; 27.959 ; 27.314 ; 26.587 ; 25.810 ; 25.070 ; 24.329 ; 23.664 ; 23.105 ; 22.531 ; 21.950 ; 21.339 ; 20.793 ; 20.246 ; 19.679 ; 19.208 ; 18.814 ; 18.408 ; 17.979 ; 17.481 ; 16.995 ; 16.590 ; 16.146 ; 15.592 ; 15.069 ; 14.432 ; 13.902 ; 13.608 ; 13.461 ; 13.308 ; 13.057 ; 12.827 ; 12.714 ; 12.597 ; 12.479 ; 12.337 ; 12.184 ; 12.032 ; 11.877 ; 11.669 ; 11.445 ; 11.231 ; 11.050 ; 10.883 ; 10.699 ; 10.506 ; 10.317 ; 10.129 ; 9.965 ; 9.711 ; 9.505 ; 9.285 ; 9.021 ; 8.794 ; 8.576 ; 8.418 ; 8.219 ; 8.032 ; 7.820 ; 7.639 ; 7.450 ; 7.278 ; 7.086 ; 6.890 ; 6.675 ; 6.423 ; 6.192 ; 5.923 ; 5.664 ; 5.491 ; 5.258 ; 5.045 ; 4.932 ; 4.976 ; 5.087 ; 4.929 ; 
42.508 ; 42.271 ; 41.624 ; 40.990 ; 40.352 ; 39.686 ; 38.919 ; 38.217 ; 37.394 ; 36.526 ; 35.585 ; 34.608 ; 33.647 ; 32.800 ; 31.830 ; 30.829 ; 30.264 ; 29.552 ; 28.529 ; 27.953 ; 28.383 ; 29.249 ; 29.643 ; 29.370 ; 28.608 ; 28.048 ; 27.330 ; 26.516 ; 25.831 ; 25.036 ; 24.322 ; 23.790 ; 23.308 ; 22.808 ; 22.260 ; 21.595 ; 21.069 ; 20.585 ; 19.984 ; 19.515 ; 19.035 ; 18.604 ; 18.200 ; 17.693 ; 17.299 ; 16.894 ; 16.422 ; 15.917 ; 15.494 ; 15.260 ; 15.133 ; 14.510 ; 13.756 ; 13.494 ; 13.289 ; 13.106 ; 13.007 ; 12.906 ; 12.780 ; 12.639 ; 12.510 ; 12.339 ; 12.173 ; 12.010 ; 11.808 ; 11.609 ; 11.415 ; 11.239 ; 11.044 ; 10.882 ; 10.709 ; 10.508 ; 10.315 ; 10.086 ; 9.858 ; 9.628 ; 9.401 ; 9.173 ; 8.979 ; 8.820 ; 8.630 ; 8.427 ; 8.248 ; 8.063 ; 7.927 ; 7.738 ; 7.591 ; 7.407 ; 7.197 ; 6.969 ; 6.762 ; 6.544 ; 6.297 ; 6.120 ; 5.964 ; 5.805 ; 5.730 ; 5.768 ; 5.788 ; 5.571 ; 
43.264 ; 42.981 ; 42.355 ; 41.715 ; 40.994 ; 40.300 ; 39.554 ; 38.773 ; 38.016 ; 37.081 ; 36.105 ; 35.106 ; 34.203 ; 33.337 ; 32.351 ; 31.535 ; 30.700 ; 30.212 ; 29.296 ; 28.559 ; 29.006 ; 29.758 ; 30.116 ; 29.856 ; 29.178 ; 28.508 ; 27.726 ; 27.043 ; 26.336 ; 25.571 ; 24.894 ; 24.248 ; 23.672 ; 23.080 ; 22.464 ; 21.911 ; 21.418 ; 20.866 ; 20.397 ; 19.947 ; 19.513 ; 19.028 ; 18.539 ; 18.077 ; 17.671 ; 17.300 ; 16.846 ; 16.304 ; 15.884 ; 15.408 ; 14.929 ; 14.382 ; 14.073 ; 13.862 ; 13.493 ; 13.241 ; 13.184 ; 13.091 ; 12.914 ; 12.759 ; 12.609 ; 12.434 ; 12.257 ; 12.080 ; 11.883 ; 11.658 ; 11.478 ; 11.268 ; 11.085 ; 10.905 ; 10.690 ; 10.484 ; 10.306 ; 10.071 ; 9.807 ; 9.573 ; 9.315 ; 9.087 ; 8.889 ; 8.722 ; 8.523 ; 8.332 ; 8.132 ; 7.935 ; 7.792 ; 7.618 ; 7.471 ; 7.286 ; 7.044 ; 6.762 ; 6.512 ; 6.278 ; 6.060 ; 5.899 ; 5.738 ; 5.572 ; 5.522 ; 5.628 ; 5.764 ; 5.713 ; 
41.718 ; 41.469 ; 40.951 ; 40.343 ; 39.711 ; 39.062 ; 38.403 ; 37.680 ; 36.902 ; 36.008 ; 35.084 ; 34.211 ; 33.325 ; 32.520 ; 31.919 ; 31.053 ; 29.910 ; 29.038 ; 28.381 ; 28.438 ; 30.166 ; 30.482 ; 30.009 ; 29.278 ; 28.539 ; 27.748 ; 27.016 ; 26.331 ; 25.630 ; 24.826 ; 24.155 ; 23.547 ; 22.965 ; 22.338 ; 21.781 ; 21.177 ; 20.600 ; 20.044 ; 19.564 ; 19.106 ; 18.684 ; 18.165 ; 17.661 ; 17.184 ; 16.770 ; 16.340 ; 15.870 ; 15.477 ; 15.077 ; 14.697 ; 14.369 ; 14.028 ; 13.658 ; 13.325 ; 12.907 ; 12.450 ; 12.213 ; 12.049 ; 11.919 ; 11.768 ; 11.599 ; 11.434 ; 11.243 ; 11.074 ; 10.886 ; 10.684 ; 10.476 ; 10.279 ; 10.117 ; 9.966 ; 9.763 ; 9.548 ; 9.345 ; 9.090 ; 8.845 ; 8.622 ; 8.346 ; 8.111 ; 7.927 ; 7.727 ; 7.552 ; 7.364 ; 7.200 ; 7.029 ; 6.857 ; 6.690 ; 6.530 ; 6.310 ; 6.087 ; 5.817 ; 5.582 ; 5.357 ; 5.173 ; 5.008 ; 4.851 ; 4.736 ; 4.824 ; 5.275 ; 5.825 ; 6.380 ; 
34.494 ; 36.050 ; 37.599 ; 39.479 ; 40.431 ; 39.959 ; 39.150 ; 38.203 ; 37.257 ; 36.257 ; 35.369 ; 34.335 ; 33.506 ; 32.775 ; 31.752 ; 30.853 ; 30.771 ; 30.832 ; 31.020 ; 31.164 ; 30.731 ; 29.936 ; 29.136 ; 28.326 ; 27.614 ; 26.934 ; 26.213 ; 25.519 ; 24.754 ; 23.980 ; 23.336 ; 22.706 ; 22.137 ; 21.560 ; 20.956 ; 20.358 ; 19.834 ; 19.246 ; 18.717 ; 18.295 ; 17.814 ; 17.312 ; 16.840 ; 16.391 ; 15.984 ; 15.592 ; 15.161 ; 14.773 ; 14.400 ; 14.065 ; 13.735 ; 13.407 ; 13.132 ; 12.909 ; 12.681 ; 12.320 ; 11.796 ; 11.437 ; 11.182 ; 11.025 ; 10.895 ; 10.686 ; 10.475 ; 10.285 ; 10.107 ; 9.919 ; 9.716 ; 9.511 ; 9.356 ; 9.174 ; 8.974 ; 8.752 ; 8.519 ; 8.271 ; 8.008 ; 7.788 ; 7.518 ; 7.307 ; 7.132 ; 6.941 ; 6.734 ; 6.585 ; 6.399 ; 6.222 ; 6.060 ; 5.914 ; 5.723 ; 5.485 ; 5.215 ; 4.949 ; 4.748 ; 4.552 ; 4.393 ; 4.233 ; 4.084 ; 3.895 ; 4.318 ; 5.463 ; 6.264 ; 6.378 ; 
41.434 ; 41.116 ; 40.521 ; 39.876 ; 39.235 ; 38.562 ; 37.813 ; 37.044 ; 36.202 ; 35.313 ; 34.405 ; 33.666 ; 32.942 ; 32.133 ; 31.345 ; 31.268 ; 31.663 ; 32.075 ; 31.888 ; 31.161 ; 30.365 ; 29.508 ; 28.695 ; 27.998 ; 27.306 ; 26.724 ; 26.072 ; 25.399 ; 24.642 ; 23.923 ; 23.265 ; 22.679 ; 22.145 ; 21.560 ; 20.999 ; 20.505 ; 19.953 ; 19.384 ; 18.918 ; 18.497 ; 18.060 ; 17.567 ; 17.129 ; 16.689 ; 16.299 ; 15.929 ; 15.563 ; 15.194 ; 14.842 ; 14.529 ; 14.242 ; 13.942 ; 13.703 ; 13.492 ; 13.250 ; 13.035 ; 12.796 ; 12.374 ; 11.920 ; 11.603 ; 11.408 ; 11.239 ; 11.081 ; 10.896 ; 10.716 ; 10.565 ; 10.352 ; 10.181 ; 10.004 ; 9.828 ; 9.610 ; 9.405 ; 9.183 ; 8.923 ; 8.662 ; 8.414 ; 8.160 ; 7.931 ; 7.734 ; 7.543 ; 7.327 ; 7.154 ; 6.960 ; 6.793 ; 6.597 ; 6.404 ; 6.159 ; 5.905 ; 5.635 ; 5.383 ; 5.161 ; 4.906 ; 4.740 ; 4.587 ; 4.366 ; 4.419 ; 5.223 ; 6.283 ; 6.577 ; 6.501 ; 
41.685 ; 41.409 ; 40.882 ; 40.303 ; 39.721 ; 39.040 ; 38.305 ; 37.530 ; 36.755 ; 35.695 ; 34.969 ; 34.324 ; 33.518 ; 32.638 ; 32.457 ; 32.740 ; 33.058 ; 32.825 ; 32.201 ; 31.420 ; 30.645 ; 29.760 ; 29.000 ; 28.283 ; 27.599 ; 27.024 ; 26.320 ; 25.675 ; 24.901 ; 24.158 ; 23.547 ; 22.973 ; 22.383 ; 21.824 ; 21.218 ; 20.669 ; 20.099 ; 19.576 ; 19.149 ; 18.709 ; 18.212 ; 17.734 ; 17.266 ; 16.870 ; 16.477 ; 16.096 ; 15.701 ; 15.378 ; 15.023 ; 14.727 ; 14.435 ; 14.163 ; 13.919 ; 13.656 ; 13.436 ; 13.245 ; 13.044 ; 12.853 ; 12.665 ; 12.122 ; 11.631 ; 11.331 ; 11.138 ; 10.973 ; 10.800 ; 10.637 ; 10.448 ; 10.243 ; 10.080 ; 9.895 ; 9.702 ; 9.507 ; 9.243 ; 8.998 ; 8.745 ; 8.502 ; 8.246 ; 8.020 ; 7.838 ; 7.652 ; 7.443 ; 7.268 ; 7.068 ; 6.881 ; 6.724 ; 6.547 ; 6.289 ; 6.006 ; 5.699 ; 5.471 ; 5.287 ; 5.113 ; 5.088 ; 4.853 ; 4.387 ; 4.289 ; 5.256 ; 6.650 ; 6.928 ; 6.808 ; 
41.046 ; 40.704 ; 40.153 ; 39.602 ; 39.031 ; 38.353 ; 37.595 ; 36.834 ; 36.029 ; 35.165 ; 34.459 ; 33.656 ; 32.762 ; 32.361 ; 32.469 ; 32.701 ; 32.637 ; 32.164 ; 31.402 ; 30.593 ; 29.739 ; 28.815 ; 28.084 ; 27.411 ; 26.755 ; 26.148 ; 25.452 ; 24.794 ; 24.048 ; 23.295 ; 22.652 ; 22.082 ; 21.499 ; 20.915 ; 20.320 ; 19.779 ; 19.249 ; 18.788 ; 18.312 ; 17.861 ; 17.372 ; 16.905 ; 16.461 ; 16.039 ; 15.686 ; 15.330 ; 14.945 ; 14.652 ; 14.314 ; 14.019 ; 13.746 ; 13.463 ; 13.201 ; 12.990 ; 12.800 ; 12.630 ; 12.460 ; 12.274 ; 12.071 ; 11.822 ; 11.603 ; 11.207 ; 10.589 ; 10.288 ; 10.113 ; 9.985 ; 9.797 ; 9.630 ; 9.511 ; 9.336 ; 9.149 ; 8.943 ; 8.710 ; 8.512 ; 8.256 ; 8.014 ; 7.816 ; 7.633 ; 7.440 ; 7.268 ; 7.067 ; 6.878 ; 6.712 ; 6.558 ; 6.386 ; 6.166 ; 5.921 ; 5.671 ; 5.401 ; 5.167 ; 5.009 ; 4.885 ; 4.871 ; 4.419 ; 3.980 ; 4.700 ; 6.475 ; 6.992 ; 6.908 ; 6.665 ; 
40.756 ; 40.524 ; 40.065 ; 39.572 ; 38.933 ; 38.282 ; 37.493 ; 36.733 ; 35.977 ; 35.465 ; 34.740 ; 33.788 ; 33.361 ; 33.337 ; 33.342 ; 33.338 ; 32.932 ; 32.291 ; 31.494 ; 30.669 ; 29.825 ; 28.977 ; 28.225 ; 27.606 ; 26.956 ; 26.297 ; 25.636 ; 25.072 ; 24.400 ; 23.642 ; 22.973 ; 22.372 ; 21.783 ; 21.197 ; 20.640 ; 20.085 ; 19.523 ; 19.074 ; 18.635 ; 18.231 ; 17.770 ; 17.245 ; 16.824 ; 16.443 ; 16.066 ; 15.725 ; 15.372 ; 15.078 ; 14.744 ; 14.486 ; 14.198 ; 13.929 ; 13.693 ; 13.456 ; 13.251 ; 13.085 ; 12.941 ; 12.766 ; 12.575 ; 12.370 ; 12.134 ; 11.860 ; 11.337 ; 10.746 ; 10.497 ; 10.368 ; 10.191 ; 10.039 ; 9.879 ; 9.702 ; 9.507 ; 9.278 ; 9.042 ; 8.846 ; 8.606 ; 8.382 ; 8.171 ; 7.952 ; 7.744 ; 7.548 ; 7.336 ; 7.136 ; 6.911 ; 6.731 ; 6.539 ; 6.292 ; 6.026 ; 5.770 ; 5.497 ; 5.284 ; 5.137 ; 5.013 ; 4.878 ; 4.431 ; 4.284 ; 5.479 ; 6.863 ; 7.126 ; 6.896 ; 6.614 ; 
41.407 ; 41.199 ; 40.808 ; 40.293 ; 39.642 ; 38.946 ; 38.273 ; 37.455 ; 36.886 ; 36.307 ; 35.425 ; 34.784 ; 34.663 ; 34.555 ; 34.359 ; 34.176 ; 33.591 ; 32.851 ; 31.973 ; 31.105 ; 30.246 ; 29.399 ; 28.668 ; 27.982 ; 27.296 ; 26.656 ; 26.012 ; 25.340 ; 24.658 ; 23.921 ; 23.238 ; 22.595 ; 21.991 ; 21.392 ; 20.768 ; 20.194 ; 19.677 ; 19.215 ; 18.751 ; 18.316 ; 17.819 ; 17.378 ; 16.968 ; 16.554 ; 16.173 ; 15.835 ; 15.526 ; 15.211 ; 14.897 ; 14.630 ; 14.347 ; 14.085 ; 13.849 ; 13.670 ; 13.526 ; 13.337 ; 13.137 ; 12.969 ; 12.784 ; 12.610 ; 12.364 ; 12.115 ; 11.666 ; 11.090 ; 10.715 ; 10.541 ; 10.360 ; 10.200 ; 10.028 ; 9.855 ; 9.647 ; 9.446 ; 9.238 ; 9.018 ; 8.788 ; 8.600 ; 8.378 ; 8.166 ; 7.956 ; 7.770 ; 7.529 ; 7.279 ; 7.074 ; 6.890 ; 6.674 ; 6.426 ; 6.156 ; 5.879 ; 5.631 ; 5.453 ; 5.290 ; 5.198 ; 5.128 ; 4.779 ; 4.986 ; 6.246 ; 7.144 ; 7.231 ; 6.966 ; 6.696 ; 
39.938 ; 39.683 ; 39.234 ; 38.658 ; 37.987 ; 37.247 ; 36.670 ; 36.186 ; 35.528 ; 34.715 ; 34.108 ; 34.012 ; 33.914 ; 33.648 ; 33.414 ; 32.971 ; 32.281 ; 31.577 ; 30.795 ; 30.018 ; 29.159 ; 28.404 ; 27.743 ; 27.121 ; 26.501 ; 25.899 ; 25.292 ; 24.655 ; 23.966 ; 23.359 ; 22.700 ; 22.067 ; 21.432 ; 20.768 ; 20.109 ; 19.587 ; 19.086 ; 18.644 ; 18.134 ; 17.708 ; 17.211 ; 16.757 ; 16.336 ; 15.894 ; 15.475 ; 15.072 ; 14.715 ; 14.412 ; 14.064 ; 13.758 ; 13.424 ; 13.123 ; 12.871 ; 12.663 ; 12.437 ; 12.259 ; 12.093 ; 11.904 ; 11.760 ; 11.580 ; 11.371 ; 11.092 ; 10.841 ; 10.522 ; 10.022 ; 9.628 ; 9.422 ; 9.286 ; 9.145 ; 9.010 ; 8.848 ; 8.697 ; 8.492 ; 8.271 ; 8.075 ; 7.860 ; 7.671 ; 7.474 ; 7.249 ; 7.083 ; 6.846 ; 6.570 ; 6.343 ; 6.151 ; 5.914 ; 5.668 ; 5.407 ; 5.153 ; 4.925 ; 4.783 ; 4.642 ; 4.533 ; 4.398 ; 4.321 ; 4.364 ; 5.543 ; 6.415 ; 6.494 ; 6.320 ; 6.110 ; 
40.876 ; 40.710 ; 40.205 ; 39.585 ; 38.942 ; 38.316 ; 37.682 ; 37.019 ; 36.202 ; 35.461 ; 35.178 ; 35.077 ; 34.740 ; 34.378 ; 33.963 ; 33.365 ; 32.576 ; 31.738 ; 30.886 ; 29.995 ; 29.205 ; 28.383 ; 27.676 ; 27.000 ; 26.297 ; 25.656 ; 24.997 ; 24.306 ; 23.631 ; 22.861 ; 22.192 ; 21.560 ; 20.911 ; 20.280 ; 19.663 ; 19.147 ; 18.715 ; 18.239 ; 17.785 ; 17.368 ; 16.944 ; 16.579 ; 16.206 ; 15.808 ; 15.452 ; 15.075 ; 14.755 ; 14.474 ; 14.172 ; 13.923 ; 13.672 ; 13.420 ; 13.204 ; 13.024 ; 12.861 ; 12.702 ; 12.572 ; 12.417 ; 12.290 ; 12.145 ; 11.949 ; 11.689 ; 11.440 ; 11.240 ; 10.881 ; 10.269 ; 9.900 ; 9.696 ; 9.549 ; 9.384 ; 9.223 ; 9.060 ; 8.852 ; 8.656 ; 8.440 ; 8.219 ; 8.013 ; 7.787 ; 7.546 ; 7.362 ; 7.101 ; 6.847 ; 6.617 ; 6.415 ; 6.177 ; 5.890 ; 5.609 ; 5.383 ; 5.176 ; 5.002 ; 4.901 ; 4.805 ; 4.705 ; 4.589 ; 4.732 ; 5.994 ; 6.555 ; 6.587 ; 6.377 ; 6.089 ; 
41.157 ; 41.037 ; 40.763 ; 39.940 ; 39.314 ; 38.719 ; 37.983 ; 37.326 ; 36.674 ; 36.336 ; 36.168 ; 35.918 ; 35.510 ; 35.126 ; 34.617 ; 33.924 ; 33.120 ; 32.308 ; 31.449 ; 30.687 ; 29.878 ; 29.117 ; 28.443 ; 27.778 ; 27.060 ; 26.396 ; 25.789 ; 25.070 ; 24.371 ; 23.649 ; 22.958 ; 22.241 ; 21.518 ; 20.836 ; 20.207 ; 19.630 ; 19.116 ; 18.608 ; 18.128 ; 17.675 ; 17.230 ; 16.764 ; 16.316 ; 15.863 ; 15.446 ; 15.069 ; 14.681 ; 14.353 ; 14.014 ; 13.714 ; 13.430 ; 13.149 ; 12.886 ; 12.714 ; 12.496 ; 12.313 ; 12.127 ; 11.895 ; 11.694 ; 11.449 ; 11.230 ; 10.943 ; 10.698 ; 10.470 ; 10.187 ; 9.648 ; 9.137 ; 8.789 ; 8.575 ; 8.428 ; 8.266 ; 8.068 ; 7.813 ; 7.583 ; 7.364 ; 7.132 ; 6.857 ; 6.617 ; 6.375 ; 6.155 ; 5.898 ; 5.652 ; 5.438 ; 5.189 ; 4.916 ; 4.692 ; 4.444 ; 4.229 ; 4.042 ; 3.900 ; 3.799 ; 3.695 ; 3.652 ; 3.519 ; 4.053 ; 5.178 ; 5.649 ; 5.652 ; 5.497 ; 5.328 ; 
49.820 ; 49.805 ; 49.819 ; 49.813 ; 49.822 ; 49.815 ; 49.811 ; 49.811 ; 49.819 ; 49.813 ; 49.820 ; 49.823 ; 49.821 ; 49.815 ; 49.811 ; 49.816 ; 49.822 ; 49.817 ; 49.823 ; 49.819 ; 49.821 ; 49.802 ; 49.815 ; 49.817 ; 49.823 ; 49.825 ; 49.821 ; 49.813 ; 49.817 ; 49.810 ; 49.821 ; 49.819 ; 49.815 ; 49.815 ; 49.815 ; 49.809 ; 49.816 ; 49.820 ; 49.820 ; 49.808 ; 49.814 ; 49.817 ; 49.823 ; 49.809 ; 49.810 ; 49.820 ; 49.827 ; 49.819 ; 49.816 ; 49.817 ; 49.820 ; 49.820 ; 49.819 ; 49.822 ; 49.814 ; 49.816 ; 49.809 ; 49.811 ; 49.815 ; 49.816 ; 49.811 ; 49.814 ; 49.819 ; 49.826 ; 49.814 ; 49.828 ; 49.809 ; 49.813 ; 49.817 ; 49.823 ; 49.827 ; 49.820 ; 49.808 ; 49.822 ; 49.814 ; 49.820 ; 49.815 ; 49.815 ; 49.820 ; 49.814 ; 49.815 ; 49.813 ; 49.821 ; 49.813 ; 49.817 ; 49.820 ; 49.829 ; 49.813 ; 49.819 ; 49.813 ; 49.817 ; 49.822 ; 49.821 ; 49.823 ; 49.816 ; 49.823 ; 49.815 ; 49.823 ; 49.814 ; 49.822 ; 
49.807 ; 49.816 ; 49.810 ; 49.822 ; 49.815 ; 49.821 ; 49.828 ; 49.820 ; 49.814 ; 49.807 ; 49.820 ; 49.810 ; 49.822 ; 49.821 ; 49.822 ; 49.822 ; 49.814 ; 49.820 ; 49.816 ; 49.820 ; 49.814 ; 49.821 ; 49.817 ; 49.819 ; 49.827 ; 49.814 ; 49.821 ; 49.822 ; 49.817 ; 49.820 ; 49.823 ; 49.819 ; 49.816 ; 49.822 ; 49.821 ; 49.816 ; 49.823 ; 49.825 ; 49.815 ; 49.827 ; 49.832 ; 49.816 ; 49.814 ; 49.811 ; 49.816 ; 49.819 ; 49.817 ; 49.820 ; 49.816 ; 49.810 ; 49.814 ; 49.816 ; 49.821 ; 49.819 ; 49.805 ; 49.826 ; 49.820 ; 49.823 ; 49.822 ; 49.822 ; 49.826 ; 49.829 ; 49.816 ; 49.825 ; 49.826 ; 49.813 ; 49.816 ; 49.821 ; 49.817 ; 49.816 ; 49.823 ; 49.807 ; 49.815 ; 49.815 ; 49.815 ; 49.814 ; 49.823 ; 49.817 ; 49.816 ; 49.820 ; 49.815 ; 49.819 ; 49.822 ; 49.828 ; 49.823 ; 49.817 ; 49.821 ; 49.822 ; 49.814 ; 49.829 ; 49.819 ; 49.820 ; 49.828 ; 49.815 ; 49.810 ; 49.821 ; 49.826 ; 49.815 ; 49.817 ; 49.817 ; 
49.822 ; 49.814 ; 49.811 ; 49.821 ; 49.813 ; 49.816 ; 49.820 ; 49.816 ; 49.811 ; 49.814 ; 49.813 ; 49.819 ; 49.809 ; 49.820 ; 49.819 ; 49.820 ; 49.813 ; 49.831 ; 49.820 ; 49.817 ; 49.813 ; 49.822 ; 49.825 ; 49.823 ; 49.811 ; 49.819 ; 49.819 ; 49.816 ; 49.813 ; 49.814 ; 49.817 ; 49.828 ; 49.815 ; 49.822 ; 49.821 ; 49.821 ; 49.822 ; 49.832 ; 49.831 ; 49.809 ; 49.808 ; 49.810 ; 49.817 ; 49.815 ; 49.811 ; 49.820 ; 49.817 ; 49.815 ; 49.829 ; 49.819 ; 49.822 ; 49.823 ; 49.819 ; 49.821 ; 49.810 ; 49.814 ; 49.816 ; 49.820 ; 49.821 ; 49.823 ; 49.819 ; 49.817 ; 49.817 ; 49.811 ; 49.816 ; 49.823 ; 49.817 ; 49.821 ; 49.811 ; 49.821 ; 49.825 ; 49.821 ; 49.826 ; 49.831 ; 49.813 ; 49.817 ; 49.815 ; 49.813 ; 49.817 ; 49.809 ; 49.814 ; 49.815 ; 49.826 ; 49.826 ; 49.825 ; 49.819 ; 49.816 ; 49.811 ; 49.817 ; 49.819 ; 49.823 ; 49.813 ; 49.823 ; 49.822 ; 49.814 ; 49.819 ; 49.816 ; 49.815 ; 49.823 ; 49.807 ; 
49.819 ; 49.817 ; 49.819 ; 49.817 ; 49.819 ; 49.815 ; 49.821 ; 49.813 ; 49.815 ; 49.814 ; 49.829 ; 49.817 ; 49.815 ; 49.807 ; 49.819 ; 49.817 ; 49.821 ; 49.820 ; 49.821 ; 49.809 ; 49.827 ; 49.816 ; 49.815 ; 49.826 ; 49.826 ; 49.811 ; 49.816 ; 49.825 ; 49.823 ; 49.823 ; 49.821 ; 49.817 ; 49.819 ; 49.820 ; 49.811 ; 49.825 ; 49.825 ; 49.813 ; 49.831 ; 49.821 ; 49.817 ; 49.815 ; 49.826 ; 49.822 ; 49.814 ; 49.822 ; 49.817 ; 49.820 ; 49.819 ; 49.808 ; 49.820 ; 49.822 ; 49.829 ; 49.826 ; 49.821 ; 49.815 ; 49.823 ; 49.819 ; 49.814 ; 49.817 ; 49.817 ; 49.827 ; 49.816 ; 49.828 ; 49.820 ; 49.827 ; 49.815 ; 49.820 ; 49.826 ; 49.823 ; 49.827 ; 49.813 ; 49.827 ; 49.825 ; 49.820 ; 49.819 ; 49.820 ; 49.820 ; 49.815 ; 49.805 ; 49.823 ; 49.822 ; 49.819 ; 49.820 ; 49.825 ; 49.816 ; 49.811 ; 49.816 ; 49.817 ; 49.815 ; 49.819 ; 49.814 ; 49.816 ; 49.816 ; 49.825 ; 49.815 ; 49.827 ; 49.822 ; 49.819 ; 49.817 ; 
49.816 ; 49.814 ; 49.820 ; 49.813 ; 49.815 ; 49.815 ; 49.809 ; 49.820 ; 49.821 ; 49.814 ; 49.816 ; 49.825 ; 49.822 ; 49.815 ; 49.813 ; 49.815 ; 49.814 ; 49.816 ; 49.821 ; 49.822 ; 49.819 ; 49.822 ; 49.832 ; 49.829 ; 49.817 ; 49.817 ; 49.815 ; 49.811 ; 49.827 ; 49.821 ; 49.816 ; 49.813 ; 49.820 ; 49.810 ; 49.820 ; 49.817 ; 49.817 ; 49.823 ; 49.819 ; 49.815 ; 49.823 ; 49.822 ; 49.828 ; 49.817 ; 49.816 ; 49.825 ; 49.810 ; 49.825 ; 49.817 ; 49.816 ; 49.827 ; 49.821 ; 49.814 ; 49.815 ; 49.825 ; 49.828 ; 49.821 ; 49.820 ; 49.816 ; 49.810 ; 49.821 ; 49.820 ; 49.808 ; 49.826 ; 49.816 ; 49.820 ; 49.817 ; 49.816 ; 49.816 ; 49.817 ; 49.819 ; 49.820 ; 49.825 ; 49.815 ; 49.816 ; 49.816 ; 49.820 ; 49.816 ; 49.825 ; 49.813 ; 49.822 ; 49.820 ; 49.825 ; 49.817 ; 49.816 ; 49.822 ; 49.816 ; 49.823 ; 49.816 ; 49.815 ; 49.809 ; 49.827 ; 49.823 ; 49.810 ; 49.816 ; 49.821 ; 49.823 ; 49.820 ; 49.808 ; 49.825 ; 
49.816 ; 49.819 ; 49.816 ; 49.827 ; 49.816 ; 49.825 ; 49.822 ; 49.820 ; 49.810 ; 49.813 ; 49.822 ; 49.817 ; 49.819 ; 49.811 ; 49.817 ; 49.817 ; 49.821 ; 49.816 ; 49.820 ; 49.820 ; 49.819 ; 49.819 ; 49.827 ; 49.816 ; 49.811 ; 49.821 ; 49.814 ; 49.819 ; 49.822 ; 49.822 ; 49.819 ; 49.822 ; 49.821 ; 49.823 ; 49.810 ; 49.821 ; 49.814 ; 49.829 ; 49.814 ; 49.816 ; 49.825 ; 49.815 ; 49.816 ; 49.819 ; 49.811 ; 49.809 ; 49.817 ; 49.817 ; 49.828 ; 49.826 ; 49.820 ; 49.809 ; 49.817 ; 49.821 ; 49.821 ; 49.822 ; 49.817 ; 49.819 ; 49.821 ; 49.821 ; 49.822 ; 49.816 ; 49.822 ; 49.815 ; 49.823 ; 49.822 ; 49.808 ; 49.813 ; 49.829 ; 49.819 ; 49.821 ; 49.819 ; 49.825 ; 49.816 ; 49.815 ; 49.816 ; 49.817 ; 49.815 ; 49.823 ; 49.813 ; 49.821 ; 49.816 ; 49.827 ; 49.827 ; 49.813 ; 49.817 ; 49.823 ; 49.820 ; 49.823 ; 49.823 ; 49.811 ; 49.825 ; 49.813 ; 49.819 ; 49.827 ; 49.823 ; 49.829 ; 49.820 ; 49.819 ; 49.811 ; 
49.823 ; 49.823 ; 49.816 ; 49.820 ; 49.820 ; 49.819 ; 49.813 ; 49.815 ; 49.816 ; 49.825 ; 49.827 ; 49.811 ; 49.821 ; 49.823 ; 49.825 ; 49.808 ; 49.819 ; 49.826 ; 49.809 ; 49.810 ; 49.831 ; 49.817 ; 49.817 ; 49.816 ; 49.817 ; 49.816 ; 49.816 ; 49.822 ; 49.809 ; 49.807 ; 49.811 ; 49.809 ; 49.823 ; 49.815 ; 49.828 ; 49.813 ; 49.825 ; 49.827 ; 49.834 ; 49.816 ; 49.821 ; 49.817 ; 49.814 ; 49.819 ; 49.821 ; 49.813 ; 49.811 ; 49.821 ; 49.816 ; 49.825 ; 49.825 ; 49.809 ; 49.827 ; 49.808 ; 49.813 ; 49.814 ; 49.805 ; 49.822 ; 49.816 ; 49.817 ; 49.810 ; 49.811 ; 49.815 ; 49.809 ; 49.815 ; 49.810 ; 49.819 ; 49.829 ; 49.817 ; 49.822 ; 49.820 ; 49.825 ; 49.809 ; 49.828 ; 49.831 ; 49.821 ; 49.829 ; 49.810 ; 49.810 ; 49.814 ; 49.814 ; 49.828 ; 49.823 ; 49.807 ; 49.815 ; 49.821 ; 49.813 ; 49.822 ; 49.821 ; 49.811 ; 49.820 ; 49.821 ; 49.816 ; 49.823 ; 49.819 ; 49.811 ; 49.811 ; 49.810 ; 49.813 ; 49.814 ; 
